date,item_name,category,quantity_wasted,waste_reason,cost_per_item,total_waste_cost,month,month_name
2023-02-08,BFF (Better French fries) Large (sour cream),Mini Bites,2,Over-prepared,28.0,56.0,2.0,February
2023-02-08,simple milk tea ,Sans Coffee,3,Spoiled,28.0,84.0,2.0,February
2023-02-08,matcha espresso fusion  (iced),Signature Kôfē,1,Over-prepared,35.0,35.0,2.0,February
2023-02-08,French fries Spicy barbecue  (large ),Mini Bites,2,Expired,30.0,60.0,2.0,February
2023-02-09,Whipped Americano,Signature Kôfē,1,Over-prepared,36.0,36.0,2.0,February
2023-02-09,oreo overload Frappe ,Kôfē Frappé,3,Expired,37.0,111.0,2.0,February
2023-02-09,Iced honey shaken espresso ,Signature Kôfē,1,Over-prepared,36.0,36.0,2.0,February
2023-02-10,Chiz melt  (bacon),Mini Bites,3,Expired,28.0,84.0,2.0,February
2023-02-10,French fries plain (large),Mini Bites,1,Over-prepared,90.0,90.0,2.0,February
2023-02-10,BFF (Better French fries)medium  ( cheese ),Mini Bites,3,Spoiled,16.0,48.0,2.0,February
2023-02-11,Ramen (regular),Mini Bites,1,Over-prepared,17.0,17.0,2.0,February
2023-02-11,Strawberry Reverie ,Sans Coffee,1,Expired,39.0,39.0,2.0,February
2023-02-11,hot citron tea,Sans Coffee,2,Over-prepared,22.0,44.0,2.0,February
2023-02-11,Belgian waffle  (peanut butter ),Sans Coffee,2,Expired,25.0,50.0,2.0,February
2023-02-11,caramel macchiato (hot),Coffee Based,1,Spoiled,42.0,42.0,2.0,February
2023-02-12,FFFF (plain with catsup medium),Sans Coffee,2,Quality issue,8.0,16.0,2.0,February
2023-02-12,matcha Supreme latte (iced),Sans Coffee,3,Quality issue,35.0,105.0,2.0,February
2023-02-12,white mocha  (hot),Coffee Based,3,Expired,32.0,96.0,2.0,February
2023-02-12,Chicken wings (1 dozen),Mini Bites,2,Spoiled,165.0,330.0,2.0,February
2023-02-13,FFFF (large sc),Sans Coffee,1,Quality issue,18.0,18.0,2.0,February
2023-02-13,BFF (Better French fries) Large (cheese),Mini Bites,1,Expired,30.0,30.0,2.0,February
2023-02-13,Overload lomi (malabnaw),Mini Bites,2,Spoiled,99.0,198.0,2.0,February
2023-02-13,hot creamy barako,Sans Coffee,2,Quality issue,19.0,38.0,2.0,February
2023-02-14,the super charged (25% more coffee)  (iced),Sans Coffee,3,Over-prepared,34.0,102.0,2.0,February
2023-02-14,drip coffee (8 bags/pouch) (barako),Sans Coffee,2,Expired,37.0,74.0,2.0,February
2023-02-14,FFFF (plain with catsup medium),Sans Coffee,2,Quality issue,8.0,16.0,2.0,February
2023-02-14,French fries plain (large),Mini Bites,2,Over-prepared,90.0,180.0,2.0,February
2023-02-15,drip coffee (8 bags/pouch) (arabica),Sans Coffee,2,Quality issue,62.0,124.0,2.0,February
2023-02-15,Choco caramel decadence,Sans Coffee,2,Expired,45.0,90.0,2.0,February
2023-02-15,Add_on (seaweeds),Sans Coffee,1,Over-prepared,8.0,8.0,2.0,February
2023-02-15,Belgian waffle  (peanut butter ),Sans Coffee,2,Over-prepared,25.0,50.0,2.0,February
2023-02-16,Strawberry Reverie ,Sans Coffee,3,Spoiled,39.0,117.0,2.0,February
2023-02-16,Add_on (cheese),Sans Coffee,2,Quality issue,12.0,24.0,2.0,February
2023-02-16,BFF (Better French fries) Large (bbq),Mini Bites,2,Quality issue,28.0,56.0,2.0,February
2023-02-17,Chicken pops (bbq),Mini Bites,3,Expired,50.0,150.0,2.0,February
2023-02-17,super mocha ,Kôfē Frappé,3,Over-prepared,38.0,114.0,2.0,February
2023-02-17,Sinagtala lomi 20 pax,Mini Bites,1,Expired,360.0,360.0,2.0,February
2023-02-17,caramel macchiato (hot),Coffee Based,3,Over-prepared,42.0,126.0,2.0,February
2023-02-18,white mocha  (iced),Coffee Based,1,Spoiled,35.0,35.0,2.0,February
2023-02-18,Overload lomi (malabnaw),Mini Bites,2,Over-prepared,99.0,198.0,2.0,February
2023-02-18,mango banana milk shake ,Kôfē Frappé,1,Expired,35.0,35.0,2.0,February
2023-02-18,Belgian waffle  (strawberry chocolate ),Sans Coffee,1,Over-prepared,27.0,27.0,2.0,February
2023-02-19,FFFF (large bbq),Sans Coffee,1,Expired,18.0,18.0,2.0,February
2023-02-19,FFFF (plain with catsup medium),Sans Coffee,1,Spoiled,8.0,8.0,2.0,February
2023-02-19,Chicken wings (3pcs),Mini Bites,1,Spoiled,45.0,45.0,2.0,February
2023-02-19,Chicken fillet,Mini Bites,2,Over-prepared,45.0,90.0,2.0,February
2023-02-19,white mocha (iced),Coffee Based,2,Over-prepared,45.0,90.0,2.0,February
2023-02-20,Chiz melt  (ham),Mini Bites,1,Expired,26.0,26.0,2.0,February
2023-02-20,BFF (Better French fries) Large (bbq),Mini Bites,2,Over-prepared,28.0,56.0,2.0,February
2023-02-20,Chicken wings (3pcs),Mini Bites,1,Over-prepared,45.0,45.0,2.0,February
2023-02-21,iced creamy barako,Sans Coffee,1,Over-prepared,24.0,24.0,2.0,February
2023-02-21,Ramen (regular),Mini Bites,1,Quality issue,17.0,17.0,2.0,February
2023-02-21,BFF (Better French fries)medium  (sour cream),Mini Bites,2,Spoiled,16.0,32.0,2.0,February
2023-02-22,brownie,Sans Coffee,2,Over-prepared,21.0,42.0,2.0,February
2023-02-22,BFF (Better French fries) Large (bbq),Mini Bites,2,Over-prepared,28.0,56.0,2.0,February
2023-02-22,BFF (Better French fries) Large (sour cream),Mini Bites,2,Expired,28.0,56.0,2.0,February
2023-02-23,sparkling berry,Sans Coffee,1,Expired,31.0,31.0,2.0,February
2023-02-23,Extra Rice,Sans Coffee,1,Over-prepared,5.0,5.0,2.0,February
2023-02-23,americano (hot),Coffee Based,1,Over-prepared,26.0,26.0,2.0,February
2023-02-24,simple milk tea ,Sans Coffee,2,Over-prepared,28.0,56.0,2.0,February
2023-02-24,French fries plain (large),Mini Bites,1,Expired,90.0,90.0,2.0,February
2023-02-24,kofetala special blend ,Sans Coffee,1,Spoiled,34.0,34.0,2.0,February
2023-02-25,mocha (iced),Coffee Based,1,Over-prepared,35.0,35.0,2.0,February
2023-02-25,Add_on (ham),Sans Coffee,1,Over-prepared,15.0,15.0,2.0,February
2023-02-25,brownie,Sans Coffee,2,Quality issue,21.0,42.0,2.0,February
2023-02-25,matcha Supreme latte (iced),Sans Coffee,3,Over-prepared,35.0,105.0,2.0,February
2023-02-25,iced creamy barako,Sans Coffee,1,Over-prepared,24.0,24.0,2.0,February
2023-02-26, latte ,Coffee Based,1,Over-prepared,29.0,29.0,2.0,February
2023-02-26,Overload lomi (malapot),Mini Bites,3,Quality issue,99.0,297.0,2.0,February
2023-02-26,Choco caramel decadence,Sans Coffee,2,Spoiled,45.0,90.0,2.0,February
2023-02-26,latte,Coffee Based,1,Expired,42.0,42.0,2.0,February
2023-02-27,hot creamy barako,Sans Coffee,1,Over-prepared,19.0,19.0,2.0,February
2023-02-27,Chiz melt  (ham),Mini Bites,2,Spoiled,26.0,52.0,2.0,February
2023-02-27,drip coffee (8 bags/pouch) (arabica),Sans Coffee,1,Quality issue,62.0,62.0,2.0,February
2023-02-27,kofetala special blend ,Sans Coffee,3,Over-prepared,34.0,102.0,2.0,February
2023-02-28,Drip coffee  (barako),Sans Coffee,3,Over-prepared,17.0,51.0,2.0,February
2023-02-28,the super charged (25% more coffee)  (iced),Sans Coffee,3,Over-prepared,34.0,102.0,2.0,February
2023-02-28,americano (hot),Coffee Based,1,Expired,26.0,26.0,2.0,February
2023-03-01,FFFF (med sc),Sans Coffee,2,Over-prepared,8.0,16.0,3.0,March
2023-03-01,Chicken wings (half dozen),Mini Bites,2,Spoiled,82.0,164.0,3.0,March
2023-03-01,Product Name (special a),Sans Coffee,2,Spoiled,41.0,82.0,3.0,March
2023-03-01,americano (iced),Coffee Based,2,Over-prepared,28.0,56.0,3.0,March
2023-03-02,BFF (Better French fries) Large (sour cream),Mini Bites,3,Over-prepared,28.0,84.0,3.0,March
2023-03-02,matcha Supreme latte (hot),Sans Coffee,1,Over-prepared,32.0,32.0,3.0,March
2023-03-02,matcha espresso fusion  (iced),Signature Kôfē,3,Over-prepared,35.0,105.0,3.0,March
2023-03-03,the super charged (25% more coffee)  (hot),Sans Coffee,2,Quality issue,31.0,62.0,3.0,March
2023-03-03,BFF (Better French fries) Large (cheese ),Mini Bites,2,Over-prepared,28.0,56.0,3.0,March
2023-03-03,Drip coffee  (barako),Sans Coffee,2,Over-prepared,17.0,34.0,3.0,March
2023-03-04,Choco caramel decadence,Sans Coffee,3,Spoiled,45.0,135.0,3.0,March
2023-03-04,FFFF (plain with catsup medium),Sans Coffee,2,Spoiled,8.0,16.0,3.0,March
2023-03-04,white mocha (iced),Coffee Based,1,Spoiled,45.0,45.0,3.0,March
2023-03-04,mocha (hot),Coffee Based,1,Over-prepared,31.0,31.0,3.0,March
2023-03-05,Add_on (kimchi),Sans Coffee,3,Expired,15.0,45.0,3.0,March
2023-03-05,Product Name (special b),Sans Coffee,3,Expired,46.0,138.0,3.0,March
2023-03-05,Whipped Americano,Signature Kôfē,1,Expired,36.0,36.0,3.0,March
2023-03-05,BFF (Better French fries)medium  ( cheese ),Mini Bites,2,Spoiled,16.0,32.0,3.0,March
2023-03-05,BFF (Better French fries)medium  (bbq ),Mini Bites,1,Spoiled,16.0,16.0,3.0,March
2023-03-06,FFFF (med sc),Sans Coffee,2,Over-prepared,8.0,16.0,3.0,March
2023-03-06,BFF (Better French fries)medium  (large),Mini Bites,3,Over-prepared,27.0,81.0,3.0,March
2023-03-06,Add_on (egg),Sans Coffee,3,Over-prepared,10.0,30.0,3.0,March
2023-03-06,Add_on (seaweeds),Sans Coffee,2,Over-prepared,8.0,16.0,3.0,March
2023-03-07,Spanish latte (iced),Coffee Based,2,Over-prepared,32.0,64.0,3.0,March
2023-03-07,brownie,Sans Coffee,2,Expired,21.0,42.0,3.0,March
2023-03-07,drip coffee (8 bags/pouch) (arabica),Sans Coffee,1,Expired,62.0,62.0,3.0,March
2023-03-08,Spanish latte (hot),Coffee Based,3,Spoiled,29.0,87.0,3.0,March
2023-03-08,americano (iced),Coffee Based,2,Quality issue,28.0,56.0,3.0,March
2023-03-08,Cookies ,Sans Coffee,3,Spoiled,18.0,54.0,3.0,March
2023-03-08,dalgona ,Signature Kôfē,1,Quality issue,32.0,32.0,3.0,March
2023-03-09,white mocha  (hot),Coffee Based,3,Over-prepared,32.0,96.0,3.0,March
2023-03-09,Brownies ,Sans Coffee,3,Over-prepared,21.0,63.0,3.0,March
2023-03-09,matcha Supreme latte (hot),Sans Coffee,3,Spoiled,32.0,96.0,3.0,March
2023-03-09,Cookies ,Sans Coffee,1,Over-prepared,18.0,18.0,3.0,March
2023-03-10,Cookies ,Sans Coffee,2,Over-prepared,18.0,36.0,3.0,March
2023-03-10,FFFF (large bbq),Sans Coffee,3,Expired,18.0,54.0,3.0,March
2023-03-10,caramel macchiato  (iced),Coffee Based,3,Expired,35.0,105.0,3.0,March
2023-03-10,Chicken wings (3pcs),Mini Bites,1,Over-prepared,45.0,45.0,3.0,March
2023-03-11,French fries plain (large),Mini Bites,2,Over-prepared,90.0,180.0,3.0,March
2023-03-11,Chiz melt  (spam lite),Mini Bites,3,Spoiled,27.0,81.0,3.0,March
2023-03-11,brownie,Sans Coffee,1,Over-prepared,21.0,21.0,3.0,March
2023-03-11,Product Name (special a),Sans Coffee,1,Over-prepared,41.0,41.0,3.0,March
2023-03-11,BFF (Better French fries)medium  (sour cream),Mini Bites,3,Quality issue,16.0,48.0,3.0,March
2023-03-12,matcha espresso fusion  (iced),Signature Kôfē,2,Over-prepared,35.0,70.0,3.0,March
2023-03-12,mocha (hot),Coffee Based,3,Expired,31.0,93.0,3.0,March
2023-03-12,americano (hot),Coffee Based,3,Over-prepared,26.0,78.0,3.0,March
2023-03-12,Coffee Syphon (arabica),Sans Coffee,1,Spoiled,30.0,30.0,3.0,March
2023-03-12,Add_on (seaweeds),Sans Coffee,1,Over-prepared,8.0,8.0,3.0,March
2023-03-13,Brownies ,Sans Coffee,2,Over-prepared,21.0,42.0,3.0,March
2023-03-13,caramel macchiato (iced),Coffee Based,1,Spoiled,45.0,45.0,3.0,March
2023-03-13,Sinagtala lomi 20 pax,Mini Bites,1,Spoiled,360.0,360.0,3.0,March
2023-03-13,Overload lomi (malabnaw),Mini Bites,1,Quality issue,99.0,99.0,3.0,March
2023-03-14, latte ,Coffee Based,3,Spoiled,29.0,87.0,3.0,March
2023-03-14,FFFF (med sc),Sans Coffee,3,Expired,8.0,24.0,3.0,March
2023-03-14,white mocha (hot),Coffee Based,3,Expired,42.0,126.0,3.0,March
2023-03-14,Add_on (egg),Sans Coffee,2,Over-prepared,10.0,20.0,3.0,March
2023-03-15,matcha espresso fusion  (hot),Signature Kôfē,3,Expired,32.0,96.0,3.0,March
2023-03-15,strawberry latte,Sans Coffee,1,Expired,36.0,36.0,3.0,March
2023-03-15,premium barako,Sans Coffee,1,Over-prepared,15.0,15.0,3.0,March
2023-03-15,Add_on (egg),Sans Coffee,3,Spoiled,10.0,30.0,3.0,March
2023-03-16,Product Name (special a),Sans Coffee,2,Quality issue,41.0,82.0,3.0,March
2023-03-16,premium barako,Sans Coffee,2,Over-prepared,15.0,30.0,3.0,March
2023-03-16,caramel macchiato (iced),Coffee Based,2,Spoiled,45.0,90.0,3.0,March
2023-03-16,BFF (Better French fries)medium  (medium ),Mini Bites,2,Expired,15.0,30.0,3.0,March
2023-03-17, latte ,Coffee Based,4,Expired,29.0,116.0,3.0,March
2023-03-17,BFF (Better French fries) Large (sour cream),Mini Bites,2,Expired,28.0,56.0,3.0,March
2023-03-17,hot cocoa latte ,Sans Coffee,3,Over-prepared,32.0,96.0,3.0,March
2023-03-17,BFF (Better French fries) Large (cheese),Mini Bites,1,Expired,30.0,30.0,3.0,March
2023-03-18,street food sampler (large),Sans Coffee,3,Over-prepared,28.0,84.0,3.0,March
2023-03-18,iced premium barako,Sans Coffee,1,Over-prepared,21.0,21.0,3.0,March
2023-03-18,iced creamy barako,Sans Coffee,2,Over-prepared,24.0,48.0,3.0,March
2023-03-18,hot citron tea,Sans Coffee,1,Over-prepared,22.0,22.0,3.0,March
2023-03-19,Chicken wings (half dozen),Mini Bites,2,Over-prepared,82.0,164.0,3.0,March
2023-03-19,white mocha  (iced),Coffee Based,2,Over-prepared,35.0,70.0,3.0,March
2023-03-19,Chicken wings (extra rice ),Mini Bites,3,Quality issue,4.0,12.0,3.0,March
2023-03-19,French fries Spicy barbecue  (large ),Mini Bites,1,Spoiled,30.0,30.0,3.0,March
2023-03-19,blended cappuccino ,Kôfē Frappé,2,Quality issue,33.0,66.0,3.0,March
2023-03-20,caramel macchiato (iced),Coffee Based,2,Expired,45.0,90.0,3.0,March
2023-03-20,Chicken wings (1 dozen),Mini Bites,3,Over-prepared,165.0,495.0,3.0,March
2023-03-20,Chicken wings (extra rice ),Mini Bites,2,Spoiled,4.0,8.0,3.0,March
2023-03-20,caramel macchiato (hot),Coffee Based,2,Expired,42.0,84.0,3.0,March
2023-03-21,the super charged (25% more coffee)  (hot),Sans Coffee,1,Expired,31.0,31.0,3.0,March
2023-03-21,Coffee Syphon (arabica),Sans Coffee,3,Spoiled,30.0,90.0,3.0,March
2023-03-21,Chicken pops (bbq),Mini Bites,3,Over-prepared,50.0,150.0,3.0,March
2023-03-22,BFF (Better French fries) Large (bbq),Mini Bites,2,Spoiled,28.0,56.0,3.0,March
2023-03-22,Spanish latte (hot),Coffee Based,1,Quality issue,29.0,29.0,3.0,March
2023-03-22,mocha (hot),Coffee Based,1,Over-prepared,31.0,31.0,3.0,March
2023-03-23,oreo overload Frappe,Kôfē Frappé,1,Expired,48.0,48.0,3.0,March
2023-03-23,Add_on (kimchi),Sans Coffee,3,Expired,15.0,45.0,3.0,March
2023-03-23,super mocha ,Kôfē Frappé,3,Expired,38.0,114.0,3.0,March
2023-03-23,americano (hot),Coffee Based,1,Over-prepared,26.0,26.0,3.0,March
2023-03-24,mocha (iced),Coffee Based,2,Expired,35.0,70.0,3.0,March
2023-03-24,BFF (Better French fries)medium  (medium ),Mini Bites,1,Quality issue,15.0,15.0,3.0,March
2023-03-24,Add_on (egg),Sans Coffee,3,Over-prepared,10.0,30.0,3.0,March
2023-03-24,the super charged (25% more coffee)  (iced),Sans Coffee,2,Spoiled,34.0,68.0,3.0,March
2023-03-25,the SM tea,Sans Coffee,3,Over-prepared,37.0,111.0,3.0,March
2023-03-25,Add_on (cheese),Sans Coffee,2,Over-prepared,12.0,24.0,3.0,March
2023-03-25,white mocha  (hot),Coffee Based,3,Over-prepared,32.0,96.0,3.0,March
2023-03-25,oreo overload Frappe,Kôfē Frappé,2,Quality issue,48.0,96.0,3.0,March
2023-03-26,iced premium barako,Sans Coffee,2,Quality issue,21.0,42.0,3.0,March
2023-03-26,iced creamy barako,Sans Coffee,1,Expired,24.0,24.0,3.0,March
2023-03-26,French fries Spicy barbecue  (medium ),Mini Bites,1,Over-prepared,18.0,18.0,3.0,March
2023-03-26,Chicken wings (extra rice ),Mini Bites,2,Spoiled,4.0,8.0,3.0,March
2023-03-27,Product Name (regular ),Sans Coffee,1,Over-prepared,18.0,18.0,3.0,March
2023-03-27,Ramen (regular),Mini Bites,3,Spoiled,17.0,51.0,3.0,March
2023-03-27,dalgona ,Signature Kôfē,1,Over-prepared,32.0,32.0,3.0,March
2023-03-27,blended cappuccino ,Kôfē Frappé,3,Over-prepared,33.0,99.0,3.0,March
2023-03-28,FFFF (plain with catsup medium),Sans Coffee,3,Expired,8.0,24.0,3.0,March
2023-03-28,Product Name (special b),Sans Coffee,2,Spoiled,46.0,92.0,3.0,March
2023-03-28,Overload lomi (malabnaw),Mini Bites,1,Spoiled,99.0,99.0,3.0,March
2023-03-28,the SM tea,Sans Coffee,3,Over-prepared,37.0,111.0,3.0,March
2023-03-29,Chiz melt  (ham),Mini Bites,2,Quality issue,26.0,52.0,3.0,March
2023-03-29,blended cappuccino ,Kôfē Frappé,3,Over-prepared,33.0,99.0,3.0,March
2023-03-29,Add_on (cheese),Sans Coffee,3,Over-prepared,12.0,36.0,3.0,March
2023-03-29,Add_on (egg),Sans Coffee,2,Expired,10.0,20.0,3.0,March
2023-03-30,street food sampler (large),Sans Coffee,1,Quality issue,28.0,28.0,3.0,March
2023-03-30,Chiz melt  (bacon),Mini Bites,3,Over-prepared,28.0,84.0,3.0,March
2023-03-30,Add_on (cheese),Sans Coffee,3,Quality issue,12.0,36.0,3.0,March
2023-03-30,matcha espresso fusion  (iced),Signature Kôfē,2,Spoiled,35.0,70.0,3.0,March
2023-03-31,the super charged (25% more coffee)  (hot),Sans Coffee,1,Over-prepared,31.0,31.0,3.0,March
2023-03-31,Drip coffee  (barako),Sans Coffee,2,Quality issue,17.0,34.0,3.0,March
2023-03-31,Add_on (ham),Sans Coffee,3,Quality issue,15.0,45.0,3.0,March
2023-03-31,BFF (Better French fries) Large (sour cream),Mini Bites,3,Spoiled,28.0,84.0,3.0,March
2023-04-01,Overload lomi (malabnaw),Mini Bites,2,Over-prepared,99.0,198.0,4.0,April
2023-04-01,white mocha  (hot),Coffee Based,3,Spoiled,32.0,96.0,4.0,April
2023-04-01,strawberry latte,Sans Coffee,2,Spoiled,36.0,72.0,4.0,April
2023-04-01,Chicken fillet,Mini Bites,1,Expired,45.0,45.0,4.0,April
2023-04-02,Cookies ,Sans Coffee,3,Over-prepared,18.0,54.0,4.0,April
2023-04-02,choco dinosaur latte,Sans Coffee,3,Expired,35.0,105.0,4.0,April
2023-04-02,Whipped Americano,Signature Kôfē,2,Expired,36.0,72.0,4.0,April
2023-04-02,Spanish latte (iced),Coffee Based,4,Spoiled,32.0,128.0,4.0,April
2023-04-02,Chicken pops (bbq),Mini Bites,3,Expired,50.0,150.0,4.0,April
2023-04-03,Choco caramel decadence,Sans Coffee,1,Expired,45.0,45.0,4.0,April
2023-04-03,white mocha  (iced),Coffee Based,2,Over-prepared,35.0,70.0,4.0,April
2023-04-03,caramel macchiato  (hot),Coffee Based,1,Over-prepared,32.0,32.0,4.0,April
2023-04-03,FFFF (large sc),Sans Coffee,1,Spoiled,18.0,18.0,4.0,April
2023-04-04,simple milk tea ,Sans Coffee,3,Over-prepared,28.0,84.0,4.0,April
2023-04-04,white mocha (hot),Coffee Based,3,Over-prepared,42.0,126.0,4.0,April
2023-04-04,BFF (Better French fries) Large (cheese),Mini Bites,1,Over-prepared,30.0,30.0,4.0,April
2023-04-04,choco dinosaur latte,Sans Coffee,1,Spoiled,35.0,35.0,4.0,April
2023-04-05,Ramen (regular),Mini Bites,2,Over-prepared,17.0,34.0,4.0,April
2023-04-05,triple caramel ,Kôfē Frappé,3,Over-prepared,38.0,114.0,4.0,April
2023-04-05,matcha Supreme latte (iced),Sans Coffee,2,Over-prepared,35.0,70.0,4.0,April
2023-04-06,latte,Coffee Based,1,Spoiled,42.0,42.0,4.0,April
2023-04-06,simple milk tea ,Sans Coffee,2,Spoiled,28.0,56.0,4.0,April
2023-04-06,Chiz melt  (ham),Mini Bites,1,Over-prepared,26.0,26.0,4.0,April
2023-04-06,brownie,Sans Coffee,1,Expired,21.0,21.0,4.0,April
2023-04-07,BFF (Better French fries) Large (cheese ),Mini Bites,1,Expired,28.0,28.0,4.0,April
2023-04-07,Spanish latte (iced),Coffee Based,3,Spoiled,32.0,96.0,4.0,April
2023-04-07,hot citron tea,Sans Coffee,3,Spoiled,22.0,66.0,4.0,April
2023-04-07,FFFF (large bbq),Sans Coffee,3,Over-prepared,18.0,54.0,4.0,April
2023-04-08,hot cocoa latte ,Sans Coffee,3,Spoiled,32.0,96.0,4.0,April
2023-04-08,Add_on (seaweeds),Sans Coffee,3,Over-prepared,8.0,24.0,4.0,April
2023-04-08,BFF (Better French fries) Large (cheese ),Mini Bites,2,Over-prepared,28.0,56.0,4.0,April
2023-04-08,dalgona ,Signature Kôfē,3,Over-prepared,32.0,96.0,4.0,April
2023-04-08,hot creamy barako,Sans Coffee,1,Over-prepared,19.0,19.0,4.0,April
2023-04-09,BFF (Better French fries) Large (sour cream),Mini Bites,1,Over-prepared,28.0,28.0,4.0,April
2023-04-09,Product Name (special b),Sans Coffee,3,Over-prepared,46.0,138.0,4.0,April
2023-04-09,Sinagtala lomi 20 pax,Mini Bites,4,Over-prepared,360.0,1440.0,4.0,April
2023-04-09,BFF (Better French fries)medium  ( cheese ),Mini Bites,2,Spoiled,16.0,32.0,4.0,April
2023-04-10,BFF (Better French fries) Large (cheese ),Mini Bites,3,Spoiled,28.0,84.0,4.0,April
2023-04-10,matcha espresso fusion  (hot),Signature Kôfē,2,Over-prepared,32.0,64.0,4.0,April
2023-04-10,BFF (Better French fries)medium  (large),Mini Bites,3,Spoiled,27.0,81.0,4.0,April
2023-04-10,BFF (Better French fries)medium  ( cheese ),Mini Bites,3,Over-prepared,16.0,48.0,4.0,April
2023-04-11,the super charged (25% more coffee)  (iced),Sans Coffee,1,Spoiled,34.0,34.0,4.0,April
2023-04-11,latte,Coffee Based,3,Expired,42.0,126.0,4.0,April
2023-04-11,white mocha  (iced),Coffee Based,3,Expired,35.0,105.0,4.0,April
2023-04-11,Chicken fillet,Mini Bites,1,Over-prepared,45.0,45.0,4.0,April
2023-04-12,Chiz melt  (bacon),Mini Bites,1,Quality issue,28.0,28.0,4.0,April
2023-04-12,matcha espresso fusion  (iced),Signature Kôfē,3,Expired,35.0,105.0,4.0,April
2023-04-12,caramel macchiato  (hot),Coffee Based,3,Over-prepared,32.0,96.0,4.0,April
2023-04-12,Belgian waffle  (mango caramel ),Sans Coffee,3,Expired,27.0,81.0,4.0,April
2023-04-13,americano (hot),Coffee Based,3,Over-prepared,26.0,78.0,4.0,April
2023-04-13,matcha Supreme latte (iced),Sans Coffee,3,Over-prepared,35.0,105.0,4.0,April
2023-04-13,Cookies ,Sans Coffee,3,Expired,18.0,54.0,4.0,April
2023-04-13, latte ,Coffee Based,1,Spoiled,29.0,29.0,4.0,April
2023-04-14,Chicken wings (half dozen),Mini Bites,4,Over-prepared,82.0,328.0,4.0,April
2023-04-14,dalgona ,Signature Kôfē,2,Over-prepared,32.0,64.0,4.0,April
2023-04-14,Chicken wings (1 dozen),Mini Bites,3,Over-prepared,165.0,495.0,4.0,April
2023-04-14,white mocha  (hot),Coffee Based,1,Over-prepared,32.0,32.0,4.0,April
2023-04-15,white mocha (iced),Coffee Based,2,Over-prepared,45.0,90.0,4.0,April
2023-04-15,blended cappuccino ,Kôfē Frappé,2,Expired,33.0,66.0,4.0,April
2023-04-15,French fries Spicy barbecue  (large ),Mini Bites,2,Quality issue,30.0,60.0,4.0,April
2023-04-15,the super charged (25% more coffee)  (hot),Sans Coffee,1,Spoiled,31.0,31.0,4.0,April
2023-04-16,FFFF (plain with catsup medium),Sans Coffee,2,Expired,8.0,16.0,4.0,April
2023-04-16,extra shot,Sans Coffee,3,Over-prepared,16.0,48.0,4.0,April
2023-04-16,BFF (Better French fries)medium  (sour cream),Mini Bites,2,Expired,16.0,32.0,4.0,April
2023-04-16,Chiz melt  (spam lite),Mini Bites,2,Quality issue,27.0,54.0,4.0,April
2023-04-16,triple caramel ,Kôfē Frappé,3,Over-prepared,38.0,114.0,4.0,April
2023-04-17,the super charged (25% more coffee)  (hot),Sans Coffee,2,Expired,31.0,62.0,4.0,April
2023-04-17,iced creamy barako,Sans Coffee,1,Over-prepared,24.0,24.0,4.0,April
2023-04-17,Chicken fillet,Mini Bites,3,Over-prepared,45.0,135.0,4.0,April
2023-04-17,Chicken wings (half dozen),Mini Bites,3,Over-prepared,82.0,246.0,4.0,April
2023-04-18,Brownies ,Sans Coffee,3,Over-prepared,21.0,63.0,4.0,April
2023-04-18,kofetala special blend ,Sans Coffee,1,Over-prepared,34.0,34.0,4.0,April
2023-04-18,Strawberry Reverie ,Sans Coffee,4,Over-prepared,39.0,156.0,4.0,April
2023-04-19,Iced honey shaken espresso ,Signature Kôfē,3,Over-prepared,36.0,108.0,4.0,April
2023-04-19,Cold brew with foamy vanilla ,Sans Coffee,3,Expired,31.0,93.0,4.0,April
2023-04-19,blended cappuccino ,Kôfē Frappé,1,Spoiled,33.0,33.0,4.0,April
2023-04-19,cappuccino  (ice),Coffee Based,1,Expired,32.0,32.0,4.0,April
2023-04-20,belgian waffle plain ,Sans Coffee,2,Over-prepared,21.0,42.0,4.0,April
2023-04-20,hot citron tea,Sans Coffee,1,Spoiled,22.0,22.0,4.0,April
2023-04-20,Drip coffee  (barako),Sans Coffee,1,Expired,17.0,17.0,4.0,April
2023-04-20,BFF (Better French fries)medium  (sour cream),Mini Bites,3,Over-prepared,16.0,48.0,4.0,April
2023-04-21,Add_on (seaweeds),Sans Coffee,3,Over-prepared,8.0,24.0,4.0,April
2023-04-21,blended cappuccino ,Kôfē Frappé,1,Over-prepared,33.0,33.0,4.0,April
2023-04-21,FFFF (large cheese ),Sans Coffee,2,Expired,18.0,36.0,4.0,April
2023-04-21,dalgona ,Signature Kôfē,2,Over-prepared,32.0,64.0,4.0,April
2023-04-22,Belgian waffle  (mango caramel ),Sans Coffee,1,Expired,27.0,27.0,4.0,April
2023-04-22,Spanish latte (iced),Coffee Based,1,Over-prepared,32.0,32.0,4.0,April
2023-04-22,white mocha (hot),Coffee Based,3,Over-prepared,42.0,126.0,4.0,April
2023-04-22,BFF (Better French fries) Large (cheese),Mini Bites,3,Spoiled,30.0,90.0,4.0,April
2023-04-22,BFF (Better French fries)medium  (sour cream),Mini Bites,3,Spoiled,16.0,48.0,4.0,April
2023-04-23,Extra Rice,Sans Coffee,2,Over-prepared,5.0,10.0,4.0,April
2023-04-23,Chicken wings (half dozen),Mini Bites,2,Spoiled,82.0,164.0,4.0,April
2023-04-23,BFF (Better French fries)medium  (medium ),Mini Bites,2,Over-prepared,15.0,30.0,4.0,April
2023-04-23,Chiz melt  (ham),Mini Bites,2,Over-prepared,26.0,52.0,4.0,April
2023-04-23,BFF (Better French fries) Large (sour cream),Mini Bites,3,Over-prepared,28.0,84.0,4.0,April
2023-04-24,caramel macchiato  (iced),Coffee Based,2,Expired,35.0,70.0,4.0,April
2023-04-24,Drip coffee  (barako),Sans Coffee,1,Quality issue,17.0,17.0,4.0,April
2023-04-24,caramel macchiato (iced),Coffee Based,3,Quality issue,45.0,135.0,4.0,April
2023-04-24,BFF (Better French fries)medium  (medium ),Mini Bites,3,Expired,15.0,45.0,4.0,April
2023-04-25,Brownies ,Sans Coffee,2,Over-prepared,21.0,42.0,4.0,April
2023-04-25,Chicken wings (1 dozen),Mini Bites,2,Expired,165.0,330.0,4.0,April
2023-04-25,Iced honey shaken espresso ,Signature Kôfē,3,Over-prepared,36.0,108.0,4.0,April
2023-04-25,matcha Supreme latte (iced),Sans Coffee,1,Over-prepared,35.0,35.0,4.0,April
2023-04-26,FFFF (plain with catsup medium),Sans Coffee,2,Spoiled,8.0,16.0,4.0,April
2023-04-26,the Christmas drink (hot ),Signature Kôfē,2,Over-prepared,32.0,64.0,4.0,April
2023-04-26,cappuccino  (ice),Coffee Based,2,Expired,32.0,64.0,4.0,April
2023-04-26,Coffee Syphon (arabica),Sans Coffee,3,Over-prepared,30.0,90.0,4.0,April
2023-04-27,Spanish latte (hot),Coffee Based,1,Over-prepared,29.0,29.0,4.0,April
2023-04-27,French fries Spicy barbecue  (medium ),Mini Bites,2,Over-prepared,18.0,36.0,4.0,April
2023-04-27,Add_on (egg),Sans Coffee,4,Over-prepared,10.0,40.0,4.0,April
2023-04-27,mango banana milk shake ,Kôfē Frappé,3,Over-prepared,35.0,105.0,4.0,April
2023-04-28,cappuccino  (ice),Coffee Based,1,Over-prepared,32.0,32.0,4.0,April
2023-04-28,oreo overload Frappe,Kôfē Frappé,3,Over-prepared,48.0,144.0,4.0,April
2023-04-28,Chicken wings (3pcs),Mini Bites,3,Spoiled,45.0,135.0,4.0,April
2023-04-28,BFF (Better French fries)medium  ( cheese ),Mini Bites,3,Quality issue,16.0,48.0,4.0,April
2023-04-29,hot citron tea,Sans Coffee,1,Over-prepared,22.0,22.0,4.0,April
2023-04-29,the super charged (25% more coffee)  (hot),Sans Coffee,3,Expired,31.0,93.0,4.0,April
2023-04-29,cappuccino  (ice),Coffee Based,2,Over-prepared,32.0,64.0,4.0,April
2023-04-29,FFFF (plain with catsup medium),Sans Coffee,1,Quality issue,8.0,8.0,4.0,April
2023-04-29,BFF (Better French fries) Large (cheese),Mini Bites,2,Expired,30.0,60.0,4.0,April
2023-04-30,Strawberry Reverie ,Sans Coffee,3,Expired,39.0,117.0,4.0,April
2023-04-30,cappuccino  (hot),Coffee Based,1,Quality issue,29.0,29.0,4.0,April
2023-04-30,caramel macchiato (iced),Coffee Based,3,Quality issue,45.0,135.0,4.0,April
2023-04-30,FFFF (large sc),Sans Coffee,1,Expired,18.0,18.0,4.0,April
2023-04-30,BFF (Better French fries) Large (cheese),Mini Bites,1,Spoiled,30.0,30.0,4.0,April
2023-05-01,FFFF (plain with catsup medium),Sans Coffee,1,Over-prepared,8.0,8.0,5.0,May
2023-05-01,Choco caramel decadence,Sans Coffee,2,Spoiled,45.0,90.0,5.0,May
2023-05-01,Iced honey shaken espresso ,Signature Kôfē,2,Over-prepared,36.0,72.0,5.0,May
2023-05-01,Product Name (special b),Sans Coffee,1,Quality issue,46.0,46.0,5.0,May
2023-05-02,FFFF (plain with catsup medium),Sans Coffee,4,Over-prepared,8.0,32.0,5.0,May
2023-05-02,the super charged (25% more coffee)  (hot),Sans Coffee,1,Over-prepared,31.0,31.0,5.0,May
2023-05-02,Belgian waffle  (mango caramel ),Sans Coffee,2,Over-prepared,27.0,54.0,5.0,May
2023-05-03,Iced honey shaken espresso ,Signature Kôfē,3,Over-prepared,36.0,108.0,5.0,May
2023-05-03,Cookies ,Sans Coffee,3,Expired,18.0,54.0,5.0,May
2023-05-03,matcha espresso fusion  (hot),Signature Kôfē,2,Over-prepared,32.0,64.0,5.0,May
2023-05-03,mocha (iced),Coffee Based,1,Over-prepared,35.0,35.0,5.0,May
2023-05-04,extra shot,Sans Coffee,1,Over-prepared,16.0,16.0,5.0,May
2023-05-04,hot creamy barako,Sans Coffee,3,Over-prepared,19.0,57.0,5.0,May
2023-05-04,white mocha  (iced),Coffee Based,3,Over-prepared,35.0,105.0,5.0,May
2023-05-04,French fries Spicy barbecue  (large ),Mini Bites,1,Expired,30.0,30.0,5.0,May
2023-05-05,6 Chicken wings ,Mini Bites,4,Over-prepared,82.0,328.0,5.0,May
2023-05-05,Brownies ,Sans Coffee,2,Expired,21.0,42.0,5.0,May
2023-05-05,Chiz melt  (ham),Mini Bites,1,Expired,26.0,26.0,5.0,May
2023-05-05,Product Name (special b),Sans Coffee,3,Over-prepared,46.0,138.0,5.0,May
2023-05-06,Brownies ,Sans Coffee,3,Over-prepared,21.0,63.0,5.0,May
2023-05-06,Chicken pops (bbq),Mini Bites,3,Over-prepared,50.0,150.0,5.0,May
2023-05-06,white mocha (iced),Coffee Based,2,Expired,45.0,90.0,5.0,May
2023-05-06,Overload lomi (malapot),Mini Bites,3,Spoiled,99.0,297.0,5.0,May
2023-05-07,mocha (iced),Coffee Based,1,Over-prepared,35.0,35.0,5.0,May
2023-05-07,Cold brew with foamy vanilla ,Sans Coffee,1,Over-prepared,31.0,31.0,5.0,May
2023-05-07,Iced honey shaken espresso ,Signature Kôfē,2,Spoiled,36.0,72.0,5.0,May
2023-05-07,Spanish latte (hot),Coffee Based,3,Spoiled,29.0,87.0,5.0,May
2023-05-07,oreo overload Frappe ,Kôfē Frappé,2,Quality issue,37.0,74.0,5.0,May
2023-05-08,Drip coffee  (barako),Sans Coffee,2,Spoiled,17.0,34.0,5.0,May
2023-05-08,the super charged (25% more coffee)  (iced),Sans Coffee,2,Over-prepared,34.0,68.0,5.0,May
2023-05-08,FFFF (large cheese ),Sans Coffee,2,Over-prepared,18.0,36.0,5.0,May
2023-05-08,BFF (Better French fries)medium  (sour cream),Mini Bites,2,Spoiled,16.0,32.0,5.0,May
2023-05-09,oreo overload Frappe ,Kôfē Frappé,2,Expired,37.0,74.0,5.0,May
2023-05-09, latte ,Coffee Based,1,Over-prepared,29.0,29.0,5.0,May
2023-05-09,Chicken fillet,Mini Bites,3,Expired,45.0,135.0,5.0,May
2023-05-10,BFF (Better French fries)medium  ( cheese ),Mini Bites,3,Expired,16.0,48.0,5.0,May
2023-05-10,Chiz melt  (bacon),Mini Bites,1,Spoiled,28.0,28.0,5.0,May
2023-05-10,FFFF (large bbq),Sans Coffee,1,Over-prepared,18.0,18.0,5.0,May
2023-05-11,Add_on (kimchi),Sans Coffee,1,Over-prepared,15.0,15.0,5.0,May
2023-05-11,dirty coffee shake ,Kôfē Frappé,1,Spoiled,38.0,38.0,5.0,May
2023-05-11,Add_on (cheese),Sans Coffee,3,Quality issue,12.0,36.0,5.0,May
2023-05-12,BFF (Better French fries) Large (sour cream),Mini Bites,1,Expired,28.0,28.0,5.0,May
2023-05-12,Brownies ,Sans Coffee,1,Spoiled,21.0,21.0,5.0,May
2023-05-12,Chicken fillet,Mini Bites,3,Over-prepared,45.0,135.0,5.0,May
2023-05-13,Chiz melt  (ham),Mini Bites,2,Expired,26.0,52.0,5.0,May
2023-05-13,white mocha (hot),Coffee Based,1,Expired,42.0,42.0,5.0,May
2023-05-13,FFFF (large sc),Sans Coffee,2,Over-prepared,18.0,36.0,5.0,May
2023-05-13,the Christmas drink (hot ),Signature Kôfē,1,Over-prepared,32.0,32.0,5.0,May
2023-05-13,the SM tea,Sans Coffee,2,Over-prepared,37.0,74.0,5.0,May
2023-05-14, latte ,Coffee Based,3,Spoiled,29.0,87.0,5.0,May
2023-05-14,dalgona ,Signature Kôfē,3,Expired,32.0,96.0,5.0,May
2023-05-14,Chiz melt  (bacon),Mini Bites,1,Spoiled,28.0,28.0,5.0,May
2023-05-14,BFF (Better French fries)medium  ( cheese ),Mini Bites,2,Expired,16.0,32.0,5.0,May
2023-05-14,mocha (hot),Coffee Based,2,Spoiled,31.0,62.0,5.0,May
2023-05-15,the Christmas drink (hot ),Signature Kôfē,1,Spoiled,32.0,32.0,5.0,May
2023-05-15,Add_on (kimchi),Sans Coffee,3,Over-prepared,15.0,45.0,5.0,May
2023-05-15,Chicken wings (extra rice ),Mini Bites,1,Over-prepared,4.0,4.0,5.0,May
2023-05-15,Add_on (seaweeds),Sans Coffee,3,Expired,8.0,24.0,5.0,May
2023-05-16,white mocha  (hot),Coffee Based,1,Expired,32.0,32.0,5.0,May
2023-05-16,Iced honey shaken espresso ,Signature Kôfē,1,Quality issue,36.0,36.0,5.0,May
2023-05-16,Chiz melt (bacon),Mini Bites,2,Over-prepared,30.0,60.0,5.0,May
2023-05-16,iced premium barako,Sans Coffee,1,Over-prepared,21.0,21.0,5.0,May
2023-05-17,the Christmas drink (hot ),Signature Kôfē,3,Quality issue,32.0,96.0,5.0,May
2023-05-17,Choco caramel decadence,Sans Coffee,3,Over-prepared,45.0,135.0,5.0,May
2023-05-17,Sinagtala lomi 20 pax,Mini Bites,2,Expired,360.0,720.0,5.0,May
2023-05-17,simple milk tea ,Sans Coffee,3,Spoiled,28.0,84.0,5.0,May
2023-05-18,Overload lomi (malabnaw),Mini Bites,4,Over-prepared,99.0,396.0,5.0,May
2023-05-18, latte ,Coffee Based,1,Over-prepared,29.0,29.0,5.0,May
2023-05-18,caramel macchiato  (iced),Coffee Based,2,Expired,35.0,70.0,5.0,May
2023-05-18,Chiz melt  (ham),Mini Bites,3,Expired,26.0,78.0,5.0,May
2023-05-19,Chicken fillet,Mini Bites,3,Spoiled,45.0,135.0,5.0,May
2023-05-19,Belgian waffle  (peanut butter ),Sans Coffee,1,Over-prepared,25.0,25.0,5.0,May
2023-05-19,Spanish latte (hot),Coffee Based,1,Spoiled,29.0,29.0,5.0,May
2023-05-19,americano (hot),Coffee Based,1,Over-prepared,26.0,26.0,5.0,May
2023-05-20,Add_on (egg),Sans Coffee,2,Over-prepared,10.0,20.0,5.0,May
2023-05-20,FFFF (large cheese ),Sans Coffee,1,Spoiled,18.0,18.0,5.0,May
2023-05-20,hot creamy barako,Sans Coffee,1,Spoiled,19.0,19.0,5.0,May
2023-05-20,FFFF (med sc),Sans Coffee,3,Quality issue,8.0,24.0,5.0,May
2023-05-20,Sinagtala lomi 20 pax,Mini Bites,1,Expired,360.0,360.0,5.0,May
2023-05-21,Cookies ,Sans Coffee,3,Over-prepared,18.0,54.0,5.0,May
2023-05-21,French fries Spicy barbecue  (large ),Mini Bites,3,Spoiled,30.0,90.0,5.0,May
2023-05-21,mango banana milk shake ,Kôfē Frappé,3,Over-prepared,35.0,105.0,5.0,May
2023-05-21,mocha (hot),Coffee Based,1,Over-prepared,31.0,31.0,5.0,May
2023-05-22,Strawberry Reverie ,Sans Coffee,1,Expired,39.0,39.0,5.0,May
2023-05-22,Chicken wings (half dozen),Mini Bites,2,Expired,82.0,164.0,5.0,May
2023-05-22,caramel macchiato (hot),Coffee Based,4,Over-prepared,42.0,168.0,5.0,May
2023-05-22,Brownies ,Sans Coffee,3,Expired,21.0,63.0,5.0,May
2023-05-23,Cookies ,Sans Coffee,3,Over-prepared,18.0,54.0,5.0,May
2023-05-23,BFF (Better French fries) Large (cheese ),Mini Bites,3,Over-prepared,28.0,84.0,5.0,May
2023-05-23,Add_on (ham),Sans Coffee,3,Over-prepared,15.0,45.0,5.0,May
2023-05-23,extra shot,Sans Coffee,1,Over-prepared,16.0,16.0,5.0,May
2023-05-24,Chicken wings (1 dozen),Mini Bites,2,Quality issue,165.0,330.0,5.0,May
2023-05-24,6 Chicken wings ,Mini Bites,2,Spoiled,82.0,164.0,5.0,May
2023-05-24,latte,Coffee Based,3,Over-prepared,42.0,126.0,5.0,May
2023-05-24,Product Name (regular ),Sans Coffee,2,Over-prepared,18.0,36.0,5.0,May
2023-05-25,Iced honey shaken espresso ,Signature Kôfē,2,Spoiled,36.0,72.0,5.0,May
2023-05-25,caramel macchiato  (iced),Coffee Based,3,Expired,35.0,105.0,5.0,May
2023-05-25,matcha espresso fusion  (iced),Signature Kôfē,1,Over-prepared,35.0,35.0,5.0,May
2023-05-26,caramel macchiato  (hot),Coffee Based,1,Expired,32.0,32.0,5.0,May
2023-05-26,BFF (Better French fries) Large (bbq),Mini Bites,1,Spoiled,28.0,28.0,5.0,May
2023-05-26,Ramen (regular),Mini Bites,3,Over-prepared,17.0,51.0,5.0,May
2023-05-27,the Christmas drink (hot ),Signature Kôfē,3,Spoiled,32.0,96.0,5.0,May
2023-05-27,street food sampler (medium),Sans Coffee,3,Expired,16.0,48.0,5.0,May
2023-05-27,Add_on (seaweeds),Sans Coffee,1,Over-prepared,8.0,8.0,5.0,May
2023-05-27,caramel macchiato (hot),Coffee Based,3,Expired,42.0,126.0,5.0,May
2023-05-27,triple caramel ,Kôfē Frappé,2,Spoiled,38.0,76.0,5.0,May
2023-05-28,BFF (Better French fries)medium  (large),Mini Bites,2,Quality issue,27.0,54.0,5.0,May
2023-05-28,street food sampler (large),Sans Coffee,2,Spoiled,28.0,56.0,5.0,May
2023-05-28,white mocha  (iced),Coffee Based,3,Expired,35.0,105.0,5.0,May
2023-05-28,matcha espresso fusion  (hot),Signature Kôfē,2,Over-prepared,32.0,64.0,5.0,May
2023-05-29,simple milk tea ,Sans Coffee,2,Expired,28.0,56.0,5.0,May
2023-05-29,BFF (Better French fries)medium  (bbq ),Mini Bites,3,Expired,16.0,48.0,5.0,May
2023-05-29,Chicken wings (3pcs),Mini Bites,4,Expired,45.0,180.0,5.0,May
2023-05-30,triple caramel,Kôfē Frappé,2,Over-prepared,48.0,96.0,5.0,May
2023-05-30,Chicken fillet,Mini Bites,2,Spoiled,45.0,90.0,5.0,May
2023-05-30,simple milk tea ,Sans Coffee,1,Over-prepared,28.0,28.0,5.0,May
2023-05-30,FFFF (large sc),Sans Coffee,2,Expired,18.0,36.0,5.0,May
2023-05-31,FFFF (large cheese ),Sans Coffee,1,Over-prepared,18.0,18.0,5.0,May
2023-05-31,simple milk tea ,Sans Coffee,2,Spoiled,28.0,56.0,5.0,May
2023-05-31,Chiz melt  (spam lite),Mini Bites,1,Expired,27.0,27.0,5.0,May
2023-06-01,Overload lomi (malabnaw),Mini Bites,1,Spoiled,99.0,99.0,6.0,June
2023-06-01,matcha espresso fusion  (hot),Signature Kôfē,2,Over-prepared,32.0,64.0,6.0,June
2023-06-01,Add_on (seaweeds),Sans Coffee,2,Over-prepared,8.0,16.0,6.0,June
2023-06-01,mocha (iced),Coffee Based,1,Spoiled,35.0,35.0,6.0,June
2023-06-02,BFF (Better French fries)medium  ( cheese ),Mini Bites,3,Quality issue,16.0,48.0,6.0,June
2023-06-02,Sinagtala lomi 20 pax,Mini Bites,2,Over-prepared,360.0,720.0,6.0,June
2023-06-02,Chiz melt  (spam lite),Mini Bites,2,Over-prepared,27.0,54.0,6.0,June
2023-06-03,hot citron tea,Sans Coffee,1,Over-prepared,22.0,22.0,6.0,June
2023-06-03,the super charged (25% more coffee)  (iced),Sans Coffee,1,Over-prepared,34.0,34.0,6.0,June
2023-06-03,BFF (Better French fries)medium  (large),Mini Bites,2,Quality issue,27.0,54.0,6.0,June
2023-06-03,matcha espresso fusion  (hot),Signature Kôfē,2,Over-prepared,32.0,64.0,6.0,June
2023-06-03,French fries plain (large),Mini Bites,1,Over-prepared,90.0,90.0,6.0,June
2023-06-04,Ramen (regular),Mini Bites,2,Spoiled,17.0,34.0,6.0,June
2023-06-04,latte,Coffee Based,4,Expired,42.0,168.0,6.0,June
2023-06-04,extra shot,Sans Coffee,2,Quality issue,16.0,32.0,6.0,June
2023-06-04,street food sampler (large),Sans Coffee,2,Over-prepared,28.0,56.0,6.0,June
2023-06-04,dirty coffee shake ,Kôfē Frappé,3,Quality issue,38.0,114.0,6.0,June
2023-06-05,Sinagtala lomi 20 pax,Mini Bites,2,Over-prepared,360.0,720.0,6.0,June
2023-06-05,Overload lomi (malapot),Mini Bites,2,Spoiled,99.0,198.0,6.0,June
2023-06-05,white mocha  (hot),Coffee Based,3,Spoiled,32.0,96.0,6.0,June
2023-06-06,Chiz melt  (bacon),Mini Bites,1,Over-prepared,28.0,28.0,6.0,June
2023-06-06,Product Name (special b),Sans Coffee,2,Quality issue,46.0,92.0,6.0,June
2023-06-06,the super charged (25% more coffee)  (iced),Sans Coffee,2,Over-prepared,34.0,68.0,6.0,June
2023-06-06,sparkling berry,Sans Coffee,3,Quality issue,31.0,93.0,6.0,June
2023-06-07,white mocha  (iced),Coffee Based,3,Spoiled,35.0,105.0,6.0,June
2023-06-07,BFF (Better French fries) Large (bbq),Mini Bites,1,Expired,28.0,28.0,6.0,June
2023-06-07,Chiz melt  (ham),Mini Bites,2,Quality issue,26.0,52.0,6.0,June
2023-06-07,FFFF (med sc),Sans Coffee,1,Expired,8.0,8.0,6.0,June
2023-06-08, latte ,Coffee Based,2,Over-prepared,29.0,58.0,6.0,June
2023-06-08,the super charged (25% more coffee)  (hot),Sans Coffee,1,Over-prepared,31.0,31.0,6.0,June
2023-06-08,BFF (Better French fries) Large (sour cream),Mini Bites,1,Quality issue,28.0,28.0,6.0,June
2023-06-09,BFF (Better French fries)medium  (bbq ),Mini Bites,2,Over-prepared,16.0,32.0,6.0,June
2023-06-09,super mocha ,Kôfē Frappé,1,Expired,38.0,38.0,6.0,June
2023-06-09,Whipped Americano,Signature Kôfē,4,Over-prepared,36.0,144.0,6.0,June
2023-06-10,Chicken wings (half dozen),Mini Bites,2,Over-prepared,82.0,164.0,6.0,June
2023-06-10,Add_on (ham),Sans Coffee,2,Over-prepared,15.0,30.0,6.0,June
2023-06-10,Spanish latte (iced),Coffee Based,1,Over-prepared,32.0,32.0,6.0,June
2023-06-10,Overload lomi (malabnaw),Mini Bites,3,Expired,99.0,297.0,6.0,June
2023-06-11,Chicken fillet,Mini Bites,3,Spoiled,45.0,135.0,6.0,June
2023-06-11,Spanish latte (iced),Coffee Based,1,Expired,32.0,32.0,6.0,June
2023-06-11,BFF (Better French fries)medium  (bbq ),Mini Bites,1,Over-prepared,16.0,16.0,6.0,June
2023-06-11,FFFF (plain with catsup medium),Sans Coffee,3,Expired,8.0,24.0,6.0,June
2023-06-12,BFF (Better French fries)medium  (medium ),Mini Bites,2,Quality issue,15.0,30.0,6.0,June
2023-06-12,iced creamy barako,Sans Coffee,2,Over-prepared,24.0,48.0,6.0,June
2023-06-12,caramel macchiato (hot),Coffee Based,4,Over-prepared,42.0,168.0,6.0,June
2023-06-13,Iced honey shaken espresso ,Signature Kôfē,2,Spoiled,36.0,72.0,6.0,June
2023-06-13,Add_on (kimchi),Sans Coffee,3,Over-prepared,15.0,45.0,6.0,June
2023-06-13,strawberry latte,Sans Coffee,2,Over-prepared,36.0,72.0,6.0,June
2023-06-13,Product Name (regular ),Sans Coffee,1,Over-prepared,18.0,18.0,6.0,June
2023-06-14,triple caramel,Kôfē Frappé,1,Over-prepared,48.0,48.0,6.0,June
2023-06-14,Strawberry Reverie ,Sans Coffee,3,Over-prepared,39.0,117.0,6.0,June
2023-06-14,iced premium barako,Sans Coffee,3,Over-prepared,21.0,63.0,6.0,June
2023-06-15,Choco caramel decadence,Sans Coffee,2,Expired,45.0,90.0,6.0,June
2023-06-15,dirty coffee shake ,Kôfē Frappé,2,Expired,38.0,76.0,6.0,June
2023-06-15,americano (iced),Coffee Based,2,Expired,28.0,56.0,6.0,June
2023-06-16,sparkling berry,Sans Coffee,3,Spoiled,31.0,93.0,6.0,June
2023-06-16,the super charged (25% more coffee)  (hot),Sans Coffee,1,Over-prepared,31.0,31.0,6.0,June
2023-06-16,street food sampler (medium),Sans Coffee,2,Over-prepared,16.0,32.0,6.0,June
2023-06-16,kofetala special blend ,Sans Coffee,3,Over-prepared,34.0,102.0,6.0,June
2023-06-17,drip coffee (8 bags/pouch) (barako),Sans Coffee,1,Quality issue,37.0,37.0,6.0,June
2023-06-17, latte ,Coffee Based,1,Spoiled,29.0,29.0,6.0,June
2023-06-17,Cookies ,Sans Coffee,1,Quality issue,18.0,18.0,6.0,June
2023-06-17,Chiz melt  (bacon),Mini Bites,3,Over-prepared,28.0,84.0,6.0,June
2023-06-18,Chicken fillet,Mini Bites,3,Expired,45.0,135.0,6.0,June
2023-06-18,BFF (Better French fries)medium  (medium ),Mini Bites,4,Quality issue,15.0,60.0,6.0,June
2023-06-18,Add_on (kimchi),Sans Coffee,1,Over-prepared,15.0,15.0,6.0,June
2023-06-18,caramel macchiato (iced),Coffee Based,4,Over-prepared,45.0,180.0,6.0,June
2023-06-19,matcha espresso fusion  (iced),Signature Kôfē,2,Over-prepared,35.0,70.0,6.0,June
2023-06-19,Chicken fillet,Mini Bites,2,Quality issue,45.0,90.0,6.0,June
2023-06-19,Brownies ,Sans Coffee,3,Expired,21.0,63.0,6.0,June
2023-06-20,americano (iced),Coffee Based,3,Over-prepared,28.0,84.0,6.0,June
2023-06-20,white mocha  (hot),Coffee Based,2,Spoiled,32.0,64.0,6.0,June
2023-06-20,hot creamy barako,Sans Coffee,1,Over-prepared,19.0,19.0,6.0,June
2023-06-20,simple milk tea ,Sans Coffee,2,Spoiled,28.0,56.0,6.0,June
2023-06-21,Product Name (regular ),Sans Coffee,1,Spoiled,18.0,18.0,6.0,June
2023-06-21,mocha (hot),Coffee Based,1,Spoiled,31.0,31.0,6.0,June
2023-06-21,FFFF (large bbq),Sans Coffee,1,Spoiled,18.0,18.0,6.0,June
2023-06-21,brownie,Sans Coffee,1,Expired,21.0,21.0,6.0,June
2023-06-22,BFF (Better French fries) Large (bbq),Mini Bites,2,Over-prepared,28.0,56.0,6.0,June
2023-06-22,Chiz melt  (bacon),Mini Bites,1,Spoiled,28.0,28.0,6.0,June
2023-06-22,Overload lomi (malapot),Mini Bites,3,Over-prepared,99.0,297.0,6.0,June
2023-06-23,latte,Coffee Based,4,Quality issue,42.0,168.0,6.0,June
2023-06-23,BFF (Better French fries) Large (cheese ),Mini Bites,3,Expired,28.0,84.0,6.0,June
2023-06-23,Choco caramel decadence,Sans Coffee,3,Spoiled,45.0,135.0,6.0,June
2023-06-23,brownie,Sans Coffee,2,Over-prepared,21.0,42.0,6.0,June
2023-06-24,French fries Spicy barbecue  (medium ),Mini Bites,1,Over-prepared,18.0,18.0,6.0,June
2023-06-24,French fries plain (large),Mini Bites,2,Over-prepared,90.0,180.0,6.0,June
2023-06-24,white mocha  (hot),Coffee Based,2,Spoiled,32.0,64.0,6.0,June
2023-06-24,hot cocoa latte ,Sans Coffee,1,Quality issue,32.0,32.0,6.0,June
2023-06-25,sparkling berry,Sans Coffee,1,Spoiled,31.0,31.0,6.0,June
2023-06-25,BFF (Better French fries) Large (cheese ),Mini Bites,1,Over-prepared,28.0,28.0,6.0,June
2023-06-25,French fries Spicy barbecue  (large ),Mini Bites,1,Over-prepared,30.0,30.0,6.0,June
2023-06-25,Chicken wings (1 dozen),Mini Bites,1,Over-prepared,165.0,165.0,6.0,June
2023-06-25,Chicken wings (half dozen),Mini Bites,3,Spoiled,82.0,246.0,6.0,June
2023-06-26,Iced honey shaken espresso ,Signature Kôfē,2,Spoiled,36.0,72.0,6.0,June
2023-06-26,simple milk tea ,Sans Coffee,1,Expired,28.0,28.0,6.0,June
2023-06-26,Chiz melt  (ham),Mini Bites,3,Spoiled,26.0,78.0,6.0,June
2023-06-26,BFF (Better French fries) Large (cheese ),Mini Bites,1,Over-prepared,28.0,28.0,6.0,June
2023-06-27,Cold brew with foamy vanilla ,Sans Coffee,2,Spoiled,31.0,62.0,6.0,June
2023-06-27,Coffee Syphon (arabica),Sans Coffee,1,Quality issue,30.0,30.0,6.0,June
2023-06-27,street food sampler (large),Sans Coffee,2,Over-prepared,28.0,56.0,6.0,June
2023-06-28,mango banana milk shake ,Kôfē Frappé,3,Expired,35.0,105.0,6.0,June
2023-06-28,BFF (Better French fries) Large (sour cream),Mini Bites,3,Over-prepared,28.0,84.0,6.0,June
2023-06-28, latte ,Coffee Based,2,Expired,29.0,58.0,6.0,June
2023-06-29,white mocha  (iced),Coffee Based,1,Over-prepared,35.0,35.0,6.0,June
2023-06-29,sparkling berry,Sans Coffee,3,Over-prepared,31.0,93.0,6.0,June
2023-06-29,Spanish latte (hot),Coffee Based,3,Expired,29.0,87.0,6.0,June
2023-06-30,white mocha (iced),Coffee Based,2,Over-prepared,45.0,90.0,6.0,June
2023-06-30,Chicken fillet,Mini Bites,2,Expired,45.0,90.0,6.0,June
2023-06-30,kofetala special blend ,Sans Coffee,3,Over-prepared,34.0,102.0,6.0,June
2023-07-01,drip coffee (8 bags/pouch) (barako),Sans Coffee,3,Over-prepared,37.0,111.0,7.0,July
2023-07-01,French fries Spicy barbecue  (medium ),Mini Bites,4,Quality issue,18.0,72.0,7.0,July
2023-07-01,super mocha ,Kôfē Frappé,1,Spoiled,38.0,38.0,7.0,July
2023-07-01,choco coated waffle,Sans Coffee,3,Expired,21.0,63.0,7.0,July
2023-07-02,Chiz melt  (bacon),Mini Bites,3,Over-prepared,28.0,84.0,7.0,July
2023-07-02,cappuccino  (hot),Coffee Based,2,Over-prepared,29.0,58.0,7.0,July
2023-07-02,FFFF (plain with catsup medium),Sans Coffee,4,Expired,8.0,32.0,7.0,July
2023-07-02,Belgian waffle  (strawberry chocolate ),Sans Coffee,2,Expired,27.0,54.0,7.0,July
2023-07-02,the Christmas drink (hot ),Signature Kôfē,2,Over-prepared,32.0,64.0,7.0,July
2023-07-03,Whipped Americano,Signature Kôfē,3,Over-prepared,36.0,108.0,7.0,July
2023-07-03,caramel macchiato (hot),Coffee Based,3,Spoiled,42.0,126.0,7.0,July
2023-07-03,BFF (Better French fries)medium  (bbq ),Mini Bites,1,Expired,16.0,16.0,7.0,July
2023-07-03,FFFF (large bbq),Sans Coffee,1,Expired,18.0,18.0,7.0,July
2023-07-04,hot citron tea,Sans Coffee,3,Over-prepared,22.0,66.0,7.0,July
2023-07-04,the super charged (25% more coffee)  (iced),Sans Coffee,1,Over-prepared,34.0,34.0,7.0,July
2023-07-04,Choco caramel decadence,Sans Coffee,2,Over-prepared,45.0,90.0,7.0,July
2023-07-04,the Christmas drink (iced),Signature Kôfē,3,Over-prepared,34.0,102.0,7.0,July
2023-07-05,street food sampler (medium),Sans Coffee,3,Expired,16.0,48.0,7.0,July
2023-07-05,kofetala special blend ,Sans Coffee,2,Over-prepared,34.0,68.0,7.0,July
2023-07-05,mocha (hot),Coffee Based,1,Quality issue,31.0,31.0,7.0,July
2023-07-05,Spanish latte (hot),Coffee Based,3,Expired,29.0,87.0,7.0,July
2023-07-06,BFF (Better French fries) Large (cheese ),Mini Bites,3,Over-prepared,28.0,84.0,7.0,July
2023-07-06,Chiz melt  (ham),Mini Bites,2,Quality issue,26.0,52.0,7.0,July
2023-07-06,iced creamy barako,Sans Coffee,2,Over-prepared,24.0,48.0,7.0,July
2023-07-06,BFF (Better French fries) Large (cheese),Mini Bites,2,Over-prepared,30.0,60.0,7.0,July
2023-07-07,caramel macchiato (iced),Coffee Based,3,Spoiled,45.0,135.0,7.0,July
2023-07-07,BFF (Better French fries)medium  (medium ),Mini Bites,3,Quality issue,15.0,45.0,7.0,July
2023-07-07,white mocha (iced),Coffee Based,1,Quality issue,45.0,45.0,7.0,July
2023-07-08,BFF (Better French fries) Large (bbq),Mini Bites,1,Spoiled,28.0,28.0,7.0,July
2023-07-08,6 Chicken wings ,Mini Bites,1,Spoiled,82.0,82.0,7.0,July
2023-07-08,French fries Spicy barbecue  (large ),Mini Bites,2,Over-prepared,30.0,60.0,7.0,July
2023-07-08,BFF (Better French fries)medium  (medium ),Mini Bites,2,Over-prepared,15.0,30.0,7.0,July
2023-07-09,BFF (Better French fries) Large (bbq),Mini Bites,1,Spoiled,28.0,28.0,7.0,July
2023-07-09,Belgian waffle  (mango caramel ),Sans Coffee,1,Over-prepared,27.0,27.0,7.0,July
2023-07-09,Overload lomi (malabnaw),Mini Bites,2,Expired,99.0,198.0,7.0,July
2023-07-09,dalgona ,Signature Kôfē,3,Over-prepared,32.0,96.0,7.0,July
2023-07-10,oreo overload Frappe ,Kôfē Frappé,1,Over-prepared,37.0,37.0,7.0,July
2023-07-10,Belgian waffle  (strawberry chocolate ),Sans Coffee,1,Over-prepared,27.0,27.0,7.0,July
2023-07-10,the SM tea,Sans Coffee,2,Spoiled,37.0,74.0,7.0,July
2023-07-11,the super charged (25% more coffee)  (iced),Sans Coffee,2,Over-prepared,34.0,68.0,7.0,July
2023-07-11,white mocha (hot),Coffee Based,3,Over-prepared,42.0,126.0,7.0,July
2023-07-11,Brownies ,Sans Coffee,4,Expired,21.0,84.0,7.0,July
2023-07-12,choco coated waffle,Sans Coffee,2,Over-prepared,21.0,42.0,7.0,July
2023-07-12,iced premium barako,Sans Coffee,2,Spoiled,21.0,42.0,7.0,July
2023-07-12,extra shot,Sans Coffee,1,Over-prepared,16.0,16.0,7.0,July
2023-07-13,Add_on (egg),Sans Coffee,4,Over-prepared,10.0,40.0,7.0,July
2023-07-13,mango banana milk shake ,Kôfē Frappé,1,Expired,35.0,35.0,7.0,July
2023-07-13,street food sampler (medium),Sans Coffee,3,Over-prepared,16.0,48.0,7.0,July
2023-07-14,FFFF (med sc),Sans Coffee,2,Expired,8.0,16.0,7.0,July
2023-07-14,blended cappuccino ,Kôfē Frappé,2,Over-prepared,33.0,66.0,7.0,July
2023-07-14,FFFF (large bbq),Sans Coffee,1,Over-prepared,18.0,18.0,7.0,July
2023-07-15,Choco caramel decadence,Sans Coffee,2,Expired,45.0,90.0,7.0,July
2023-07-15,BFF (Better French fries)medium  (sour cream),Mini Bites,1,Over-prepared,16.0,16.0,7.0,July
2023-07-15,belgian waffle plain ,Sans Coffee,3,Quality issue,21.0,63.0,7.0,July
2023-07-15,Belgian waffle  (peanut butter ),Sans Coffee,1,Spoiled,25.0,25.0,7.0,July
2023-07-16,6 Chicken wings ,Mini Bites,2,Over-prepared,82.0,164.0,7.0,July
2023-07-16,caramel macchiato  (hot),Coffee Based,3,Spoiled,32.0,96.0,7.0,July
2023-07-16,Spanish latte (iced),Coffee Based,2,Over-prepared,32.0,64.0,7.0,July
2023-07-16,caramel macchiato  (iced),Coffee Based,3,Over-prepared,35.0,105.0,7.0,July
2023-07-17,oreo overload Frappe ,Kôfē Frappé,1,Over-prepared,37.0,37.0,7.0,July
2023-07-17,belgian waffle plain ,Sans Coffee,1,Spoiled,21.0,21.0,7.0,July
2023-07-17,Brownies ,Sans Coffee,2,Over-prepared,21.0,42.0,7.0,July
2023-07-18,street food sampler (medium),Sans Coffee,2,Quality issue,16.0,32.0,7.0,July
2023-07-18,hot cocoa latte ,Sans Coffee,3,Over-prepared,32.0,96.0,7.0,July
2023-07-18,triple caramel,Kôfē Frappé,1,Spoiled,48.0,48.0,7.0,July
2023-07-19,Drip coffee  (barako),Sans Coffee,3,Over-prepared,17.0,51.0,7.0,July
2023-07-19,hot citron tea,Sans Coffee,1,Over-prepared,22.0,22.0,7.0,July
2023-07-19,white mocha (iced),Coffee Based,3,Quality issue,45.0,135.0,7.0,July
2023-07-20,matcha Supreme latte (hot),Sans Coffee,3,Expired,32.0,96.0,7.0,July
2023-07-20,BFF (Better French fries) Large (cheese ),Mini Bites,1,Over-prepared,28.0,28.0,7.0,July
2023-07-20,latte,Coffee Based,3,Over-prepared,42.0,126.0,7.0,July
2023-07-21,Add_on (cheese),Sans Coffee,2,Over-prepared,12.0,24.0,7.0,July
2023-07-21,Add_on (kimchi),Sans Coffee,1,Quality issue,15.0,15.0,7.0,July
2023-07-21,oreo overload Frappe,Kôfē Frappé,1,Over-prepared,48.0,48.0,7.0,July
2023-07-22,Iced honey shaken espresso ,Signature Kôfē,3,Expired,36.0,108.0,7.0,July
2023-07-22,French fries plain (large),Mini Bites,1,Over-prepared,90.0,90.0,7.0,July
2023-07-22,americano (iced),Coffee Based,2,Over-prepared,28.0,56.0,7.0,July
2023-07-22,BFF (Better French fries)medium  (sour cream),Mini Bites,1,Over-prepared,16.0,16.0,7.0,July
2023-07-23,hot citron tea,Sans Coffee,3,Expired,22.0,66.0,7.0,July
2023-07-23,BFF (Better French fries) Large (bbq),Mini Bites,1,Over-prepared,28.0,28.0,7.0,July
2023-07-23,Chiz melt  (spam lite),Mini Bites,3,Expired,27.0,81.0,7.0,July
2023-07-23,mocha (hot),Coffee Based,1,Over-prepared,31.0,31.0,7.0,July
2023-07-24,oreo overload Frappe,Kôfē Frappé,3,Over-prepared,48.0,144.0,7.0,July
2023-07-24,FFFF (med sc),Sans Coffee,3,Expired,8.0,24.0,7.0,July
2023-07-24,Choco caramel decadence,Sans Coffee,1,Over-prepared,45.0,45.0,7.0,July
2023-07-25,oreo overload Frappe,Kôfē Frappé,4,Spoiled,48.0,192.0,7.0,July
2023-07-25,Sinagtala lomi 20 pax,Mini Bites,1,Quality issue,360.0,360.0,7.0,July
2023-07-25,BFF (Better French fries) Large (cheese),Mini Bites,4,Over-prepared,30.0,120.0,7.0,July
2023-07-26,iced premium barako,Sans Coffee,1,Over-prepared,21.0,21.0,7.0,July
2023-07-26,cappuccino  (hot),Coffee Based,3,Over-prepared,29.0,87.0,7.0,July
2023-07-26,Cookies ,Sans Coffee,1,Spoiled,18.0,18.0,7.0,July
2023-07-27,hot cocoa latte ,Sans Coffee,2,Expired,32.0,64.0,7.0,July
2023-07-27,Add_on (ham),Sans Coffee,2,Expired,15.0,30.0,7.0,July
2023-07-27,americano (hot),Coffee Based,2,Over-prepared,26.0,52.0,7.0,July
2023-07-28,Add_on (kimchi),Sans Coffee,1,Expired,15.0,15.0,7.0,July
2023-07-28,Choco caramel decadence,Sans Coffee,2,Over-prepared,45.0,90.0,7.0,July
2023-07-28,hot creamy barako,Sans Coffee,4,Expired,19.0,76.0,7.0,July
2023-07-29,brownie,Sans Coffee,2,Quality issue,21.0,42.0,7.0,July
2023-07-29,iced premium barako,Sans Coffee,2,Spoiled,21.0,42.0,7.0,July
2023-07-29,BFF (Better French fries) Large (cheese),Mini Bites,1,Quality issue,30.0,30.0,7.0,July
2023-07-29,Spanish latte (iced),Coffee Based,3,Spoiled,32.0,96.0,7.0,July
2023-07-30,premium barako,Sans Coffee,4,Expired,15.0,60.0,7.0,July
2023-07-30,super mocha ,Kôfē Frappé,2,Spoiled,38.0,76.0,7.0,July
2023-07-30,Choco caramel decadence,Sans Coffee,2,Over-prepared,45.0,90.0,7.0,July
2023-07-30,the Christmas drink (iced),Signature Kôfē,3,Over-prepared,34.0,102.0,7.0,July
2023-07-31,Iced honey shaken espresso ,Signature Kôfē,2,Over-prepared,36.0,72.0,7.0,July
2023-07-31,premium barako,Sans Coffee,2,Expired,15.0,30.0,7.0,July
2023-07-31,oreo overload Frappe ,Kôfē Frappé,2,Spoiled,37.0,74.0,7.0,July
2023-08-01,the super charged (25% more coffee)  (iced),Sans Coffee,3,Over-prepared,34.0,102.0,8.0,August
2023-08-01,Cold brew with foamy vanilla ,Sans Coffee,1,Over-prepared,31.0,31.0,8.0,August
2023-08-01,blended cappuccino ,Kôfē Frappé,3,Quality issue,33.0,99.0,8.0,August
2023-08-02,Add_on (seaweeds),Sans Coffee,3,Spoiled,8.0,24.0,8.0,August
2023-08-02,FFFF (plain with catsup medium),Sans Coffee,2,Over-prepared,8.0,16.0,8.0,August
2023-08-02,cappuccino  (hot),Coffee Based,3,Over-prepared,29.0,87.0,8.0,August
2023-08-03,Overload lomi (malabnaw),Mini Bites,1,Over-prepared,99.0,99.0,8.0,August
2023-08-03,Drip coffee  (barako),Sans Coffee,1,Spoiled,17.0,17.0,8.0,August
2023-08-03,sparkling berry,Sans Coffee,1,Over-prepared,31.0,31.0,8.0,August
2023-08-04,Drip coffee  (barako),Sans Coffee,4,Over-prepared,17.0,68.0,8.0,August
2023-08-04,Add_on (kimchi),Sans Coffee,1,Over-prepared,15.0,15.0,8.0,August
2023-08-04,FFFF (med sc),Sans Coffee,2,Over-prepared,8.0,16.0,8.0,August
2023-08-05,drip coffee (8 bags/pouch) (barako),Sans Coffee,3,Expired,37.0,111.0,8.0,August
2023-08-05,the SM tea,Sans Coffee,2,Quality issue,37.0,74.0,8.0,August
2023-08-05,cappuccino  (hot),Coffee Based,2,Expired,29.0,58.0,8.0,August
2023-08-05,BFF (Better French fries)medium  (medium ),Mini Bites,2,Over-prepared,15.0,30.0,8.0,August
2023-08-06,kofetala special blend ,Sans Coffee,2,Expired,34.0,68.0,8.0,August
2023-08-06,Sinagtala lomi 20 pax,Mini Bites,1,Over-prepared,360.0,360.0,8.0,August
2023-08-06,oreo overload Frappe,Kôfē Frappé,2,Over-prepared,48.0,96.0,8.0,August
2023-08-06,Chiz melt  (bacon),Mini Bites,3,Expired,28.0,84.0,8.0,August
2023-08-07,the SM tea,Sans Coffee,2,Over-prepared,37.0,74.0,8.0,August
2023-08-07,drip coffee (8 bags/pouch) (arabica),Sans Coffee,3,Expired,62.0,186.0,8.0,August
2023-08-07,caramel macchiato  (iced),Coffee Based,2,Expired,35.0,70.0,8.0,August
2023-08-08,extra shot,Sans Coffee,1,Quality issue,16.0,16.0,8.0,August
2023-08-08,Product Name (special b),Sans Coffee,1,Spoiled,46.0,46.0,8.0,August
2023-08-08,hot creamy barako,Sans Coffee,2,Spoiled,19.0,38.0,8.0,August
2023-08-09,matcha Supreme latte (iced),Sans Coffee,3,Spoiled,35.0,105.0,8.0,August
2023-08-09,BFF (Better French fries) Large (cheese ),Mini Bites,1,Quality issue,28.0,28.0,8.0,August
2023-08-10,BFF (Better French fries) Large (cheese),Mini Bites,3,Spoiled,30.0,90.0,8.0,August
2023-08-10,FFFF (large bbq),Sans Coffee,2,Spoiled,18.0,36.0,8.0,August
2023-08-10,Product Name (regular ),Sans Coffee,1,Over-prepared,18.0,18.0,8.0,August
2023-08-11,FFFF (med sc),Sans Coffee,1,Over-prepared,8.0,8.0,8.0,August
2023-08-11,oreo overload Frappe,Kôfē Frappé,3,Quality issue,48.0,144.0,8.0,August
2023-08-11,the Christmas drink (iced),Signature Kôfē,4,Over-prepared,34.0,136.0,8.0,August
2023-08-12,BFF (Better French fries) Large (sour cream),Mini Bites,2,Expired,28.0,56.0,8.0,August
2023-08-12,street food sampler (medium),Sans Coffee,1,Quality issue,16.0,16.0,8.0,August
2023-08-12,choco dinosaur latte,Sans Coffee,3,Quality issue,35.0,105.0,8.0,August
2023-08-13,French fries Spicy barbecue  (large ),Mini Bites,1,Over-prepared,30.0,30.0,8.0,August
2023-08-13,triple caramel ,Kôfē Frappé,2,Expired,38.0,76.0,8.0,August
2023-08-13,choco dinosaur latte,Sans Coffee,3,Spoiled,35.0,105.0,8.0,August
2023-08-14,Sinagtala lomi 20 pax,Mini Bites,4,Quality issue,360.0,1440.0,8.0,August
2023-08-14,Extra Rice,Sans Coffee,2,Over-prepared,5.0,10.0,8.0,August
2023-08-14,matcha espresso fusion  (hot),Signature Kôfē,1,Over-prepared,32.0,32.0,8.0,August
2023-08-15,Whipped Americano,Signature Kôfē,1,Over-prepared,36.0,36.0,8.0,August
2023-08-15,Overload lomi (malapot),Mini Bites,1,Quality issue,99.0,99.0,8.0,August
2023-08-15,dalgona ,Signature Kôfē,1,Over-prepared,32.0,32.0,8.0,August
2023-08-16,brownie,Sans Coffee,1,Over-prepared,21.0,21.0,8.0,August
2023-08-16,FFFF (large bbq),Sans Coffee,3,Expired,18.0,54.0,8.0,August
2023-08-16,Whipped Americano,Signature Kôfē,2,Over-prepared,36.0,72.0,8.0,August
2023-08-17,Drip coffee  (barako),Sans Coffee,3,Expired,17.0,51.0,8.0,August
2023-08-17,French fries Spicy barbecue  (medium ),Mini Bites,1,Over-prepared,18.0,18.0,8.0,August
2023-08-17,caramel macchiato (hot),Coffee Based,4,Expired,42.0,168.0,8.0,August
2023-08-18,kofetala special blend ,Sans Coffee,1,Expired,34.0,34.0,8.0,August
2023-08-18,triple caramel ,Kôfē Frappé,4,Over-prepared,38.0,152.0,8.0,August
2023-08-18,Add_on (cheese),Sans Coffee,2,Over-prepared,12.0,24.0,8.0,August
2023-08-19,FFFF (large cheese ),Sans Coffee,2,Over-prepared,18.0,36.0,8.0,August
2023-08-19,Brownies ,Sans Coffee,1,Over-prepared,21.0,21.0,8.0,August
2023-08-19,BFF (Better French fries)medium  (sour cream),Mini Bites,1,Over-prepared,16.0,16.0,8.0,August
2023-08-20,Chiz melt  (bacon),Mini Bites,1,Over-prepared,28.0,28.0,8.0,August
2023-08-20,oreo overload Frappe,Kôfē Frappé,4,Over-prepared,48.0,192.0,8.0,August
2023-08-20,Add_on (ham),Sans Coffee,2,Over-prepared,15.0,30.0,8.0,August
2023-08-21,street food sampler (medium),Sans Coffee,3,Over-prepared,16.0,48.0,8.0,August
2023-08-21,Strawberry Reverie ,Sans Coffee,2,Expired,39.0,78.0,8.0,August
2023-08-21,the super charged (25% more coffee)  (hot),Sans Coffee,3,Over-prepared,31.0,93.0,8.0,August
2023-08-22,Add_on (cheese),Sans Coffee,2,Over-prepared,12.0,24.0,8.0,August
2023-08-22,Spanish latte (hot),Coffee Based,1,Spoiled,29.0,29.0,8.0,August
2023-08-22,white mocha  (hot),Coffee Based,2,Over-prepared,32.0,64.0,8.0,August
2023-08-23,Brownies ,Sans Coffee,3,Expired,21.0,63.0,8.0,August
2023-08-23,Belgian waffle  (strawberry chocolate ),Sans Coffee,1,Over-prepared,27.0,27.0,8.0,August
2023-08-24,hot citron tea,Sans Coffee,2,Expired,22.0,44.0,8.0,August
2023-08-24,caramel macchiato  (hot),Coffee Based,1,Over-prepared,32.0,32.0,8.0,August
2023-08-24,simple milk tea ,Sans Coffee,1,Expired,28.0,28.0,8.0,August
2023-08-25,choco dinosaur latte,Sans Coffee,3,Spoiled,35.0,105.0,8.0,August
2023-08-25,Chicken pops (bbq),Mini Bites,2,Expired,50.0,100.0,8.0,August
2023-08-25,sparkling berry,Sans Coffee,2,Over-prepared,31.0,62.0,8.0,August
2023-08-26,Chiz melt (bacon),Mini Bites,2,Over-prepared,30.0,60.0,8.0,August
2023-08-26,kofetala special blend ,Sans Coffee,2,Expired,34.0,68.0,8.0,August
2023-08-26,triple caramel,Kôfē Frappé,1,Expired,48.0,48.0,8.0,August
2023-08-26,Iced honey shaken espresso ,Signature Kôfē,3,Over-prepared,36.0,108.0,8.0,August
2023-08-27,FFFF (large cheese ),Sans Coffee,3,Expired,18.0,54.0,8.0,August
2023-08-27,BFF (Better French fries) Large (cheese ),Mini Bites,2,Expired,28.0,56.0,8.0,August
2023-08-27,caramel macchiato  (iced),Coffee Based,1,Over-prepared,35.0,35.0,8.0,August
2023-08-27,matcha Supreme latte (hot),Sans Coffee,1,Over-prepared,32.0,32.0,8.0,August
2023-08-28,sparkling berry,Sans Coffee,3,Over-prepared,31.0,93.0,8.0,August
2023-08-28,BFF (Better French fries) Large (bbq),Mini Bites,3,Over-prepared,28.0,84.0,8.0,August
2023-08-28,latte,Coffee Based,2,Over-prepared,42.0,84.0,8.0,August
2023-08-29,dirty coffee shake ,Kôfē Frappé,3,Quality issue,38.0,114.0,8.0,August
2023-08-29,FFFF (large sc),Sans Coffee,1,Over-prepared,18.0,18.0,8.0,August
2023-08-29,white mocha (iced),Coffee Based,2,Over-prepared,45.0,90.0,8.0,August
2023-08-30,BFF (Better French fries)medium  (large),Mini Bites,2,Spoiled,27.0,54.0,8.0,August
2023-08-30,Spanish latte (iced),Coffee Based,3,Over-prepared,32.0,96.0,8.0,August
2023-08-30,latte,Coffee Based,1,Spoiled,42.0,42.0,8.0,August
2023-08-31,the Christmas drink (iced),Signature Kôfē,2,Expired,34.0,68.0,8.0,August
2023-08-31,triple caramel ,Kôfē Frappé,3,Spoiled,38.0,114.0,8.0,August
2023-08-31,Brownies ,Sans Coffee,1,Over-prepared,21.0,21.0,8.0,August
2023-09-01,Chiz melt  (ham),Mini Bites,1,Over-prepared,26.0,26.0,9.0,September
2023-09-01,Belgian waffle  (mango caramel ),Sans Coffee,2,Spoiled,27.0,54.0,9.0,September
2023-09-01,BFF (Better French fries) Large (bbq),Mini Bites,1,Expired,28.0,28.0,9.0,September
2023-09-02,matcha espresso fusion  (hot),Signature Kôfē,3,Over-prepared,32.0,96.0,9.0,September
2023-09-02,Chicken wings (3pcs),Mini Bites,1,Over-prepared,45.0,45.0,9.0,September
2023-09-02,Belgian waffle  (peanut butter ),Sans Coffee,2,Over-prepared,25.0,50.0,9.0,September
2023-09-03,triple caramel,Kôfē Frappé,4,Expired,48.0,192.0,9.0,September
2023-09-03,BFF (Better French fries)medium  (bbq ),Mini Bites,2,Spoiled,16.0,32.0,9.0,September
2023-09-03,the SM tea,Sans Coffee,4,Over-prepared,37.0,148.0,9.0,September
2023-09-03,oreo overload Frappe ,Kôfē Frappé,2,Over-prepared,37.0,74.0,9.0,September
2023-09-04,Chicken wings (extra rice ),Mini Bites,1,Expired,4.0,4.0,9.0,September
2023-09-04,Add_on (egg),Sans Coffee,2,Over-prepared,10.0,20.0,9.0,September
2023-09-04,Chicken fillet,Mini Bites,1,Expired,45.0,45.0,9.0,September
2023-09-05,Overload lomi (malapot),Mini Bites,4,Spoiled,99.0,396.0,9.0,September
2023-09-05,hot citron tea,Sans Coffee,2,Spoiled,22.0,44.0,9.0,September
2023-09-05,Chicken fillet,Mini Bites,2,Expired,45.0,90.0,9.0,September
2023-09-06,Add_on (kimchi),Sans Coffee,4,Over-prepared,15.0,60.0,9.0,September
2023-09-06,Cold brew with foamy vanilla ,Sans Coffee,3,Expired,31.0,93.0,9.0,September
2023-09-06,Overload lomi (malapot),Mini Bites,1,Over-prepared,99.0,99.0,9.0,September
2023-09-07,Chicken wings (3pcs),Mini Bites,2,Over-prepared,45.0,90.0,9.0,September
2023-09-07,Coffee Syphon (arabica),Sans Coffee,4,Over-prepared,30.0,120.0,9.0,September
2023-09-08,BFF (Better French fries)medium  (sour cream),Mini Bites,2,Expired,16.0,32.0,9.0,September
2023-09-08,BFF (Better French fries) Large (cheese ),Mini Bites,1,Over-prepared,28.0,28.0,9.0,September
2023-09-08,hot creamy barako,Sans Coffee,3,Over-prepared,19.0,57.0,9.0,September
2023-09-09,FFFF (large cheese ),Sans Coffee,3,Quality issue,18.0,54.0,9.0,September
2023-09-09,Overload lomi (malapot),Mini Bites,2,Expired,99.0,198.0,9.0,September
2023-09-09,Chicken pops (bbq),Mini Bites,3,Quality issue,50.0,150.0,9.0,September
2023-09-10,FFFF (large cheese ),Sans Coffee,4,Over-prepared,18.0,72.0,9.0,September
2023-09-10,white mocha  (hot),Coffee Based,4,Expired,32.0,128.0,9.0,September
2023-09-10,strawberry latte,Sans Coffee,2,Over-prepared,36.0,72.0,9.0,September
2023-09-10,sparkling berry,Sans Coffee,4,Expired,31.0,124.0,9.0,September
2023-09-11,dirty coffee shake ,Kôfē Frappé,2,Expired,38.0,76.0,9.0,September
2023-09-11,Spanish latte (iced),Coffee Based,2,Over-prepared,32.0,64.0,9.0,September
2023-09-11,Belgian waffle  (strawberry chocolate ),Sans Coffee,1,Quality issue,27.0,27.0,9.0,September
2023-09-12,Add_on (egg),Sans Coffee,4,Expired,10.0,40.0,9.0,September
2023-09-12,oreo overload Frappe ,Kôfē Frappé,4,Over-prepared,37.0,148.0,9.0,September
2023-09-12,Sinagtala lomi 20 pax,Mini Bites,4,Over-prepared,360.0,1440.0,9.0,September
2023-09-13,Belgian waffle  (mango caramel ),Sans Coffee,4,Expired,27.0,108.0,9.0,September
2023-09-13,BFF (Better French fries) Large (cheese ),Mini Bites,2,Over-prepared,28.0,56.0,9.0,September
2023-09-13,Overload lomi (malabnaw),Mini Bites,1,Over-prepared,99.0,99.0,9.0,September
2023-09-14,white mocha (iced),Coffee Based,1,Over-prepared,45.0,45.0,9.0,September
2023-09-14,Spanish latte (iced),Coffee Based,3,Quality issue,32.0,96.0,9.0,September
2023-09-14,6 Chicken wings ,Mini Bites,3,Spoiled,82.0,246.0,9.0,September
2023-09-15,Chiz melt  (spam lite),Mini Bites,3,Over-prepared,27.0,81.0,9.0,September
2023-09-15,dirty coffee shake ,Kôfē Frappé,3,Over-prepared,38.0,114.0,9.0,September
2023-09-15,the Christmas drink (hot ),Signature Kôfē,1,Over-prepared,32.0,32.0,9.0,September
2023-09-16,Chicken wings (3pcs),Mini Bites,2,Expired,45.0,90.0,9.0,September
2023-09-16,FFFF (large cheese ),Sans Coffee,3,Over-prepared,18.0,54.0,9.0,September
2023-09-16,the Christmas drink (iced),Signature Kôfē,2,Spoiled,34.0,68.0,9.0,September
2023-09-17,blended cappuccino ,Kôfē Frappé,3,Over-prepared,33.0,99.0,9.0,September
2023-09-17,FFFF (large bbq),Sans Coffee,1,Spoiled,18.0,18.0,9.0,September
2023-09-17,Chiz melt  (ham),Mini Bites,1,Quality issue,26.0,26.0,9.0,September
2023-09-18,BFF (Better French fries) Large (cheese ),Mini Bites,3,Over-prepared,28.0,84.0,9.0,September
2023-09-18,matcha Supreme latte (hot),Sans Coffee,2,Over-prepared,32.0,64.0,9.0,September
2023-09-18,Chiz melt  (ham),Mini Bites,1,Spoiled,26.0,26.0,9.0,September
2023-09-19,iced creamy barako,Sans Coffee,1,Over-prepared,24.0,24.0,9.0,September
2023-09-19,Spanish latte (hot),Coffee Based,1,Over-prepared,29.0,29.0,9.0,September
2023-09-20,Coffee Syphon (arabica),Sans Coffee,4,Quality issue,30.0,120.0,9.0,September
2023-09-20,americano (hot),Coffee Based,3,Expired,26.0,78.0,9.0,September
2023-09-20,matcha Supreme latte (iced),Sans Coffee,3,Over-prepared,35.0,105.0,9.0,September
2023-09-21,Chicken pops (bbq),Mini Bites,3,Spoiled,50.0,150.0,9.0,September
2023-09-21,Spanish latte (iced),Coffee Based,1,Quality issue,32.0,32.0,9.0,September
2023-09-22,mango banana milk shake ,Kôfē Frappé,1,Expired,35.0,35.0,9.0,September
2023-09-22,caramel macchiato (hot),Coffee Based,4,Spoiled,42.0,168.0,9.0,September
2023-09-22,Sinagtala lomi 20 pax,Mini Bites,1,Spoiled,360.0,360.0,9.0,September
2023-09-23,extra shot,Sans Coffee,1,Quality issue,16.0,16.0,9.0,September
2023-09-23,6 Chicken wings ,Mini Bites,4,Spoiled,82.0,328.0,9.0,September
2023-09-23,BFF (Better French fries)medium  (large),Mini Bites,1,Over-prepared,27.0,27.0,9.0,September
2023-09-24,cappuccino  (hot),Coffee Based,2,Over-prepared,29.0,58.0,9.0,September
2023-09-24,BFF (Better French fries)medium  (sour cream),Mini Bites,2,Spoiled,16.0,32.0,9.0,September
2023-09-24,Chicken pops (bbq),Mini Bites,3,Over-prepared,50.0,150.0,9.0,September
2023-09-24,triple caramel ,Kôfē Frappé,1,Expired,38.0,38.0,9.0,September
2023-09-25,sparkling berry,Sans Coffee,3,Expired,31.0,93.0,9.0,September
2023-09-25, latte ,Coffee Based,3,Over-prepared,29.0,87.0,9.0,September
2023-09-26,white mocha  (iced),Coffee Based,2,Over-prepared,35.0,70.0,9.0,September
2023-09-26,oreo overload Frappe,Kôfē Frappé,3,Over-prepared,48.0,144.0,9.0,September
2023-09-26,Add_on (cheese),Sans Coffee,3,Spoiled,12.0,36.0,9.0,September
2023-09-27,Coffee Syphon (arabica),Sans Coffee,4,Quality issue,30.0,120.0,9.0,September
2023-09-27,the Christmas drink (iced),Signature Kôfē,3,Expired,34.0,102.0,9.0,September
2023-09-28,French fries plain (large),Mini Bites,1,Spoiled,90.0,90.0,9.0,September
2023-09-28,hot citron tea,Sans Coffee,2,Over-prepared,22.0,44.0,9.0,September
2023-09-28,Chicken wings (3pcs),Mini Bites,1,Spoiled,45.0,45.0,9.0,September
2023-09-29,street food sampler (medium),Sans Coffee,2,Over-prepared,16.0,32.0,9.0,September
2023-09-29,BFF (Better French fries)medium  (bbq ),Mini Bites,1,Over-prepared,16.0,16.0,9.0,September
2023-09-30,sparkling berry,Sans Coffee,3,Expired,31.0,93.0,9.0,September
2023-09-30,Chicken wings (extra rice ),Mini Bites,3,Over-prepared,4.0,12.0,9.0,September
2023-09-30,blended cappuccino ,Kôfē Frappé,4,Over-prepared,33.0,132.0,9.0,September
2023-10-01,mocha (iced),Coffee Based,1,Spoiled,35.0,35.0,10.0,October
2023-10-01,French fries plain (large),Mini Bites,3,Over-prepared,90.0,270.0,10.0,October
2023-10-01,matcha Supreme latte (hot),Sans Coffee,4,Over-prepared,32.0,128.0,10.0,October
2023-10-01,Chicken wings (half dozen),Mini Bites,4,Expired,82.0,328.0,10.0,October
2023-10-02,Spanish latte (iced),Coffee Based,1,Spoiled,32.0,32.0,10.0,October
2023-10-02,Add_on (seaweeds),Sans Coffee,1,Over-prepared,8.0,8.0,10.0,October
2023-10-03,Chiz melt (bacon),Mini Bites,1,Over-prepared,30.0,30.0,10.0,October
2023-10-03,Choco caramel decadence,Sans Coffee,1,Quality issue,45.0,45.0,10.0,October
2023-10-03,triple caramel,Kôfē Frappé,3,Quality issue,48.0,144.0,10.0,October
2023-10-04,Extra Rice,Sans Coffee,3,Spoiled,5.0,15.0,10.0,October
2023-10-04,Strawberry Reverie ,Sans Coffee,3,Over-prepared,39.0,117.0,10.0,October
2023-10-05,caramel macchiato  (iced),Coffee Based,2,Over-prepared,35.0,70.0,10.0,October
2023-10-05,BFF (Better French fries) Large (cheese),Mini Bites,2,Over-prepared,30.0,60.0,10.0,October
2023-10-05,oreo overload Frappe ,Kôfē Frappé,3,Spoiled,37.0,111.0,10.0,October
2023-10-06,caramel macchiato  (iced),Coffee Based,1,Spoiled,35.0,35.0,10.0,October
2023-10-06,Chicken wings (extra rice ),Mini Bites,2,Over-prepared,4.0,8.0,10.0,October
2023-10-06,mocha (iced),Coffee Based,4,Quality issue,35.0,140.0,10.0,October
2023-10-07,Belgian waffle  (mango caramel ),Sans Coffee,4,Quality issue,27.0,108.0,10.0,October
2023-10-07,oreo overload Frappe ,Kôfē Frappé,1,Spoiled,37.0,37.0,10.0,October
2023-10-07,mango banana milk shake ,Kôfē Frappé,1,Over-prepared,35.0,35.0,10.0,October
2023-10-07,Chiz melt  (bacon),Mini Bites,3,Expired,28.0,84.0,10.0,October
2023-10-08,FFFF (large cheese ),Sans Coffee,2,Expired,18.0,36.0,10.0,October
2023-10-08,Chicken wings (extra rice ),Mini Bites,2,Spoiled,4.0,8.0,10.0,October
2023-10-08,iced creamy barako,Sans Coffee,1,Expired,24.0,24.0,10.0,October
2023-10-08,matcha espresso fusion  (iced),Signature Kôfē,1,Over-prepared,35.0,35.0,10.0,October
2023-10-09,Coffee Syphon (arabica),Sans Coffee,1,Spoiled,30.0,30.0,10.0,October
2023-10-09,iced creamy barako,Sans Coffee,3,Spoiled,24.0,72.0,10.0,October
2023-10-09,blended cappuccino ,Kôfē Frappé,2,Over-prepared,33.0,66.0,10.0,October
2023-10-10,Product Name (special a),Sans Coffee,4,Spoiled,41.0,164.0,10.0,October
2023-10-10,cappuccino  (hot),Coffee Based,3,Over-prepared,29.0,87.0,10.0,October
2023-10-10,sparkling berry,Sans Coffee,2,Over-prepared,31.0,62.0,10.0,October
2023-10-11,Chicken pops (bbq),Mini Bites,3,Spoiled,50.0,150.0,10.0,October
2023-10-11,French fries Spicy barbecue  (large ),Mini Bites,4,Over-prepared,30.0,120.0,10.0,October
2023-10-11,belgian waffle plain ,Sans Coffee,3,Expired,21.0,63.0,10.0,October
2023-10-12,oreo overload Frappe,Kôfē Frappé,3,Over-prepared,48.0,144.0,10.0,October
2023-10-12,Overload lomi (malabnaw),Mini Bites,2,Over-prepared,99.0,198.0,10.0,October
2023-10-12,matcha espresso fusion  (hot),Signature Kôfē,1,Over-prepared,32.0,32.0,10.0,October
2023-10-13,caramel macchiato (iced),Coffee Based,1,Expired,45.0,45.0,10.0,October
2023-10-13,Belgian waffle  (mango caramel ),Sans Coffee,3,Expired,27.0,81.0,10.0,October
2023-10-14,Chicken wings (1 dozen),Mini Bites,1,Over-prepared,165.0,165.0,10.0,October
2023-10-14, latte ,Coffee Based,3,Over-prepared,29.0,87.0,10.0,October
2023-10-14,BFF (Better French fries) Large (cheese),Mini Bites,1,Expired,30.0,30.0,10.0,October
2023-10-14,kofetala special blend ,Sans Coffee,1,Expired,34.0,34.0,10.0,October
2023-10-15,BFF (Better French fries) Large (cheese ),Mini Bites,2,Expired,28.0,56.0,10.0,October
2023-10-15,white mocha (iced),Coffee Based,4,Expired,45.0,180.0,10.0,October
2023-10-15,matcha Supreme latte (iced),Sans Coffee,2,Expired,35.0,70.0,10.0,October
2023-10-16,matcha Supreme latte (hot),Sans Coffee,2,Spoiled,32.0,64.0,10.0,October
2023-10-16,Belgian waffle  (mango caramel ),Sans Coffee,1,Expired,27.0,27.0,10.0,October
2023-10-16,triple caramel,Kôfē Frappé,1,Expired,48.0,48.0,10.0,October
2023-10-17,BFF (Better French fries) Large (sour cream),Mini Bites,2,Spoiled,28.0,56.0,10.0,October
2023-10-17,Chiz melt  (spam lite),Mini Bites,2,Over-prepared,27.0,54.0,10.0,October
2023-10-17,Ramen (regular),Mini Bites,1,Expired,17.0,17.0,10.0,October
2023-10-18,BFF (Better French fries) Large (sour cream),Mini Bites,1,Over-prepared,28.0,28.0,10.0,October
2023-10-18,Chiz melt (bacon),Mini Bites,4,Spoiled,30.0,120.0,10.0,October
2023-10-18,Chicken wings (extra rice ),Mini Bites,1,Over-prepared,4.0,4.0,10.0,October
2023-10-19,Add_on (cheese),Sans Coffee,1,Expired,12.0,12.0,10.0,October
2023-10-19,Cookies ,Sans Coffee,1,Expired,18.0,18.0,10.0,October
2023-10-20,matcha Supreme latte (hot),Sans Coffee,1,Quality issue,32.0,32.0,10.0,October
2023-10-20,hot citron tea,Sans Coffee,2,Over-prepared,22.0,44.0,10.0,October
2023-10-20,FFFF (plain with catsup medium),Sans Coffee,3,Over-prepared,8.0,24.0,10.0,October
2023-10-21,triple caramel ,Kôfē Frappé,3,Over-prepared,38.0,114.0,10.0,October
2023-10-21,belgian waffle plain ,Sans Coffee,2,Over-prepared,21.0,42.0,10.0,October
2023-10-21,Chicken fillet,Mini Bites,1,Expired,45.0,45.0,10.0,October
2023-10-22,Chicken wings (extra rice ),Mini Bites,3,Expired,4.0,12.0,10.0,October
2023-10-22,Whipped Americano,Signature Kôfē,1,Expired,36.0,36.0,10.0,October
2023-10-22,white mocha (iced),Coffee Based,2,Spoiled,45.0,90.0,10.0,October
2023-10-23,belgian waffle plain ,Sans Coffee,2,Over-prepared,21.0,42.0,10.0,October
2023-10-23,street food sampler (medium),Sans Coffee,3,Over-prepared,16.0,48.0,10.0,October
2023-10-23,mocha (iced),Coffee Based,1,Over-prepared,35.0,35.0,10.0,October
2023-10-24,iced premium barako,Sans Coffee,3,Spoiled,21.0,63.0,10.0,October
2023-10-24,BFF (Better French fries) Large (cheese),Mini Bites,1,Expired,30.0,30.0,10.0,October
2023-10-24,cappuccino  (hot),Coffee Based,2,Expired,29.0,58.0,10.0,October
2023-10-25,caramel macchiato (hot),Coffee Based,1,Expired,42.0,42.0,10.0,October
2023-10-25,BFF (Better French fries) Large (bbq),Mini Bites,3,Spoiled,28.0,84.0,10.0,October
2023-10-25, latte ,Coffee Based,2,Expired,29.0,58.0,10.0,October
2023-10-26,Belgian waffle  (strawberry chocolate ),Sans Coffee,4,Over-prepared,27.0,108.0,10.0,October
2023-10-26,Belgian waffle  (peanut butter ),Sans Coffee,1,Over-prepared,25.0,25.0,10.0,October
2023-10-26,FFFF (med sc),Sans Coffee,2,Spoiled,8.0,16.0,10.0,October
2023-10-27,dalgona ,Signature Kôfē,1,Quality issue,32.0,32.0,10.0,October
2023-10-27,latte,Coffee Based,2,Over-prepared,42.0,84.0,10.0,October
2023-10-27,drip coffee (8 bags/pouch) (arabica),Sans Coffee,1,Expired,62.0,62.0,10.0,October
2023-10-28,matcha Supreme latte (iced),Sans Coffee,1,Spoiled,35.0,35.0,10.0,October
2023-10-28,Belgian waffle  (peanut butter ),Sans Coffee,1,Over-prepared,25.0,25.0,10.0,October
2023-10-28,Cold brew with foamy vanilla ,Sans Coffee,4,Spoiled,31.0,124.0,10.0,October
2023-10-29,strawberry latte,Sans Coffee,1,Spoiled,36.0,36.0,10.0,October
2023-10-29,simple milk tea ,Sans Coffee,2,Spoiled,28.0,56.0,10.0,October
2023-10-29,FFFF (large bbq),Sans Coffee,2,Expired,18.0,36.0,10.0,October
2023-10-29,Product Name (regular ),Sans Coffee,1,Quality issue,18.0,18.0,10.0,October
2023-10-30,americano (iced),Coffee Based,1,Quality issue,28.0,28.0,10.0,October
2023-10-30,choco dinosaur latte,Sans Coffee,1,Expired,35.0,35.0,10.0,October
2023-10-30,FFFF (plain with catsup medium),Sans Coffee,2,Over-prepared,8.0,16.0,10.0,October
2023-10-31,americano (iced),Coffee Based,3,Over-prepared,28.0,84.0,10.0,October
2023-10-31,Add_on (egg),Sans Coffee,3,Over-prepared,10.0,30.0,10.0,October
2023-10-31,Ramen (regular),Mini Bites,1,Over-prepared,17.0,17.0,10.0,October
2023-11-01,Chicken wings (1 dozen),Mini Bites,1,Over-prepared,165.0,165.0,11.0,November
2023-11-01,Extra Rice,Sans Coffee,1,Expired,5.0,5.0,11.0,November
2023-11-01,blended cappuccino ,Kôfē Frappé,1,Spoiled,33.0,33.0,11.0,November
2023-11-02,Ramen (regular),Mini Bites,2,Over-prepared,17.0,34.0,11.0,November
2023-11-02,belgian waffle plain ,Sans Coffee,2,Expired,21.0,42.0,11.0,November
2023-11-02,choco coated waffle,Sans Coffee,3,Quality issue,21.0,63.0,11.0,November
2023-11-03,oreo overload Frappe ,Kôfē Frappé,1,Over-prepared,37.0,37.0,11.0,November
2023-11-03,caramel macchiato  (hot),Coffee Based,2,Spoiled,32.0,64.0,11.0,November
2023-11-03,BFF (Better French fries) Large (cheese),Mini Bites,1,Quality issue,30.0,30.0,11.0,November
2023-11-04,6 Chicken wings ,Mini Bites,3,Over-prepared,82.0,246.0,11.0,November
2023-11-04,FFFF (large sc),Sans Coffee,3,Over-prepared,18.0,54.0,11.0,November
2023-11-04,latte,Coffee Based,2,Quality issue,42.0,84.0,11.0,November
2023-11-04,Strawberry Reverie ,Sans Coffee,3,Over-prepared,39.0,117.0,11.0,November
2023-11-05,caramel macchiato  (hot),Coffee Based,2,Spoiled,32.0,64.0,11.0,November
2023-11-05,Add_on (cheese),Sans Coffee,1,Over-prepared,12.0,12.0,11.0,November
2023-11-05,caramel macchiato (iced),Coffee Based,1,Spoiled,45.0,45.0,11.0,November
2023-11-05,white mocha  (hot),Coffee Based,2,Expired,32.0,64.0,11.0,November
2023-11-06,Chicken pops (bbq),Mini Bites,4,Expired,50.0,200.0,11.0,November
2023-11-06,drip coffee (8 bags/pouch) (barako),Sans Coffee,1,Spoiled,37.0,37.0,11.0,November
2023-11-06,sparkling berry,Sans Coffee,3,Over-prepared,31.0,93.0,11.0,November
2023-11-07,kofetala special blend ,Sans Coffee,3,Over-prepared,34.0,102.0,11.0,November
2023-11-07,mocha (iced),Coffee Based,4,Spoiled,35.0,140.0,11.0,November
2023-11-07,French fries Spicy barbecue  (large ),Mini Bites,1,Over-prepared,30.0,30.0,11.0,November
2023-11-08,BFF (Better French fries)medium  (sour cream),Mini Bites,1,Spoiled,16.0,16.0,11.0,November
2023-11-08,matcha espresso fusion  (iced),Signature Kôfē,3,Expired,35.0,105.0,11.0,November
2023-11-08,oreo overload Frappe,Kôfē Frappé,1,Expired,48.0,48.0,11.0,November
2023-11-09,Add_on (kimchi),Sans Coffee,4,Quality issue,15.0,60.0,11.0,November
2023-11-09,super mocha ,Kôfē Frappé,4,Expired,38.0,152.0,11.0,November
2023-11-09,caramel macchiato  (iced),Coffee Based,3,Quality issue,35.0,105.0,11.0,November
2023-11-10,BFF (Better French fries)medium  (sour cream),Mini Bites,3,Over-prepared,16.0,48.0,11.0,November
2023-11-10,Drip coffee  (barako),Sans Coffee,3,Quality issue,17.0,51.0,11.0,November
2023-11-10,matcha espresso fusion  (iced),Signature Kôfē,2,Over-prepared,35.0,70.0,11.0,November
2023-11-11,Product Name (special a),Sans Coffee,1,Quality issue,41.0,41.0,11.0,November
2023-11-11,Overload lomi (malabnaw),Mini Bites,3,Expired,99.0,297.0,11.0,November
2023-11-11,hot creamy barako,Sans Coffee,1,Expired,19.0,19.0,11.0,November
2023-11-11,BFF (Better French fries) Large (bbq),Mini Bites,2,Over-prepared,28.0,56.0,11.0,November
2023-11-12,triple caramel,Kôfē Frappé,2,Expired,48.0,96.0,11.0,November
2023-11-12,white mocha (hot),Coffee Based,2,Expired,42.0,84.0,11.0,November
2023-11-12,hot creamy barako,Sans Coffee,4,Expired,19.0,76.0,11.0,November
2023-11-12,BFF (Better French fries)medium  (medium ),Mini Bites,3,Spoiled,15.0,45.0,11.0,November
2023-11-13,Strawberry Reverie ,Sans Coffee,3,Spoiled,39.0,117.0,11.0,November
2023-11-13,Extra Rice,Sans Coffee,1,Over-prepared,5.0,5.0,11.0,November
2023-11-13,BFF (Better French fries)medium  (bbq ),Mini Bites,1,Expired,16.0,16.0,11.0,November
2023-11-14,Choco caramel decadence,Sans Coffee,3,Over-prepared,45.0,135.0,11.0,November
2023-11-14,hot cocoa latte ,Sans Coffee,4,Spoiled,32.0,128.0,11.0,November
2023-11-14,Ramen (regular),Mini Bites,4,Expired,17.0,68.0,11.0,November
2023-11-15,sparkling berry,Sans Coffee,1,Spoiled,31.0,31.0,11.0,November
2023-11-15,americano (iced),Coffee Based,4,Expired,28.0,112.0,11.0,November
2023-11-15,BFF (Better French fries)medium  (sour cream),Mini Bites,2,Over-prepared,16.0,32.0,11.0,November
2023-11-16,kofetala special blend ,Sans Coffee,2,Expired,34.0,68.0,11.0,November
2023-11-16,FFFF (large sc),Sans Coffee,3,Expired,18.0,54.0,11.0,November
2023-11-16,dalgona ,Signature Kôfē,1,Expired,32.0,32.0,11.0,November
2023-11-17,oreo overload Frappe ,Kôfē Frappé,1,Over-prepared,37.0,37.0,11.0,November
2023-11-17,BFF (Better French fries) Large (cheese ),Mini Bites,2,Over-prepared,28.0,56.0,11.0,November
2023-11-17,caramel macchiato  (hot),Coffee Based,1,Spoiled,32.0,32.0,11.0,November
2023-11-18,matcha espresso fusion  (hot),Signature Kôfē,1,Quality issue,32.0,32.0,11.0,November
2023-11-18,Belgian waffle  (peanut butter ),Sans Coffee,2,Over-prepared,25.0,50.0,11.0,November
2023-11-18,Chicken pops (bbq),Mini Bites,2,Spoiled,50.0,100.0,11.0,November
2023-11-18,BFF (Better French fries)medium  (bbq ),Mini Bites,4,Over-prepared,16.0,64.0,11.0,November
2023-11-19,the Christmas drink (iced),Signature Kôfē,1,Over-prepared,34.0,34.0,11.0,November
2023-11-19,caramel macchiato (hot),Coffee Based,1,Expired,42.0,42.0,11.0,November
2023-11-19,Add_on (egg),Sans Coffee,2,Expired,10.0,20.0,11.0,November
2023-11-20,drip coffee (8 bags/pouch) (barako),Sans Coffee,2,Over-prepared,37.0,74.0,11.0,November
2023-11-20,Sinagtala lomi 20 pax,Mini Bites,1,Spoiled,360.0,360.0,11.0,November
2023-11-20,Chicken fillet,Mini Bites,1,Over-prepared,45.0,45.0,11.0,November
2023-11-21,Chiz melt  (bacon),Mini Bites,2,Over-prepared,28.0,56.0,11.0,November
2023-11-21,BFF (Better French fries) Large (cheese),Mini Bites,2,Over-prepared,30.0,60.0,11.0,November
2023-11-21,Whipped Americano,Signature Kôfē,2,Over-prepared,36.0,72.0,11.0,November
2023-11-22,drip coffee (8 bags/pouch) (arabica),Sans Coffee,4,Over-prepared,62.0,248.0,11.0,November
2023-11-22,drip coffee (8 bags/pouch) (barako),Sans Coffee,4,Expired,37.0,148.0,11.0,November
2023-11-22,iced premium barako,Sans Coffee,2,Expired,21.0,42.0,11.0,November
2023-11-23,choco coated waffle,Sans Coffee,2,Quality issue,21.0,42.0,11.0,November
2023-11-23,simple milk tea ,Sans Coffee,3,Spoiled,28.0,84.0,11.0,November
2023-11-23,Sinagtala lomi 20 pax,Mini Bites,2,Over-prepared,360.0,720.0,11.0,November
2023-11-24,FFFF (large bbq),Sans Coffee,1,Over-prepared,18.0,18.0,11.0,November
2023-11-24,Strawberry Reverie ,Sans Coffee,1,Expired,39.0,39.0,11.0,November
2023-11-24,the Christmas drink (iced),Signature Kôfē,1,Over-prepared,34.0,34.0,11.0,November
2023-11-25,super mocha ,Kôfē Frappé,1,Over-prepared,38.0,38.0,11.0,November
2023-11-25,matcha Supreme latte (iced),Sans Coffee,3,Over-prepared,35.0,105.0,11.0,November
2023-11-25,blended cappuccino ,Kôfē Frappé,2,Over-prepared,33.0,66.0,11.0,November
2023-11-25,matcha Supreme latte (hot),Sans Coffee,3,Expired,32.0,96.0,11.0,November
2023-11-26,BFF (Better French fries)medium  ( cheese ),Mini Bites,4,Over-prepared,16.0,64.0,11.0,November
2023-11-26,caramel macchiato  (hot),Coffee Based,1,Over-prepared,32.0,32.0,11.0,November
2023-11-26,blended cappuccino ,Kôfē Frappé,2,Over-prepared,33.0,66.0,11.0,November
2023-11-26,Extra Rice,Sans Coffee,2,Over-prepared,5.0,10.0,11.0,November
2023-11-27,choco dinosaur latte,Sans Coffee,4,Expired,35.0,140.0,11.0,November
2023-11-27,6 Chicken wings ,Mini Bites,3,Over-prepared,82.0,246.0,11.0,November
2023-11-27,Chicken wings (extra rice ),Mini Bites,1,Expired,4.0,4.0,11.0,November
2023-11-28,Cookies ,Sans Coffee,3,Expired,18.0,54.0,11.0,November
2023-11-28,cappuccino  (hot),Coffee Based,4,Spoiled,29.0,116.0,11.0,November
2023-11-28,Belgian waffle  (strawberry chocolate ),Sans Coffee,2,Over-prepared,27.0,54.0,11.0,November
2023-11-29,French fries Spicy barbecue  (medium ),Mini Bites,2,Expired,18.0,36.0,11.0,November
2023-11-29,FFFF (large cheese ),Sans Coffee,4,Spoiled,18.0,72.0,11.0,November
2023-11-29,matcha espresso fusion  (iced),Signature Kôfē,2,Spoiled,35.0,70.0,11.0,November
2023-11-30,the Christmas drink (hot ),Signature Kôfē,2,Over-prepared,32.0,64.0,11.0,November
2023-11-30,Product Name (special a),Sans Coffee,2,Over-prepared,41.0,82.0,11.0,November
2023-11-30,Ramen (regular),Mini Bites,1,Quality issue,17.0,17.0,11.0,November
2023-12-01,FFFF (large bbq),Sans Coffee,1,Over-prepared,18.0,18.0,12.0,December
2023-12-01,simple milk tea ,Sans Coffee,2,Expired,28.0,56.0,12.0,December
2023-12-01,white mocha  (iced),Coffee Based,2,Expired,35.0,70.0,12.0,December
2023-12-02,Spanish latte (iced),Coffee Based,1,Over-prepared,32.0,32.0,12.0,December
2023-12-02,Whipped Americano,Signature Kôfē,2,Expired,36.0,72.0,12.0,December
2023-12-02,drip coffee (8 bags/pouch) (barako),Sans Coffee,1,Over-prepared,37.0,37.0,12.0,December
2023-12-02,Drip coffee  (barako),Sans Coffee,3,Over-prepared,17.0,51.0,12.0,December
2023-12-03,Belgian waffle  (peanut butter ),Sans Coffee,4,Over-prepared,25.0,100.0,12.0,December
2023-12-03,caramel macchiato (iced),Coffee Based,2,Expired,45.0,90.0,12.0,December
2023-12-03,Product Name (regular ),Sans Coffee,2,Over-prepared,18.0,36.0,12.0,December
2023-12-03,the SM tea,Sans Coffee,4,Over-prepared,37.0,148.0,12.0,December
2023-12-04,strawberry latte,Sans Coffee,1,Expired,36.0,36.0,12.0,December
2023-12-04,oreo overload Frappe ,Kôfē Frappé,2,Spoiled,37.0,74.0,12.0,December
2023-12-04,Chicken fillet,Mini Bites,3,Expired,45.0,135.0,12.0,December
2023-12-05, latte ,Coffee Based,3,Over-prepared,29.0,87.0,12.0,December
2023-12-05,white mocha (hot),Coffee Based,4,Over-prepared,42.0,168.0,12.0,December
2023-12-05,Add_on (kimchi),Sans Coffee,4,Spoiled,15.0,60.0,12.0,December
2023-12-06,Belgian waffle  (strawberry chocolate ),Sans Coffee,3,Expired,27.0,81.0,12.0,December
2023-12-06,Strawberry Reverie ,Sans Coffee,3,Over-prepared,39.0,117.0,12.0,December
2023-12-06,choco coated waffle,Sans Coffee,3,Quality issue,21.0,63.0,12.0,December
2023-12-07,dirty coffee shake ,Kôfē Frappé,2,Quality issue,38.0,76.0,12.0,December
2023-12-07,hot citron tea,Sans Coffee,3,Spoiled,22.0,66.0,12.0,December
2023-12-07,matcha espresso fusion  (iced),Signature Kôfē,3,Over-prepared,35.0,105.0,12.0,December
2023-12-08,white mocha  (iced),Coffee Based,3,Over-prepared,35.0,105.0,12.0,December
2023-12-08,Drip coffee  (barako),Sans Coffee,2,Over-prepared,17.0,34.0,12.0,December
2023-12-08,drip coffee (8 bags/pouch) (barako),Sans Coffee,2,Over-prepared,37.0,74.0,12.0,December
2023-12-09,sparkling berry,Sans Coffee,3,Over-prepared,31.0,93.0,12.0,December
2023-12-09,hot cocoa latte ,Sans Coffee,2,Over-prepared,32.0,64.0,12.0,December
2023-12-09,street food sampler (medium),Sans Coffee,2,Over-prepared,16.0,32.0,12.0,December
2023-12-09,6 Chicken wings ,Mini Bites,2,Over-prepared,82.0,164.0,12.0,December
2023-12-09,premium barako,Sans Coffee,1,Expired,15.0,15.0,12.0,December
2023-12-10,white mocha (hot),Coffee Based,1,Spoiled,42.0,42.0,12.0,December
2023-12-10,triple caramel,Kôfē Frappé,1,Over-prepared,48.0,48.0,12.0,December
2023-12-10, latte ,Coffee Based,4,Spoiled,29.0,116.0,12.0,December
2023-12-10,hot creamy barako,Sans Coffee,4,Expired,19.0,76.0,12.0,December
2023-12-11,Strawberry Reverie ,Sans Coffee,1,Over-prepared,39.0,39.0,12.0,December
2023-12-11,BFF (Better French fries) Large (sour cream),Mini Bites,3,Spoiled,28.0,84.0,12.0,December
2023-12-11,white mocha (iced),Coffee Based,1,Over-prepared,45.0,45.0,12.0,December
2023-12-12,matcha espresso fusion  (hot),Signature Kôfē,3,Spoiled,32.0,96.0,12.0,December
2023-12-12,matcha espresso fusion  (iced),Signature Kôfē,1,Over-prepared,35.0,35.0,12.0,December
2023-12-12,FFFF (large cheese ),Sans Coffee,2,Spoiled,18.0,36.0,12.0,December
2023-12-13,matcha Supreme latte (iced),Sans Coffee,3,Over-prepared,35.0,105.0,12.0,December
2023-12-13,latte,Coffee Based,4,Over-prepared,42.0,168.0,12.0,December
2023-12-13,Strawberry Reverie ,Sans Coffee,1,Over-prepared,39.0,39.0,12.0,December
2023-12-14,mocha (iced),Coffee Based,4,Expired,35.0,140.0,12.0,December
2023-12-14,simple milk tea ,Sans Coffee,1,Over-prepared,28.0,28.0,12.0,December
2023-12-14,FFFF (med sc),Sans Coffee,2,Quality issue,8.0,16.0,12.0,December
2023-12-15,Add_on (ham),Sans Coffee,1,Over-prepared,15.0,15.0,12.0,December
2023-12-15,Product Name (special b),Sans Coffee,2,Expired,46.0,92.0,12.0,December
2023-12-15,FFFF (plain with catsup medium),Sans Coffee,3,Spoiled,8.0,24.0,12.0,December
2023-12-16,white mocha (hot),Coffee Based,1,Spoiled,42.0,42.0,12.0,December
2023-12-16,Chiz melt  (ham),Mini Bites,2,Spoiled,26.0,52.0,12.0,December
2023-12-16,cappuccino  (hot),Coffee Based,1,Quality issue,29.0,29.0,12.0,December
2023-12-16,white mocha  (iced),Coffee Based,1,Expired,35.0,35.0,12.0,December
2023-12-17,the Christmas drink (iced),Signature Kôfē,1,Spoiled,34.0,34.0,12.0,December
2023-12-17,hot creamy barako,Sans Coffee,2,Expired,19.0,38.0,12.0,December
2023-12-17,latte,Coffee Based,1,Over-prepared,42.0,42.0,12.0,December
2023-12-17,Add_on (seaweeds),Sans Coffee,1,Spoiled,8.0,8.0,12.0,December
2023-12-18,BFF (Better French fries)medium  (sour cream),Mini Bites,4,Expired,16.0,64.0,12.0,December
2023-12-18,Spanish latte (hot),Coffee Based,3,Expired,29.0,87.0,12.0,December
2023-12-18,Chiz melt  (spam lite),Mini Bites,3,Over-prepared,27.0,81.0,12.0,December
2023-12-19,French fries Spicy barbecue  (large ),Mini Bites,1,Over-prepared,30.0,30.0,12.0,December
2023-12-19,Strawberry Reverie ,Sans Coffee,3,Expired,39.0,117.0,12.0,December
2023-12-19,Add_on (egg),Sans Coffee,3,Expired,10.0,30.0,12.0,December
2023-12-19,BFF (Better French fries) Large (cheese ),Mini Bites,3,Over-prepared,28.0,84.0,12.0,December
2023-12-20,Chicken wings (extra rice ),Mini Bites,1,Quality issue,4.0,4.0,12.0,December
2023-12-20,Add_on (egg),Sans Coffee,2,Expired,10.0,20.0,12.0,December
2023-12-20,FFFF (large cheese ),Sans Coffee,1,Spoiled,18.0,18.0,12.0,December
2023-12-21,Chicken wings (3pcs),Mini Bites,3,Over-prepared,45.0,135.0,12.0,December
2023-12-21,Chicken wings (half dozen),Mini Bites,3,Spoiled,82.0,246.0,12.0,December
2023-12-21,Chiz melt  (ham),Mini Bites,1,Expired,26.0,26.0,12.0,December
2023-12-22,kofetala special blend ,Sans Coffee,2,Spoiled,34.0,68.0,12.0,December
2023-12-22,the SM tea,Sans Coffee,2,Quality issue,37.0,74.0,12.0,December
2023-12-22,French fries Spicy barbecue  (medium ),Mini Bites,4,Over-prepared,18.0,72.0,12.0,December
2023-12-23,americano (iced),Coffee Based,2,Over-prepared,28.0,56.0,12.0,December
2023-12-23,the Christmas drink (iced),Signature Kôfē,3,Expired,34.0,102.0,12.0,December
2023-12-23,6 Chicken wings ,Mini Bites,3,Over-prepared,82.0,246.0,12.0,December
2023-12-23,matcha Supreme latte (hot),Sans Coffee,1,Expired,32.0,32.0,12.0,December
2023-12-24,BFF (Better French fries) Large (bbq),Mini Bites,4,Over-prepared,28.0,112.0,12.0,December
2023-12-24,americano (hot),Coffee Based,1,Expired,26.0,26.0,12.0,December
2023-12-24,mocha (iced),Coffee Based,1,Expired,35.0,35.0,12.0,December
2023-12-24,BFF (Better French fries)medium  (large),Mini Bites,1,Over-prepared,27.0,27.0,12.0,December
2023-12-25,mocha (hot),Coffee Based,1,Over-prepared,31.0,31.0,12.0,December
2023-12-25,dalgona ,Signature Kôfē,1,Quality issue,32.0,32.0,12.0,December
2023-12-25,BFF (Better French fries) Large (cheese),Mini Bites,4,Quality issue,30.0,120.0,12.0,December
2023-12-25,Strawberry Reverie ,Sans Coffee,3,Spoiled,39.0,117.0,12.0,December
2023-12-26,Iced honey shaken espresso ,Signature Kôfē,1,Over-prepared,36.0,36.0,12.0,December
2023-12-26,caramel macchiato (iced),Coffee Based,1,Expired,45.0,45.0,12.0,December
2023-12-26,Belgian waffle  (peanut butter ),Sans Coffee,4,Quality issue,25.0,100.0,12.0,December
2023-12-27,FFFF (large bbq),Sans Coffee,3,Quality issue,18.0,54.0,12.0,December
2023-12-27,kofetala special blend ,Sans Coffee,1,Expired,34.0,34.0,12.0,December
2023-12-27,americano (hot),Coffee Based,4,Quality issue,26.0,104.0,12.0,December
2023-12-27, latte ,Coffee Based,2,Quality issue,29.0,58.0,12.0,December
2023-12-28,simple milk tea ,Sans Coffee,3,Over-prepared,28.0,84.0,12.0,December
2023-12-28,hot cocoa latte ,Sans Coffee,1,Over-prepared,32.0,32.0,12.0,December
2023-12-28,Add_on (ham),Sans Coffee,2,Over-prepared,15.0,30.0,12.0,December
2023-12-28,Spanish latte (hot),Coffee Based,4,Spoiled,29.0,116.0,12.0,December
2023-12-29,cappuccino  (hot),Coffee Based,3,Over-prepared,29.0,87.0,12.0,December
2023-12-29,white mocha  (iced),Coffee Based,2,Quality issue,35.0,70.0,12.0,December
2023-12-29,Chicken wings (1 dozen),Mini Bites,3,Over-prepared,165.0,495.0,12.0,December
2023-12-30,caramel macchiato  (hot),Coffee Based,4,Expired,32.0,128.0,12.0,December
2023-12-30,Product Name (regular ),Sans Coffee,3,Over-prepared,18.0,54.0,12.0,December
2023-12-30,Chiz melt  (ham),Mini Bites,3,Over-prepared,26.0,78.0,12.0,December
2023-12-30,choco coated waffle,Sans Coffee,2,Over-prepared,21.0,42.0,12.0,December
2023-12-30,Choco caramel decadence,Sans Coffee,2,Over-prepared,45.0,90.0,12.0,December
2023-12-31,Sinagtala lomi 20 pax,Mini Bites,2,Spoiled,360.0,720.0,12.0,December
2023-12-31,Belgian waffle  (mango caramel ),Sans Coffee,3,Expired,27.0,81.0,12.0,December
2023-12-31,Product Name (regular ),Sans Coffee,1,Spoiled,18.0,18.0,12.0,December
2023-12-31,matcha espresso fusion  (iced),Signature Kôfē,1,Over-prepared,35.0,35.0,12.0,December
2023-12-31,mocha (iced),Coffee Based,1,Quality issue,35.0,35.0,12.0,December
2024-01-01,Chicken wings (half dozen),Mini Bites,3,Expired,82.0,246.0,1.0,January
2024-01-01,cappuccino  (ice),Coffee Based,4,Spoiled,32.0,128.0,1.0,January
2024-01-01,matcha espresso fusion  (hot),Signature Kôfē,1,Over-prepared,32.0,32.0,1.0,January
2024-01-01,oreo overload Frappe ,Kôfē Frappé,1,Spoiled,37.0,37.0,1.0,January
2024-01-02,French fries Spicy barbecue  (medium ),Mini Bites,3,Spoiled,18.0,54.0,1.0,January
2024-01-02,premium barako,Sans Coffee,1,Over-prepared,15.0,15.0,1.0,January
2024-01-02,Chicken wings (extra rice ),Mini Bites,3,Expired,4.0,12.0,1.0,January
2024-01-03,Chicken wings (half dozen),Mini Bites,3,Quality issue,82.0,246.0,1.0,January
2024-01-03,BFF (Better French fries)medium  (medium ),Mini Bites,4,Quality issue,15.0,60.0,1.0,January
2024-01-03,Drip coffee  (barako),Sans Coffee,4,Quality issue,17.0,68.0,1.0,January
2024-01-03,Chiz melt (bacon),Mini Bites,1,Spoiled,30.0,30.0,1.0,January
2024-01-04,the SM tea,Sans Coffee,3,Over-prepared,37.0,111.0,1.0,January
2024-01-04,Product Name (special b),Sans Coffee,2,Over-prepared,46.0,92.0,1.0,January
2024-01-04,caramel macchiato  (iced),Coffee Based,2,Expired,35.0,70.0,1.0,January
2024-01-04,Brownies ,Sans Coffee,3,Expired,21.0,63.0,1.0,January
2024-01-05,kofetala special blend ,Sans Coffee,4,Spoiled,34.0,136.0,1.0,January
2024-01-05,mango banana milk shake ,Kôfē Frappé,1,Spoiled,35.0,35.0,1.0,January
2024-01-05,matcha Supreme latte (hot),Sans Coffee,2,Over-prepared,32.0,64.0,1.0,January
2024-01-05,oreo overload Frappe,Kôfē Frappé,2,Over-prepared,48.0,96.0,1.0,January
2024-01-06,hot citron tea,Sans Coffee,1,Spoiled,22.0,22.0,1.0,January
2024-01-06,the Christmas drink (iced),Signature Kôfē,3,Over-prepared,34.0,102.0,1.0,January
2024-01-06,premium barako,Sans Coffee,1,Over-prepared,15.0,15.0,1.0,January
2024-01-06,kofetala special blend ,Sans Coffee,1,Over-prepared,34.0,34.0,1.0,January
2024-01-06,Spanish latte (iced),Coffee Based,2,Expired,32.0,64.0,1.0,January
2024-01-07,iced premium barako,Sans Coffee,4,Over-prepared,21.0,84.0,1.0,January
2024-01-07,sparkling berry,Sans Coffee,3,Over-prepared,31.0,93.0,1.0,January
2024-01-07,americano (iced),Coffee Based,1,Expired,28.0,28.0,1.0,January
2024-01-07,Overload lomi (malabnaw),Mini Bites,1,Over-prepared,99.0,99.0,1.0,January
2024-01-07,the Christmas drink (hot ),Signature Kôfē,3,Over-prepared,32.0,96.0,1.0,January
2024-01-08,blended cappuccino ,Kôfē Frappé,2,Spoiled,33.0,66.0,1.0,January
2024-01-08,Spanish latte (iced),Coffee Based,3,Spoiled,32.0,96.0,1.0,January
2024-01-08,French fries Spicy barbecue  (large ),Mini Bites,2,Expired,30.0,60.0,1.0,January
2024-01-09,simple milk tea ,Sans Coffee,4,Expired,28.0,112.0,1.0,January
2024-01-09,Chicken fillet,Mini Bites,4,Over-prepared,45.0,180.0,1.0,January
2024-01-09,French fries Spicy barbecue  (medium ),Mini Bites,4,Over-prepared,18.0,72.0,1.0,January
2024-01-10,Sinagtala lomi 20 pax,Mini Bites,1,Quality issue,360.0,360.0,1.0,January
2024-01-10,Cookies ,Sans Coffee,3,Over-prepared,18.0,54.0,1.0,January
2024-01-10,French fries Spicy barbecue  (large ),Mini Bites,4,Spoiled,30.0,120.0,1.0,January
2024-01-10,Coffee Syphon (arabica),Sans Coffee,3,Expired,30.0,90.0,1.0,January
2024-01-11,BFF (Better French fries) Large (sour cream),Mini Bites,1,Quality issue,28.0,28.0,1.0,January
2024-01-11,choco dinosaur latte,Sans Coffee,4,Over-prepared,35.0,140.0,1.0,January
2024-01-11,triple caramel ,Kôfē Frappé,1,Over-prepared,38.0,38.0,1.0,January
2024-01-11,Cold brew with foamy vanilla ,Sans Coffee,2,Over-prepared,31.0,62.0,1.0,January
2024-01-12,triple caramel ,Kôfē Frappé,2,Over-prepared,38.0,76.0,1.0,January
2024-01-12,FFFF (large bbq),Sans Coffee,1,Over-prepared,18.0,18.0,1.0,January
2024-01-12,Product Name (regular ),Sans Coffee,4,Expired,18.0,72.0,1.0,January
2024-01-13,white mocha (hot),Coffee Based,1,Expired,42.0,42.0,1.0,January
2024-01-13,matcha espresso fusion  (hot),Signature Kôfē,1,Quality issue,32.0,32.0,1.0,January
2024-01-13,Add_on (seaweeds),Sans Coffee,3,Expired,8.0,24.0,1.0,January
2024-01-13,Choco caramel decadence,Sans Coffee,4,Over-prepared,45.0,180.0,1.0,January
2024-01-13,oreo overload Frappe ,Kôfē Frappé,3,Expired,37.0,111.0,1.0,January
2024-01-14,iced creamy barako,Sans Coffee,2,Spoiled,24.0,48.0,1.0,January
2024-01-14,americano (hot),Coffee Based,3,Quality issue,26.0,78.0,1.0,January
2024-01-14,Overload lomi (malabnaw),Mini Bites,4,Over-prepared,99.0,396.0,1.0,January
2024-01-14,Add_on (seaweeds),Sans Coffee,1,Over-prepared,8.0,8.0,1.0,January
2024-01-15,Chicken pops (bbq),Mini Bites,3,Expired,50.0,150.0,1.0,January
2024-01-15,Ramen (regular),Mini Bites,2,Spoiled,17.0,34.0,1.0,January
2024-01-15,triple caramel ,Kôfē Frappé,1,Spoiled,38.0,38.0,1.0,January
2024-01-15,extra shot,Sans Coffee,2,Over-prepared,16.0,32.0,1.0,January
2024-01-16,Chicken wings (1 dozen),Mini Bites,3,Over-prepared,165.0,495.0,1.0,January
2024-01-16,Chicken wings (half dozen),Mini Bites,3,Spoiled,82.0,246.0,1.0,January
2024-01-16,white mocha (iced),Coffee Based,1,Expired,45.0,45.0,1.0,January
2024-01-16,French fries plain (large),Mini Bites,2,Over-prepared,90.0,180.0,1.0,January
2024-01-17,iced premium barako,Sans Coffee,2,Expired,21.0,42.0,1.0,January
2024-01-17,Overload lomi (malapot),Mini Bites,4,Spoiled,99.0,396.0,1.0,January
2024-01-17,matcha espresso fusion  (hot),Signature Kôfē,1,Spoiled,32.0,32.0,1.0,January
2024-01-18,BFF (Better French fries)medium  (medium ),Mini Bites,3,Over-prepared,15.0,45.0,1.0,January
2024-01-18,the Christmas drink (hot ),Signature Kôfē,1,Over-prepared,32.0,32.0,1.0,January
2024-01-18,belgian waffle plain ,Sans Coffee,4,Over-prepared,21.0,84.0,1.0,January
2024-01-19,Belgian waffle  (mango caramel ),Sans Coffee,4,Over-prepared,27.0,108.0,1.0,January
2024-01-19,triple caramel,Kôfē Frappé,1,Expired,48.0,48.0,1.0,January
2024-01-19,Overload lomi (malapot),Mini Bites,2,Spoiled,99.0,198.0,1.0,January
2024-01-19,white mocha  (hot),Coffee Based,4,Over-prepared,32.0,128.0,1.0,January
2024-01-20,hot citron tea,Sans Coffee,2,Over-prepared,22.0,44.0,1.0,January
2024-01-20,Strawberry Reverie ,Sans Coffee,1,Expired,39.0,39.0,1.0,January
2024-01-20,Drip coffee  (barako),Sans Coffee,2,Over-prepared,17.0,34.0,1.0,January
2024-01-20,FFFF (med sc),Sans Coffee,3,Over-prepared,8.0,24.0,1.0,January
2024-01-20,white mocha (iced),Coffee Based,4,Spoiled,45.0,180.0,1.0,January
2024-01-21, latte ,Coffee Based,4,Expired,29.0,116.0,1.0,January
2024-01-21,white mocha  (iced),Coffee Based,4,Expired,35.0,140.0,1.0,January
2024-01-21,Extra Rice,Sans Coffee,1,Spoiled,5.0,5.0,1.0,January
2024-01-21,Overload lomi (malapot),Mini Bites,1,Expired,99.0,99.0,1.0,January
2024-01-22,FFFF (large sc),Sans Coffee,4,Expired,18.0,72.0,1.0,January
2024-01-22,dalgona ,Signature Kôfē,1,Expired,32.0,32.0,1.0,January
2024-01-22,latte,Coffee Based,2,Quality issue,42.0,84.0,1.0,January
2024-01-22,white mocha (hot),Coffee Based,2,Over-prepared,42.0,84.0,1.0,January
2024-01-23,matcha espresso fusion  (iced),Signature Kôfē,2,Quality issue,35.0,70.0,1.0,January
2024-01-23,FFFF (large sc),Sans Coffee,3,Over-prepared,18.0,54.0,1.0,January
2024-01-23,the super charged (25% more coffee)  (hot),Sans Coffee,2,Over-prepared,31.0,62.0,1.0,January
2024-01-23,dirty coffee shake ,Kôfē Frappé,4,Over-prepared,38.0,152.0,1.0,January
2024-01-24,choco dinosaur latte,Sans Coffee,1,Expired,35.0,35.0,1.0,January
2024-01-24,Chicken wings (half dozen),Mini Bites,2,Expired,82.0,164.0,1.0,January
2024-01-24,BFF (Better French fries) Large (cheese),Mini Bites,4,Expired,30.0,120.0,1.0,January
2024-01-24,hot citron tea,Sans Coffee,2,Spoiled,22.0,44.0,1.0,January
2024-01-25,Product Name (special a),Sans Coffee,3,Quality issue,41.0,123.0,1.0,January
2024-01-25,triple caramel,Kôfē Frappé,2,Expired,48.0,96.0,1.0,January
2024-01-25,Chiz melt  (spam lite),Mini Bites,1,Over-prepared,27.0,27.0,1.0,January
2024-01-25,simple milk tea ,Sans Coffee,1,Expired,28.0,28.0,1.0,January
2024-01-26,Cookies ,Sans Coffee,2,Spoiled,18.0,36.0,1.0,January
2024-01-26,the SM tea,Sans Coffee,3,Expired,37.0,111.0,1.0,January
2024-01-26,Add_on (cheese),Sans Coffee,1,Over-prepared,12.0,12.0,1.0,January
2024-01-26,hot creamy barako,Sans Coffee,4,Over-prepared,19.0,76.0,1.0,January
2024-01-27,simple milk tea ,Sans Coffee,1,Over-prepared,28.0,28.0,1.0,January
2024-01-27,white mocha (hot),Coffee Based,4,Spoiled,42.0,168.0,1.0,January
2024-01-27,americano (hot),Coffee Based,2,Over-prepared,26.0,52.0,1.0,January
2024-01-27,Chicken fillet,Mini Bites,2,Spoiled,45.0,90.0,1.0,January
2024-01-28,French fries Spicy barbecue  (medium ),Mini Bites,1,Expired,18.0,18.0,1.0,January
2024-01-28,white mocha (iced),Coffee Based,4,Over-prepared,45.0,180.0,1.0,January
2024-01-28,brownie,Sans Coffee,2,Expired,21.0,42.0,1.0,January
2024-01-28,Belgian waffle  (strawberry chocolate ),Sans Coffee,2,Spoiled,27.0,54.0,1.0,January
2024-01-28,Brownies ,Sans Coffee,1,Over-prepared,21.0,21.0,1.0,January
2024-01-29,Add_on (seaweeds),Sans Coffee,2,Spoiled,8.0,16.0,1.0,January
2024-01-29,Belgian waffle  (strawberry chocolate ),Sans Coffee,1,Expired,27.0,27.0,1.0,January
2024-01-29,choco dinosaur latte,Sans Coffee,4,Over-prepared,35.0,140.0,1.0,January
2024-01-30,mocha (iced),Coffee Based,3,Over-prepared,35.0,105.0,1.0,January
2024-01-30,6 Chicken wings ,Mini Bites,4,Over-prepared,82.0,328.0,1.0,January
2024-01-30,Chicken fillet,Mini Bites,1,Expired,45.0,45.0,1.0,January
2024-01-30,americano (iced),Coffee Based,1,Expired,28.0,28.0,1.0,January
2024-01-31,caramel macchiato  (iced),Coffee Based,3,Over-prepared,35.0,105.0,1.0,January
2024-01-31,the Christmas drink (hot ),Signature Kôfē,2,Quality issue,32.0,64.0,1.0,January
2024-01-31,Brownies ,Sans Coffee,3,Over-prepared,21.0,63.0,1.0,January
2024-01-31,BFF (Better French fries)medium  (medium ),Mini Bites,1,Expired,15.0,15.0,1.0,January
2024-02-01,the Christmas drink (iced),Signature Kôfē,4,Expired,34.0,136.0,2.0,February
2024-02-01,mocha (hot),Coffee Based,4,Over-prepared,31.0,124.0,2.0,February
2024-02-01,Add_on (cheese),Sans Coffee,3,Spoiled,12.0,36.0,2.0,February
2024-02-01,Belgian waffle  (peanut butter ),Sans Coffee,3,Over-prepared,25.0,75.0,2.0,February
2024-02-02,Chiz melt  (ham),Mini Bites,2,Expired,26.0,52.0,2.0,February
2024-02-02,Belgian waffle  (peanut butter ),Sans Coffee,3,Expired,25.0,75.0,2.0,February
2024-02-02,Chicken fillet,Mini Bites,4,Over-prepared,45.0,180.0,2.0,February
2024-02-02,the super charged (25% more coffee)  (iced),Sans Coffee,4,Over-prepared,34.0,136.0,2.0,February
2024-02-03,Chicken pops (bbq),Mini Bites,1,Expired,50.0,50.0,2.0,February
2024-02-03,Chicken fillet,Mini Bites,4,Spoiled,45.0,180.0,2.0,February
2024-02-03,BFF (Better French fries) Large (cheese ),Mini Bites,4,Over-prepared,28.0,112.0,2.0,February
2024-02-03,matcha espresso fusion  (iced),Signature Kôfē,2,Spoiled,35.0,70.0,2.0,February
2024-02-03,triple caramel,Kôfē Frappé,4,Spoiled,48.0,192.0,2.0,February
2024-02-04,French fries Spicy barbecue  (medium ),Mini Bites,2,Spoiled,18.0,36.0,2.0,February
2024-02-04,mocha (hot),Coffee Based,3,Over-prepared,31.0,93.0,2.0,February
2024-02-04,FFFF (large cheese ),Sans Coffee,1,Quality issue,18.0,18.0,2.0,February
2024-02-04,Iced honey shaken espresso ,Signature Kôfē,1,Spoiled,36.0,36.0,2.0,February
2024-02-04,hot cocoa latte ,Sans Coffee,1,Over-prepared,32.0,32.0,2.0,February
2024-02-05,Chiz melt (bacon),Mini Bites,3,Expired,30.0,90.0,2.0,February
2024-02-05,white mocha  (iced),Coffee Based,2,Over-prepared,35.0,70.0,2.0,February
2024-02-05,Drip coffee  (barako),Sans Coffee,3,Expired,17.0,51.0,2.0,February
2024-02-05,Sinagtala lomi 20 pax,Mini Bites,1,Quality issue,360.0,360.0,2.0,February
2024-02-05,hot citron tea,Sans Coffee,4,Over-prepared,22.0,88.0,2.0,February
2024-02-06,premium barako,Sans Coffee,3,Expired,15.0,45.0,2.0,February
2024-02-06,BFF (Better French fries) Large (cheese ),Mini Bites,2,Over-prepared,28.0,56.0,2.0,February
2024-02-06,drip coffee (8 bags/pouch) (barako),Sans Coffee,1,Over-prepared,37.0,37.0,2.0,February
2024-02-07,street food sampler (medium),Sans Coffee,1,Over-prepared,16.0,16.0,2.0,February
2024-02-07,Overload lomi (malapot),Mini Bites,4,Over-prepared,99.0,396.0,2.0,February
2024-02-07,mocha (iced),Coffee Based,1,Spoiled,35.0,35.0,2.0,February
2024-02-07,caramel macchiato  (hot),Coffee Based,1,Spoiled,32.0,32.0,2.0,February
2024-02-08,blended cappuccino ,Kôfē Frappé,4,Spoiled,33.0,132.0,2.0,February
2024-02-08,simple milk tea ,Sans Coffee,4,Over-prepared,28.0,112.0,2.0,February
2024-02-08,BFF (Better French fries)medium  ( cheese ),Mini Bites,3,Expired,16.0,48.0,2.0,February
2024-02-08,FFFF (large bbq),Sans Coffee,3,Expired,18.0,54.0,2.0,February
2024-02-08,BFF (Better French fries)medium  (bbq ),Mini Bites,1,Expired,16.0,16.0,2.0,February
2024-02-09,iced premium barako,Sans Coffee,3,Quality issue,21.0,63.0,2.0,February
2024-02-09,Drip coffee  (barako),Sans Coffee,2,Over-prepared,17.0,34.0,2.0,February
2024-02-09,mango banana milk shake ,Kôfē Frappé,1,Spoiled,35.0,35.0,2.0,February
2024-02-09,the Christmas drink (iced),Signature Kôfē,2,Over-prepared,34.0,68.0,2.0,February
2024-02-10,Strawberry Reverie ,Sans Coffee,1,Over-prepared,39.0,39.0,2.0,February
2024-02-10,Add_on (egg),Sans Coffee,1,Expired,10.0,10.0,2.0,February
2024-02-10,white mocha (hot),Coffee Based,4,Over-prepared,42.0,168.0,2.0,February
2024-02-10,the super charged (25% more coffee)  (hot),Sans Coffee,4,Expired,31.0,124.0,2.0,February
2024-02-11,Overload lomi (malapot),Mini Bites,2,Expired,99.0,198.0,2.0,February
2024-02-11,BFF (Better French fries)medium  (sour cream),Mini Bites,1,Over-prepared,16.0,16.0,2.0,February
2024-02-11,americano (hot),Coffee Based,1,Quality issue,26.0,26.0,2.0,February
2024-02-11,triple caramel ,Kôfē Frappé,3,Over-prepared,38.0,114.0,2.0,February
2024-02-11,sparkling berry,Sans Coffee,1,Over-prepared,31.0,31.0,2.0,February
2024-02-12,French fries Spicy barbecue  (medium ),Mini Bites,1,Over-prepared,18.0,18.0,2.0,February
2024-02-12,Chicken wings (3pcs),Mini Bites,3,Spoiled,45.0,135.0,2.0,February
2024-02-12,Add_on (ham),Sans Coffee,3,Spoiled,15.0,45.0,2.0,February
2024-02-12,Product Name (special a),Sans Coffee,3,Spoiled,41.0,123.0,2.0,February
2024-02-13,super mocha ,Kôfē Frappé,4,Over-prepared,38.0,152.0,2.0,February
2024-02-13,BFF (Better French fries)medium  (medium ),Mini Bites,2,Over-prepared,15.0,30.0,2.0,February
2024-02-13,choco coated waffle,Sans Coffee,3,Over-prepared,21.0,63.0,2.0,February
2024-02-13,FFFF (large sc),Sans Coffee,2,Over-prepared,18.0,36.0,2.0,February
2024-02-14,extra shot,Sans Coffee,3,Spoiled,16.0,48.0,2.0,February
2024-02-14,Add_on (egg),Sans Coffee,1,Over-prepared,10.0,10.0,2.0,February
2024-02-14,iced creamy barako,Sans Coffee,1,Over-prepared,24.0,24.0,2.0,February
2024-02-14,BFF (Better French fries) Large (bbq),Mini Bites,1,Spoiled,28.0,28.0,2.0,February
2024-02-14,mango banana milk shake ,Kôfē Frappé,2,Expired,35.0,70.0,2.0,February
2024-02-15,the super charged (25% more coffee)  (iced),Sans Coffee,3,Expired,34.0,102.0,2.0,February
2024-02-15,super mocha ,Kôfē Frappé,3,Expired,38.0,114.0,2.0,February
2024-02-15,BFF (Better French fries) Large (cheese ),Mini Bites,4,Over-prepared,28.0,112.0,2.0,February
2024-02-15,Overload lomi (malabnaw),Mini Bites,2,Quality issue,99.0,198.0,2.0,February
2024-02-15,sparkling berry,Sans Coffee,2,Spoiled,31.0,62.0,2.0,February
2024-02-16,cappuccino  (hot),Coffee Based,2,Spoiled,29.0,58.0,2.0,February
2024-02-16,iced creamy barako,Sans Coffee,3,Expired,24.0,72.0,2.0,February
2024-02-16,blended cappuccino ,Kôfē Frappé,4,Over-prepared,33.0,132.0,2.0,February
2024-02-16,Extra Rice,Sans Coffee,1,Expired,5.0,5.0,2.0,February
2024-02-17,the Christmas drink (hot ),Signature Kôfē,1,Over-prepared,32.0,32.0,2.0,February
2024-02-17,French fries Spicy barbecue  (large ),Mini Bites,4,Over-prepared,30.0,120.0,2.0,February
2024-02-17,BFF (Better French fries)medium  (medium ),Mini Bites,3,Over-prepared,15.0,45.0,2.0,February
2024-02-17,FFFF (plain with catsup medium),Sans Coffee,2,Expired,8.0,16.0,2.0,February
2024-02-17,oreo overload Frappe,Kôfē Frappé,1,Expired,48.0,48.0,2.0,February
2024-02-18,hot citron tea,Sans Coffee,4,Spoiled,22.0,88.0,2.0,February
2024-02-18,Chiz melt  (bacon),Mini Bites,4,Expired,28.0,112.0,2.0,February
2024-02-18,Chiz melt  (ham),Mini Bites,2,Quality issue,26.0,52.0,2.0,February
2024-02-18,Chicken fillet,Mini Bites,1,Over-prepared,45.0,45.0,2.0,February
2024-02-18,FFFF (plain with catsup medium),Sans Coffee,1,Over-prepared,8.0,8.0,2.0,February
2024-02-18,Product Name (regular ),Sans Coffee,1,Expired,18.0,18.0,2.0,February
2024-02-19,Cold brew with foamy vanilla ,Sans Coffee,1,Over-prepared,31.0,31.0,2.0,February
2024-02-19,blended cappuccino ,Kôfē Frappé,4,Over-prepared,33.0,132.0,2.0,February
2024-02-19,the super charged (25% more coffee)  (iced),Sans Coffee,1,Expired,34.0,34.0,2.0,February
2024-02-19,Chicken wings (1 dozen),Mini Bites,3,Over-prepared,165.0,495.0,2.0,February
2024-02-20,Spanish latte (hot),Coffee Based,1,Over-prepared,29.0,29.0,2.0,February
2024-02-20,drip coffee (8 bags/pouch) (barako),Sans Coffee,3,Expired,37.0,111.0,2.0,February
2024-02-20,the Christmas drink (iced),Signature Kôfē,3,Quality issue,34.0,102.0,2.0,February
2024-02-20,belgian waffle plain ,Sans Coffee,1,Over-prepared,21.0,21.0,2.0,February
2024-02-21,FFFF (large cheese ),Sans Coffee,3,Spoiled,18.0,54.0,2.0,February
2024-02-21,Sinagtala lomi 20 pax,Mini Bites,1,Expired,360.0,360.0,2.0,February
2024-02-21,Chicken wings (1 dozen),Mini Bites,2,Over-prepared,165.0,330.0,2.0,February
2024-02-21,Spanish latte (hot),Coffee Based,1,Over-prepared,29.0,29.0,2.0,February
2024-02-22,hot creamy barako,Sans Coffee,1,Expired,19.0,19.0,2.0,February
2024-02-22,Belgian waffle  (strawberry chocolate ),Sans Coffee,3,Over-prepared,27.0,81.0,2.0,February
2024-02-22,iced creamy barako,Sans Coffee,4,Over-prepared,24.0,96.0,2.0,February
2024-02-22,Cold brew with foamy vanilla ,Sans Coffee,3,Over-prepared,31.0,93.0,2.0,February
2024-02-23,BFF (Better French fries)medium  (large),Mini Bites,1,Over-prepared,27.0,27.0,2.0,February
2024-02-23,dalgona ,Signature Kôfē,2,Over-prepared,32.0,64.0,2.0,February
2024-02-23,white mocha  (iced),Coffee Based,1,Expired,35.0,35.0,2.0,February
2024-02-23,Chicken fillet,Mini Bites,1,Expired,45.0,45.0,2.0,February
2024-02-24,simple milk tea ,Sans Coffee,2,Over-prepared,28.0,56.0,2.0,February
2024-02-24,BFF (Better French fries) Large (bbq),Mini Bites,2,Over-prepared,28.0,56.0,2.0,February
2024-02-24,Chicken wings (1 dozen),Mini Bites,1,Expired,165.0,165.0,2.0,February
2024-02-24,matcha Supreme latte (iced),Sans Coffee,1,Spoiled,35.0,35.0,2.0,February
2024-02-24,the super charged (25% more coffee)  (hot),Sans Coffee,2,Over-prepared,31.0,62.0,2.0,February
2024-02-25,Chiz melt  (bacon),Mini Bites,1,Quality issue,28.0,28.0,2.0,February
2024-02-25,matcha Supreme latte (iced),Sans Coffee,4,Quality issue,35.0,140.0,2.0,February
2024-02-25,caramel macchiato  (hot),Coffee Based,4,Expired,32.0,128.0,2.0,February
2024-02-25,Whipped Americano,Signature Kôfē,4,Over-prepared,36.0,144.0,2.0,February
2024-02-25,Iced honey shaken espresso ,Signature Kôfē,4,Spoiled,36.0,144.0,2.0,February
2024-02-25,belgian waffle plain ,Sans Coffee,3,Over-prepared,21.0,63.0,2.0,February
2024-02-26,the super charged (25% more coffee)  (iced),Sans Coffee,4,Expired,34.0,136.0,2.0,February
2024-02-26,caramel macchiato (iced),Coffee Based,1,Quality issue,45.0,45.0,2.0,February
2024-02-26,Chicken wings (3pcs),Mini Bites,2,Over-prepared,45.0,90.0,2.0,February
2024-02-26,Coffee Syphon (arabica),Sans Coffee,4,Over-prepared,30.0,120.0,2.0,February
2024-02-27,Iced honey shaken espresso ,Signature Kôfē,4,Spoiled,36.0,144.0,2.0,February
2024-02-27,the Christmas drink (iced),Signature Kôfē,3,Over-prepared,34.0,102.0,2.0,February
2024-02-27,FFFF (med sc),Sans Coffee,1,Quality issue,8.0,8.0,2.0,February
2024-02-27,brownie,Sans Coffee,3,Over-prepared,21.0,63.0,2.0,February
2024-02-28,Whipped Americano,Signature Kôfē,1,Quality issue,36.0,36.0,2.0,February
2024-02-28,Chicken pops (bbq),Mini Bites,3,Expired,50.0,150.0,2.0,February
2024-02-28,Add_on (egg),Sans Coffee,4,Spoiled,10.0,40.0,2.0,February
2024-02-28,white mocha  (iced),Coffee Based,1,Over-prepared,35.0,35.0,2.0,February
2024-02-29,simple milk tea ,Sans Coffee,1,Expired,28.0,28.0,2.0,February
2024-02-29,Add_on (kimchi),Sans Coffee,4,Over-prepared,15.0,60.0,2.0,February
2024-02-29,the Christmas drink (iced),Signature Kôfē,1,Spoiled,34.0,34.0,2.0,February
2024-02-29,Product Name (special b),Sans Coffee,2,Over-prepared,46.0,92.0,2.0,February
2024-03-01,white mocha  (hot),Coffee Based,3,Over-prepared,32.0,96.0,3.0,March
2024-03-01,Chiz melt  (ham),Mini Bites,3,Expired,26.0,78.0,3.0,March
2024-03-01,sparkling berry,Sans Coffee,4,Expired,31.0,124.0,3.0,March
2024-03-01,FFFF (large cheese ),Sans Coffee,4,Spoiled,18.0,72.0,3.0,March
2024-03-01,Cold brew with foamy vanilla ,Sans Coffee,1,Spoiled,31.0,31.0,3.0,March
2024-03-02,iced premium barako,Sans Coffee,4,Quality issue,21.0,84.0,3.0,March
2024-03-02,caramel macchiato (hot),Coffee Based,4,Over-prepared,42.0,168.0,3.0,March
2024-03-02,super mocha ,Kôfē Frappé,1,Over-prepared,38.0,38.0,3.0,March
2024-03-02,white mocha  (hot),Coffee Based,3,Expired,32.0,96.0,3.0,March
2024-03-02,Extra Rice,Sans Coffee,2,Over-prepared,5.0,10.0,3.0,March
2024-03-03,oreo overload Frappe,Kôfē Frappé,2,Over-prepared,48.0,96.0,3.0,March
2024-03-03,Chicken wings (half dozen),Mini Bites,3,Quality issue,82.0,246.0,3.0,March
2024-03-03,Chicken wings (1 dozen),Mini Bites,2,Spoiled,165.0,330.0,3.0,March
2024-03-03,oreo overload Frappe ,Kôfē Frappé,1,Spoiled,37.0,37.0,3.0,March
2024-03-03,Brownies ,Sans Coffee,1,Quality issue,21.0,21.0,3.0,March
2024-03-04,Overload lomi (malapot),Mini Bites,1,Quality issue,99.0,99.0,3.0,March
2024-03-04,Sinagtala lomi 20 pax,Mini Bites,2,Expired,360.0,720.0,3.0,March
2024-03-04,Product Name (special a),Sans Coffee,1,Over-prepared,41.0,41.0,3.0,March
2024-03-04,white mocha (hot),Coffee Based,1,Over-prepared,42.0,42.0,3.0,March
2024-03-05,white mocha (hot),Coffee Based,3,Spoiled,42.0,126.0,3.0,March
2024-03-05,americano (hot),Coffee Based,2,Over-prepared,26.0,52.0,3.0,March
2024-03-05,street food sampler (large),Sans Coffee,1,Over-prepared,28.0,28.0,3.0,March
2024-03-05,Chicken wings (extra rice ),Mini Bites,3,Over-prepared,4.0,12.0,3.0,March
2024-03-05,belgian waffle plain ,Sans Coffee,3,Expired,21.0,63.0,3.0,March
2024-03-06,matcha espresso fusion  (hot),Signature Kôfē,2,Spoiled,32.0,64.0,3.0,March
2024-03-06,Drip coffee  (barako),Sans Coffee,1,Over-prepared,17.0,17.0,3.0,March
2024-03-06,the SM tea,Sans Coffee,2,Over-prepared,37.0,74.0,3.0,March
2024-03-06,BFF (Better French fries) Large (bbq),Mini Bites,4,Over-prepared,28.0,112.0,3.0,March
2024-03-07,Chicken wings (3pcs),Mini Bites,2,Over-prepared,45.0,90.0,3.0,March
2024-03-07,white mocha (hot),Coffee Based,4,Expired,42.0,168.0,3.0,March
2024-03-07,mango banana milk shake ,Kôfē Frappé,4,Over-prepared,35.0,140.0,3.0,March
2024-03-07,Add_on (cheese),Sans Coffee,1,Over-prepared,12.0,12.0,3.0,March
2024-03-07,FFFF (large bbq),Sans Coffee,1,Expired,18.0,18.0,3.0,March
2024-03-08,Spanish latte (hot),Coffee Based,1,Quality issue,29.0,29.0,3.0,March
2024-03-08,Chicken wings (extra rice ),Mini Bites,4,Expired,4.0,16.0,3.0,March
2024-03-08,French fries Spicy barbecue  (large ),Mini Bites,2,Over-prepared,30.0,60.0,3.0,March
2024-03-08,Cold brew with foamy vanilla ,Sans Coffee,3,Over-prepared,31.0,93.0,3.0,March
2024-03-08,Add_on (egg),Sans Coffee,4,Over-prepared,10.0,40.0,3.0,March
2024-03-09,Ramen (regular),Mini Bites,4,Expired,17.0,68.0,3.0,March
2024-03-09,6 Chicken wings ,Mini Bites,1,Expired,82.0,82.0,3.0,March
2024-03-09,extra shot,Sans Coffee,3,Quality issue,16.0,48.0,3.0,March
2024-03-09,white mocha (hot),Coffee Based,4,Quality issue,42.0,168.0,3.0,March
2024-03-09,hot creamy barako,Sans Coffee,1,Expired,19.0,19.0,3.0,March
2024-03-09,Brownies ,Sans Coffee,2,Over-prepared,21.0,42.0,3.0,March
2024-03-10,Strawberry Reverie ,Sans Coffee,2,Expired,39.0,78.0,3.0,March
2024-03-10,sparkling berry,Sans Coffee,1,Over-prepared,31.0,31.0,3.0,March
2024-03-10,BFF (Better French fries)medium  (medium ),Mini Bites,3,Over-prepared,15.0,45.0,3.0,March
2024-03-10,the SM tea,Sans Coffee,1,Over-prepared,37.0,37.0,3.0,March
2024-03-10,Add_on (seaweeds),Sans Coffee,1,Over-prepared,8.0,8.0,3.0,March
2024-03-11,BFF (Better French fries)medium  (medium ),Mini Bites,3,Over-prepared,15.0,45.0,3.0,March
2024-03-11,Chicken wings (extra rice ),Mini Bites,3,Spoiled,4.0,12.0,3.0,March
2024-03-11,French fries Spicy barbecue  (medium ),Mini Bites,4,Expired,18.0,72.0,3.0,March
2024-03-11,extra shot,Sans Coffee,1,Over-prepared,16.0,16.0,3.0,March
2024-03-11,Add_on (seaweeds),Sans Coffee,3,Expired,8.0,24.0,3.0,March
2024-03-12,brownie,Sans Coffee,4,Spoiled,21.0,84.0,3.0,March
2024-03-12,BFF (Better French fries) Large (cheese ),Mini Bites,1,Spoiled,28.0,28.0,3.0,March
2024-03-12,Chicken pops (bbq),Mini Bites,4,Expired,50.0,200.0,3.0,March
2024-03-12,cappuccino  (hot),Coffee Based,1,Spoiled,29.0,29.0,3.0,March
2024-03-13,dirty coffee shake ,Kôfē Frappé,4,Over-prepared,38.0,152.0,3.0,March
2024-03-13,Add_on (cheese),Sans Coffee,4,Expired,12.0,48.0,3.0,March
2024-03-13,Sinagtala lomi 20 pax,Mini Bites,1,Over-prepared,360.0,360.0,3.0,March
2024-03-13,matcha espresso fusion  (iced),Signature Kôfē,2,Spoiled,35.0,70.0,3.0,March
2024-03-14,hot citron tea,Sans Coffee,3,Expired,22.0,66.0,3.0,March
2024-03-14,Chicken pops (bbq),Mini Bites,1,Over-prepared,50.0,50.0,3.0,March
2024-03-14,BFF (Better French fries) Large (cheese),Mini Bites,3,Expired,30.0,90.0,3.0,March
2024-03-14,matcha Supreme latte (iced),Sans Coffee,4,Expired,35.0,140.0,3.0,March
2024-03-14,mango banana milk shake ,Kôfē Frappé,2,Quality issue,35.0,70.0,3.0,March
2024-03-15,Add_on (cheese),Sans Coffee,2,Quality issue,12.0,24.0,3.0,March
2024-03-15,dirty coffee shake ,Kôfē Frappé,2,Expired,38.0,76.0,3.0,March
2024-03-15,triple caramel,Kôfē Frappé,3,Over-prepared,48.0,144.0,3.0,March
2024-03-15,Belgian waffle  (mango caramel ),Sans Coffee,3,Over-prepared,27.0,81.0,3.0,March
2024-03-15,Belgian waffle  (strawberry chocolate ),Sans Coffee,4,Over-prepared,27.0,108.0,3.0,March
2024-03-16,FFFF (large sc),Sans Coffee,1,Spoiled,18.0,18.0,3.0,March
2024-03-16,blended cappuccino ,Kôfē Frappé,4,Expired,33.0,132.0,3.0,March
2024-03-16,Overload lomi (malapot),Mini Bites,1,Over-prepared,99.0,99.0,3.0,March
2024-03-16,mango banana milk shake ,Kôfē Frappé,4,Expired,35.0,140.0,3.0,March
2024-03-16,choco coated waffle,Sans Coffee,4,Over-prepared,21.0,84.0,3.0,March
2024-03-16,extra shot,Sans Coffee,1,Spoiled,16.0,16.0,3.0,March
2024-03-17,caramel macchiato (iced),Coffee Based,4,Quality issue,45.0,180.0,3.0,March
2024-03-17,Belgian waffle  (mango caramel ),Sans Coffee,3,Over-prepared,27.0,81.0,3.0,March
2024-03-17,Spanish latte (hot),Coffee Based,1,Expired,29.0,29.0,3.0,March
2024-03-17,oreo overload Frappe,Kôfē Frappé,4,Spoiled,48.0,192.0,3.0,March
2024-03-17,matcha espresso fusion  (iced),Signature Kôfē,1,Over-prepared,35.0,35.0,3.0,March
2024-03-18, latte ,Coffee Based,4,Over-prepared,29.0,116.0,3.0,March
2024-03-18,Product Name (regular ),Sans Coffee,3,Spoiled,18.0,54.0,3.0,March
2024-03-18,Choco caramel decadence,Sans Coffee,3,Over-prepared,45.0,135.0,3.0,March
2024-03-18,Belgian waffle  (mango caramel ),Sans Coffee,4,Quality issue,27.0,108.0,3.0,March
2024-03-19,caramel macchiato (hot),Coffee Based,2,Over-prepared,42.0,84.0,3.0,March
2024-03-19,French fries Spicy barbecue  (medium ),Mini Bites,3,Over-prepared,18.0,54.0,3.0,March
2024-03-19,BFF (Better French fries) Large (cheese ),Mini Bites,3,Expired,28.0,84.0,3.0,March
2024-03-19,mango banana milk shake ,Kôfē Frappé,1,Expired,35.0,35.0,3.0,March
2024-03-19,Belgian waffle  (peanut butter ),Sans Coffee,4,Over-prepared,25.0,100.0,3.0,March
2024-03-20,simple milk tea ,Sans Coffee,3,Expired,28.0,84.0,3.0,March
2024-03-20,drip coffee (8 bags/pouch) (barako),Sans Coffee,4,Expired,37.0,148.0,3.0,March
2024-03-20,Chicken wings (1 dozen),Mini Bites,4,Expired,165.0,660.0,3.0,March
2024-03-20,iced creamy barako,Sans Coffee,4,Expired,24.0,96.0,3.0,March
2024-03-21,Extra Rice,Sans Coffee,1,Spoiled,5.0,5.0,3.0,March
2024-03-21,extra shot,Sans Coffee,3,Expired,16.0,48.0,3.0,March
2024-03-21,BFF (Better French fries) Large (sour cream),Mini Bites,4,Expired,28.0,112.0,3.0,March
2024-03-21,Add_on (egg),Sans Coffee,2,Over-prepared,10.0,20.0,3.0,March
2024-03-21,Chiz melt  (ham),Mini Bites,1,Expired,26.0,26.0,3.0,March
2024-03-22,Product Name (regular ),Sans Coffee,2,Over-prepared,18.0,36.0,3.0,March
2024-03-22,americano (iced),Coffee Based,1,Over-prepared,28.0,28.0,3.0,March
2024-03-22,white mocha  (iced),Coffee Based,3,Expired,35.0,105.0,3.0,March
2024-03-22,Cookies ,Sans Coffee,2,Quality issue,18.0,36.0,3.0,March
2024-03-22,6 Chicken wings ,Mini Bites,1,Over-prepared,82.0,82.0,3.0,March
2024-03-23,caramel macchiato  (hot),Coffee Based,2,Expired,32.0,64.0,3.0,March
2024-03-23,the Christmas drink (hot ),Signature Kôfē,4,Expired,32.0,128.0,3.0,March
2024-03-23,strawberry latte,Sans Coffee,1,Expired,36.0,36.0,3.0,March
2024-03-23,extra shot,Sans Coffee,4,Spoiled,16.0,64.0,3.0,March
2024-03-23,iced premium barako,Sans Coffee,3,Over-prepared,21.0,63.0,3.0,March
2024-03-23,BFF (Better French fries) Large (cheese),Mini Bites,3,Over-prepared,30.0,90.0,3.0,March
2024-03-24,FFFF (large sc),Sans Coffee,3,Spoiled,18.0,54.0,3.0,March
2024-03-24,Add_on (kimchi),Sans Coffee,2,Over-prepared,15.0,30.0,3.0,March
2024-03-24,Chicken wings (3pcs),Mini Bites,4,Expired,45.0,180.0,3.0,March
2024-03-24,Chicken wings (extra rice ),Mini Bites,3,Over-prepared,4.0,12.0,3.0,March
2024-03-24,Strawberry Reverie ,Sans Coffee,3,Over-prepared,39.0,117.0,3.0,March
2024-03-24,Ramen (regular),Mini Bites,1,Spoiled,17.0,17.0,3.0,March
2024-03-25,the Christmas drink (hot ),Signature Kôfē,4,Over-prepared,32.0,128.0,3.0,March
2024-03-25,Chicken fillet,Mini Bites,1,Spoiled,45.0,45.0,3.0,March
2024-03-25,oreo overload Frappe ,Kôfē Frappé,3,Over-prepared,37.0,111.0,3.0,March
2024-03-25,BFF (Better French fries) Large (cheese),Mini Bites,1,Over-prepared,30.0,30.0,3.0,March
2024-03-25,FFFF (plain with catsup medium),Sans Coffee,3,Over-prepared,8.0,24.0,3.0,March
2024-03-26,Add_on (seaweeds),Sans Coffee,2,Spoiled,8.0,16.0,3.0,March
2024-03-26,super mocha ,Kôfē Frappé,3,Over-prepared,38.0,114.0,3.0,March
2024-03-26,choco dinosaur latte,Sans Coffee,2,Over-prepared,35.0,70.0,3.0,March
2024-03-26,FFFF (large cheese ),Sans Coffee,1,Over-prepared,18.0,18.0,3.0,March
2024-03-27,FFFF (large cheese ),Sans Coffee,4,Over-prepared,18.0,72.0,3.0,March
2024-03-27,BFF (Better French fries) Large (bbq),Mini Bites,1,Quality issue,28.0,28.0,3.0,March
2024-03-27,Iced honey shaken espresso ,Signature Kôfē,3,Spoiled,36.0,108.0,3.0,March
2024-03-27,caramel macchiato  (hot),Coffee Based,3,Spoiled,32.0,96.0,3.0,March
2024-03-27,dirty coffee shake ,Kôfē Frappé,4,Over-prepared,38.0,152.0,3.0,March
2024-03-28,Belgian waffle  (peanut butter ),Sans Coffee,3,Spoiled,25.0,75.0,3.0,March
2024-03-28,Extra Rice,Sans Coffee,2,Quality issue,5.0,10.0,3.0,March
2024-03-28,Overload lomi (malapot),Mini Bites,3,Spoiled,99.0,297.0,3.0,March
2024-03-28,belgian waffle plain ,Sans Coffee,2,Expired,21.0,42.0,3.0,March
2024-03-28,Ramen (regular),Mini Bites,4,Over-prepared,17.0,68.0,3.0,March
2024-03-29,Brownies ,Sans Coffee,4,Quality issue,21.0,84.0,3.0,March
2024-03-29,BFF (Better French fries)medium  (bbq ),Mini Bites,3,Spoiled,16.0,48.0,3.0,March
2024-03-29,BFF (Better French fries)medium  (large),Mini Bites,1,Over-prepared,27.0,27.0,3.0,March
2024-03-29,white mocha (hot),Coffee Based,1,Over-prepared,42.0,42.0,3.0,March
2024-03-29,white mocha (iced),Coffee Based,4,Expired,45.0,180.0,3.0,March
2024-03-30,Add_on (kimchi),Sans Coffee,1,Spoiled,15.0,15.0,3.0,March
2024-03-30,BFF (Better French fries)medium  ( cheese ),Mini Bites,1,Over-prepared,16.0,16.0,3.0,March
2024-03-30,BFF (Better French fries)medium  (medium ),Mini Bites,2,Spoiled,15.0,30.0,3.0,March
2024-03-30,hot cocoa latte ,Sans Coffee,3,Over-prepared,32.0,96.0,3.0,March
2024-03-30,matcha espresso fusion  (iced),Signature Kôfē,3,Expired,35.0,105.0,3.0,March
2024-03-30,belgian waffle plain ,Sans Coffee,2,Over-prepared,21.0,42.0,3.0,March
2024-03-31,white mocha  (hot),Coffee Based,3,Over-prepared,32.0,96.0,3.0,March
2024-03-31,simple milk tea ,Sans Coffee,4,Over-prepared,28.0,112.0,3.0,March
2024-03-31,brownie,Sans Coffee,3,Over-prepared,21.0,63.0,3.0,March
2024-03-31,BFF (Better French fries)medium  (bbq ),Mini Bites,3,Over-prepared,16.0,48.0,3.0,March
2024-03-31,kofetala special blend ,Sans Coffee,2,Over-prepared,34.0,68.0,3.0,March
2024-04-01,kofetala special blend ,Sans Coffee,1,Over-prepared,34.0,34.0,4.0,April
2024-04-01,dalgona ,Signature Kôfē,1,Expired,32.0,32.0,4.0,April
2024-04-01,iced creamy barako,Sans Coffee,4,Quality issue,24.0,96.0,4.0,April
2024-04-01,the SM tea,Sans Coffee,1,Spoiled,37.0,37.0,4.0,April
2024-04-01,BFF (Better French fries)medium  (medium ),Mini Bites,2,Expired,15.0,30.0,4.0,April
2024-04-02, latte ,Coffee Based,4,Expired,29.0,116.0,4.0,April
2024-04-02,hot cocoa latte ,Sans Coffee,4,Over-prepared,32.0,128.0,4.0,April
2024-04-02,mango banana milk shake ,Kôfē Frappé,1,Expired,35.0,35.0,4.0,April
2024-04-02,Cold brew with foamy vanilla ,Sans Coffee,3,Over-prepared,31.0,93.0,4.0,April
2024-04-03,Belgian waffle  (mango caramel ),Sans Coffee,2,Expired,27.0,54.0,4.0,April
2024-04-03,iced creamy barako,Sans Coffee,4,Over-prepared,24.0,96.0,4.0,April
2024-04-03,latte,Coffee Based,4,Over-prepared,42.0,168.0,4.0,April
2024-04-03,Product Name (special a),Sans Coffee,3,Over-prepared,41.0,123.0,4.0,April
2024-04-04,Add_on (ham),Sans Coffee,2,Over-prepared,15.0,30.0,4.0,April
2024-04-04,iced premium barako,Sans Coffee,3,Over-prepared,21.0,63.0,4.0,April
2024-04-04,caramel macchiato  (hot),Coffee Based,1,Spoiled,32.0,32.0,4.0,April
2024-04-04,hot creamy barako,Sans Coffee,3,Over-prepared,19.0,57.0,4.0,April
2024-04-05,sparkling berry,Sans Coffee,2,Spoiled,31.0,62.0,4.0,April
2024-04-05,Chiz melt (bacon),Mini Bites,1,Spoiled,30.0,30.0,4.0,April
2024-04-05,BFF (Better French fries)medium  (sour cream),Mini Bites,2,Over-prepared,16.0,32.0,4.0,April
2024-04-05,premium barako,Sans Coffee,1,Over-prepared,15.0,15.0,4.0,April
2024-04-05,belgian waffle plain ,Sans Coffee,4,Over-prepared,21.0,84.0,4.0,April
2024-04-06,BFF (Better French fries)medium  (sour cream),Mini Bites,2,Over-prepared,16.0,32.0,4.0,April
2024-04-06,Cookies ,Sans Coffee,4,Over-prepared,18.0,72.0,4.0,April
2024-04-06,Chicken wings (half dozen),Mini Bites,3,Expired,82.0,246.0,4.0,April
2024-04-06,white mocha  (iced),Coffee Based,1,Over-prepared,35.0,35.0,4.0,April
2024-04-06,cappuccino  (ice),Coffee Based,4,Spoiled,32.0,128.0,4.0,April
2024-04-07,FFFF (large bbq),Sans Coffee,2,Over-prepared,18.0,36.0,4.0,April
2024-04-07,Spanish latte (hot),Coffee Based,4,Quality issue,29.0,116.0,4.0,April
2024-04-07,extra shot,Sans Coffee,4,Over-prepared,16.0,64.0,4.0,April
2024-04-07,BFF (Better French fries)medium  (large),Mini Bites,1,Expired,27.0,27.0,4.0,April
2024-04-07,Chiz melt  (spam lite),Mini Bites,1,Over-prepared,27.0,27.0,4.0,April
2024-04-08,premium barako,Sans Coffee,1,Expired,15.0,15.0,4.0,April
2024-04-08,BFF (Better French fries)medium  (bbq ),Mini Bites,3,Over-prepared,16.0,48.0,4.0,April
2024-04-08,cappuccino  (ice),Coffee Based,2,Expired,32.0,64.0,4.0,April
2024-04-08,white mocha (hot),Coffee Based,3,Expired,42.0,126.0,4.0,April
2024-04-09,FFFF (med sc),Sans Coffee,4,Expired,8.0,32.0,4.0,April
2024-04-09,strawberry latte,Sans Coffee,3,Expired,36.0,108.0,4.0,April
2024-04-09,caramel macchiato  (hot),Coffee Based,3,Over-prepared,32.0,96.0,4.0,April
2024-04-09,dirty coffee shake ,Kôfē Frappé,3,Over-prepared,38.0,114.0,4.0,April
2024-04-09,BFF (Better French fries) Large (sour cream),Mini Bites,4,Spoiled,28.0,112.0,4.0,April
2024-04-10,FFFF (med sc),Sans Coffee,1,Over-prepared,8.0,8.0,4.0,April
2024-04-10,drip coffee (8 bags/pouch) (barako),Sans Coffee,1,Spoiled,37.0,37.0,4.0,April
2024-04-10,Cold brew with foamy vanilla ,Sans Coffee,2,Over-prepared,31.0,62.0,4.0,April
2024-04-10,Chiz melt  (bacon),Mini Bites,1,Over-prepared,28.0,28.0,4.0,April
2024-04-11,BFF (Better French fries)medium  ( cheese ),Mini Bites,1,Spoiled,16.0,16.0,4.0,April
2024-04-11,the super charged (25% more coffee)  (hot),Sans Coffee,3,Over-prepared,31.0,93.0,4.0,April
2024-04-11,Drip coffee  (barako),Sans Coffee,4,Over-prepared,17.0,68.0,4.0,April
2024-04-11,drip coffee (8 bags/pouch) (barako),Sans Coffee,1,Over-prepared,37.0,37.0,4.0,April
2024-04-11,Add_on (cheese),Sans Coffee,4,Over-prepared,12.0,48.0,4.0,April
2024-04-12,Drip coffee  (barako),Sans Coffee,1,Expired,17.0,17.0,4.0,April
2024-04-12,super mocha ,Kôfē Frappé,2,Over-prepared,38.0,76.0,4.0,April
2024-04-12,white mocha  (hot),Coffee Based,3,Over-prepared,32.0,96.0,4.0,April
2024-04-12,BFF (Better French fries)medium  (large),Mini Bites,1,Over-prepared,27.0,27.0,4.0,April
2024-04-13,French fries Spicy barbecue  (large ),Mini Bites,3,Over-prepared,30.0,90.0,4.0,April
2024-04-13,caramel macchiato  (iced),Coffee Based,1,Spoiled,35.0,35.0,4.0,April
2024-04-13,Chiz melt (bacon),Mini Bites,4,Expired,30.0,120.0,4.0,April
2024-04-13,mocha (hot),Coffee Based,1,Spoiled,31.0,31.0,4.0,April
2024-04-13,the Christmas drink (hot ),Signature Kôfē,4,Spoiled,32.0,128.0,4.0,April
2024-04-13,Chiz melt  (ham),Mini Bites,4,Expired,26.0,104.0,4.0,April
2024-04-14,matcha Supreme latte (hot),Sans Coffee,3,Over-prepared,32.0,96.0,4.0,April
2024-04-14,FFFF (large bbq),Sans Coffee,1,Over-prepared,18.0,18.0,4.0,April
2024-04-14,Chicken wings (half dozen),Mini Bites,4,Expired,82.0,328.0,4.0,April
2024-04-14,choco dinosaur latte,Sans Coffee,1,Spoiled,35.0,35.0,4.0,April
2024-04-14,iced creamy barako,Sans Coffee,2,Spoiled,24.0,48.0,4.0,April
2024-04-14, latte ,Coffee Based,1,Expired,29.0,29.0,4.0,April
2024-04-15,caramel macchiato  (hot),Coffee Based,2,Over-prepared,32.0,64.0,4.0,April
2024-04-15,caramel macchiato  (iced),Coffee Based,1,Over-prepared,35.0,35.0,4.0,April
2024-04-15,Iced honey shaken espresso ,Signature Kôfē,3,Over-prepared,36.0,108.0,4.0,April
2024-04-15,French fries plain (large),Mini Bites,4,Over-prepared,90.0,360.0,4.0,April
2024-04-15,super mocha ,Kôfē Frappé,1,Over-prepared,38.0,38.0,4.0,April
2024-04-16,extra shot,Sans Coffee,4,Over-prepared,16.0,64.0,4.0,April
2024-04-16,matcha Supreme latte (iced),Sans Coffee,3,Over-prepared,35.0,105.0,4.0,April
2024-04-16,caramel macchiato  (hot),Coffee Based,3,Expired,32.0,96.0,4.0,April
2024-04-16,cappuccino  (ice),Coffee Based,2,Spoiled,32.0,64.0,4.0,April
2024-04-16,drip coffee (8 bags/pouch) (barako),Sans Coffee,4,Quality issue,37.0,148.0,4.0,April
2024-04-17,super mocha ,Kôfē Frappé,1,Over-prepared,38.0,38.0,4.0,April
2024-04-17,cappuccino  (hot),Coffee Based,2,Over-prepared,29.0,58.0,4.0,April
2024-04-17,Chiz melt  (spam lite),Mini Bites,3,Expired,27.0,81.0,4.0,April
2024-04-17,brownie,Sans Coffee,2,Over-prepared,21.0,42.0,4.0,April
2024-04-18,the super charged (25% more coffee)  (hot),Sans Coffee,3,Spoiled,31.0,93.0,4.0,April
2024-04-18,6 Chicken wings ,Mini Bites,2,Over-prepared,82.0,164.0,4.0,April
2024-04-18,Overload lomi (malapot),Mini Bites,3,Expired,99.0,297.0,4.0,April
2024-04-18,Cookies ,Sans Coffee,4,Over-prepared,18.0,72.0,4.0,April
2024-04-18,BFF (Better French fries)medium  (bbq ),Mini Bites,1,Spoiled,16.0,16.0,4.0,April
2024-04-19,Drip coffee  (barako),Sans Coffee,3,Over-prepared,17.0,51.0,4.0,April
2024-04-19,caramel macchiato  (hot),Coffee Based,2,Over-prepared,32.0,64.0,4.0,April
2024-04-19,cappuccino  (hot),Coffee Based,3,Over-prepared,29.0,87.0,4.0,April
2024-04-19,dirty coffee shake ,Kôfē Frappé,1,Over-prepared,38.0,38.0,4.0,April
2024-04-19,mocha (iced),Coffee Based,1,Expired,35.0,35.0,4.0,April
2024-04-20,caramel macchiato (hot),Coffee Based,4,Spoiled,42.0,168.0,4.0,April
2024-04-20,the super charged (25% more coffee)  (hot),Sans Coffee,4,Quality issue,31.0,124.0,4.0,April
2024-04-20,simple milk tea ,Sans Coffee,2,Spoiled,28.0,56.0,4.0,April
2024-04-20,Belgian waffle  (peanut butter ),Sans Coffee,1,Expired,25.0,25.0,4.0,April
2024-04-20,BFF (Better French fries)medium  (large),Mini Bites,3,Spoiled,27.0,81.0,4.0,April
2024-04-21,iced creamy barako,Sans Coffee,1,Spoiled,24.0,24.0,4.0,April
2024-04-21,drip coffee (8 bags/pouch) (arabica),Sans Coffee,1,Over-prepared,62.0,62.0,4.0,April
2024-04-21,Chicken wings (extra rice ),Mini Bites,3,Spoiled,4.0,12.0,4.0,April
2024-04-21,simple milk tea ,Sans Coffee,1,Spoiled,28.0,28.0,4.0,April
2024-04-21,Strawberry Reverie ,Sans Coffee,1,Spoiled,39.0,39.0,4.0,April
2024-04-22,white mocha (iced),Coffee Based,2,Spoiled,45.0,90.0,4.0,April
2024-04-22,Chiz melt  (spam lite),Mini Bites,1,Over-prepared,27.0,27.0,4.0,April
2024-04-22,premium barako,Sans Coffee,3,Over-prepared,15.0,45.0,4.0,April
2024-04-22,Brownies ,Sans Coffee,3,Over-prepared,21.0,63.0,4.0,April
2024-04-22,Chicken wings (3pcs),Mini Bites,1,Over-prepared,45.0,45.0,4.0,April
2024-04-23,Extra Rice,Sans Coffee,4,Spoiled,5.0,20.0,4.0,April
2024-04-23,caramel macchiato  (iced),Coffee Based,1,Over-prepared,35.0,35.0,4.0,April
2024-04-23,iced premium barako,Sans Coffee,3,Quality issue,21.0,63.0,4.0,April
2024-04-23,premium barako,Sans Coffee,4,Over-prepared,15.0,60.0,4.0,April
2024-04-24,white mocha  (iced),Coffee Based,2,Spoiled,35.0,70.0,4.0,April
2024-04-24,Iced honey shaken espresso ,Signature Kôfē,1,Over-prepared,36.0,36.0,4.0,April
2024-04-24,kofetala special blend ,Sans Coffee,1,Over-prepared,34.0,34.0,4.0,April
2024-04-24,caramel macchiato (hot),Coffee Based,1,Expired,42.0,42.0,4.0,April
2024-04-25,Spanish latte (hot),Coffee Based,4,Quality issue,29.0,116.0,4.0,April
2024-04-25,the SM tea,Sans Coffee,2,Expired,37.0,74.0,4.0,April
2024-04-25,Extra Rice,Sans Coffee,4,Over-prepared,5.0,20.0,4.0,April
2024-04-25,triple caramel,Kôfē Frappé,1,Expired,48.0,48.0,4.0,April
2024-04-26,FFFF (large bbq),Sans Coffee,2,Over-prepared,18.0,36.0,4.0,April
2024-04-26,Chicken wings (3pcs),Mini Bites,4,Expired,45.0,180.0,4.0,April
2024-04-26,white mocha  (hot),Coffee Based,4,Over-prepared,32.0,128.0,4.0,April
2024-04-26,hot citron tea,Sans Coffee,4,Expired,22.0,88.0,4.0,April
2024-04-27,FFFF (large bbq),Sans Coffee,4,Expired,18.0,72.0,4.0,April
2024-04-27,FFFF (large sc),Sans Coffee,4,Over-prepared,18.0,72.0,4.0,April
2024-04-27,Iced honey shaken espresso ,Signature Kôfē,3,Spoiled,36.0,108.0,4.0,April
2024-04-27,Overload lomi (malapot),Mini Bites,4,Spoiled,99.0,396.0,4.0,April
2024-04-27,hot citron tea,Sans Coffee,2,Over-prepared,22.0,44.0,4.0,April
2024-04-28,caramel macchiato  (iced),Coffee Based,2,Over-prepared,35.0,70.0,4.0,April
2024-04-28,BFF (Better French fries) Large (bbq),Mini Bites,4,Over-prepared,28.0,112.0,4.0,April
2024-04-28,Strawberry Reverie ,Sans Coffee,3,Expired,39.0,117.0,4.0,April
2024-04-28,strawberry latte,Sans Coffee,1,Over-prepared,36.0,36.0,4.0,April
2024-04-28,matcha Supreme latte (hot),Sans Coffee,4,Quality issue,32.0,128.0,4.0,April
2024-04-29,dirty coffee shake ,Kôfē Frappé,3,Spoiled,38.0,114.0,4.0,April
2024-04-29,Chiz melt  (bacon),Mini Bites,3,Quality issue,28.0,84.0,4.0,April
2024-04-29,BFF (Better French fries) Large (cheese ),Mini Bites,1,Expired,28.0,28.0,4.0,April
2024-04-29,kofetala special blend ,Sans Coffee,2,Expired,34.0,68.0,4.0,April
2024-04-30,white mocha  (hot),Coffee Based,2,Expired,32.0,64.0,4.0,April
2024-04-30,Ramen (regular),Mini Bites,1,Over-prepared,17.0,17.0,4.0,April
2024-04-30,Chicken wings (3pcs),Mini Bites,4,Quality issue,45.0,180.0,4.0,April
2024-04-30,americano (iced),Coffee Based,2,Expired,28.0,56.0,4.0,April
2024-05-01,BFF (Better French fries)medium  (medium ),Mini Bites,2,Expired,15.0,30.0,5.0,May
2024-05-01,simple milk tea ,Sans Coffee,3,Expired,28.0,84.0,5.0,May
2024-05-01,Belgian waffle  (strawberry chocolate ),Sans Coffee,1,Quality issue,27.0,27.0,5.0,May
2024-05-01,caramel macchiato (iced),Coffee Based,2,Expired,45.0,90.0,5.0,May
2024-05-02,Choco caramel decadence,Sans Coffee,4,Quality issue,45.0,180.0,5.0,May
2024-05-02,hot creamy barako,Sans Coffee,1,Expired,19.0,19.0,5.0,May
2024-05-02,Sinagtala lomi 20 pax,Mini Bites,3,Spoiled,360.0,1080.0,5.0,May
2024-05-02,FFFF (plain with catsup medium),Sans Coffee,1,Spoiled,8.0,8.0,5.0,May
2024-05-03,the Christmas drink (hot ),Signature Kôfē,3,Over-prepared,32.0,96.0,5.0,May
2024-05-03,super mocha ,Kôfē Frappé,4,Expired,38.0,152.0,5.0,May
2024-05-03,BFF (Better French fries)medium  ( cheese ),Mini Bites,3,Over-prepared,16.0,48.0,5.0,May
2024-05-03,BFF (Better French fries)medium  (medium ),Mini Bites,1,Spoiled,15.0,15.0,5.0,May
2024-05-04,BFF (Better French fries) Large (cheese ),Mini Bites,4,Expired,28.0,112.0,5.0,May
2024-05-04,Whipped Americano,Signature Kôfē,3,Over-prepared,36.0,108.0,5.0,May
2024-05-04,iced premium barako,Sans Coffee,2,Quality issue,21.0,42.0,5.0,May
2024-05-04,strawberry latte,Sans Coffee,3,Spoiled,36.0,108.0,5.0,May
2024-05-04,iced creamy barako,Sans Coffee,3,Expired,24.0,72.0,5.0,May
2024-05-05,Chicken wings (1 dozen),Mini Bites,4,Expired,165.0,660.0,5.0,May
2024-05-05,Chiz melt  (ham),Mini Bites,2,Expired,26.0,52.0,5.0,May
2024-05-05,americano (iced),Coffee Based,2,Expired,28.0,56.0,5.0,May
2024-05-05,matcha espresso fusion  (iced),Signature Kôfē,1,Spoiled,35.0,35.0,5.0,May
2024-05-05,white mocha  (iced),Coffee Based,1,Spoiled,35.0,35.0,5.0,May
2024-05-05,Chicken wings (extra rice ),Mini Bites,3,Over-prepared,4.0,12.0,5.0,May
2024-05-06,Chicken wings (half dozen),Mini Bites,1,Spoiled,82.0,82.0,5.0,May
2024-05-06,6 Chicken wings ,Mini Bites,3,Spoiled,82.0,246.0,5.0,May
2024-05-06,the super charged (25% more coffee)  (hot),Sans Coffee,3,Quality issue,31.0,93.0,5.0,May
2024-05-06,BFF (Better French fries)medium  (sour cream),Mini Bites,3,Expired,16.0,48.0,5.0,May
2024-05-06,Spanish latte (hot),Coffee Based,1,Over-prepared,29.0,29.0,5.0,May
2024-05-07,extra shot,Sans Coffee,3,Over-prepared,16.0,48.0,5.0,May
2024-05-07,BFF (Better French fries) Large (bbq),Mini Bites,2,Spoiled,28.0,56.0,5.0,May
2024-05-07,Sinagtala lomi 20 pax,Mini Bites,1,Over-prepared,360.0,360.0,5.0,May
2024-05-07,blended cappuccino ,Kôfē Frappé,1,Over-prepared,33.0,33.0,5.0,May
2024-05-07,Add_on (kimchi),Sans Coffee,1,Over-prepared,15.0,15.0,5.0,May
2024-05-08,Whipped Americano,Signature Kôfē,4,Over-prepared,36.0,144.0,5.0,May
2024-05-08,mocha (iced),Coffee Based,4,Expired,35.0,140.0,5.0,May
2024-05-08,Brownies ,Sans Coffee,1,Quality issue,21.0,21.0,5.0,May
2024-05-08,Add_on (kimchi),Sans Coffee,2,Over-prepared,15.0,30.0,5.0,May
2024-05-09,Drip coffee  (barako),Sans Coffee,3,Spoiled,17.0,51.0,5.0,May
2024-05-09,Sinagtala lomi 20 pax,Mini Bites,1,Over-prepared,360.0,360.0,5.0,May
2024-05-09,French fries plain (large),Mini Bites,2,Quality issue,90.0,180.0,5.0,May
2024-05-09,Chicken wings (1 dozen),Mini Bites,4,Expired,165.0,660.0,5.0,May
2024-05-10,BFF (Better French fries)medium  (sour cream),Mini Bites,1,Over-prepared,16.0,16.0,5.0,May
2024-05-10,triple caramel ,Kôfē Frappé,3,Over-prepared,38.0,114.0,5.0,May
2024-05-10,Add_on (seaweeds),Sans Coffee,1,Over-prepared,8.0,8.0,5.0,May
2024-05-10,Chiz melt (bacon),Mini Bites,3,Over-prepared,30.0,90.0,5.0,May
2024-05-11,extra shot,Sans Coffee,1,Over-prepared,16.0,16.0,5.0,May
2024-05-11,iced premium barako,Sans Coffee,3,Over-prepared,21.0,63.0,5.0,May
2024-05-11,Chicken wings (3pcs),Mini Bites,3,Spoiled,45.0,135.0,5.0,May
2024-05-11,Strawberry Reverie ,Sans Coffee,3,Expired,39.0,117.0,5.0,May
2024-05-11,Belgian waffle  (peanut butter ),Sans Coffee,4,Over-prepared,25.0,100.0,5.0,May
2024-05-12,iced creamy barako,Sans Coffee,4,Over-prepared,24.0,96.0,5.0,May
2024-05-12,Coffee Syphon (arabica),Sans Coffee,3,Expired,30.0,90.0,5.0,May
2024-05-12,Overload lomi (malabnaw),Mini Bites,2,Quality issue,99.0,198.0,5.0,May
2024-05-12,mocha (iced),Coffee Based,3,Over-prepared,35.0,105.0,5.0,May
2024-05-12,Product Name (special b),Sans Coffee,1,Over-prepared,46.0,46.0,5.0,May
2024-05-12,white mocha (iced),Coffee Based,4,Spoiled,45.0,180.0,5.0,May
2024-05-13,Coffee Syphon (arabica),Sans Coffee,2,Expired,30.0,60.0,5.0,May
2024-05-13,Chicken wings (extra rice ),Mini Bites,2,Expired,4.0,8.0,5.0,May
2024-05-13,dirty coffee shake ,Kôfē Frappé,1,Expired,38.0,38.0,5.0,May
2024-05-13,oreo overload Frappe ,Kôfē Frappé,1,Over-prepared,37.0,37.0,5.0,May
2024-05-13,Cookies ,Sans Coffee,2,Over-prepared,18.0,36.0,5.0,May
2024-05-14,choco coated waffle,Sans Coffee,1,Spoiled,21.0,21.0,5.0,May
2024-05-14,the Christmas drink (iced),Signature Kôfē,4,Expired,34.0,136.0,5.0,May
2024-05-14,street food sampler (medium),Sans Coffee,2,Spoiled,16.0,32.0,5.0,May
2024-05-14,Chicken wings (3pcs),Mini Bites,4,Over-prepared,45.0,180.0,5.0,May
2024-05-15,drip coffee (8 bags/pouch) (arabica),Sans Coffee,3,Expired,62.0,186.0,5.0,May
2024-05-15,Chiz melt (bacon),Mini Bites,4,Expired,30.0,120.0,5.0,May
2024-05-15,FFFF (large bbq),Sans Coffee,2,Spoiled,18.0,36.0,5.0,May
2024-05-15,drip coffee (8 bags/pouch) (barako),Sans Coffee,1,Over-prepared,37.0,37.0,5.0,May
2024-05-15,Spanish latte (hot),Coffee Based,4,Expired,29.0,116.0,5.0,May
2024-05-16,white mocha  (hot),Coffee Based,4,Over-prepared,32.0,128.0,5.0,May
2024-05-16,Whipped Americano,Signature Kôfē,3,Quality issue,36.0,108.0,5.0,May
2024-05-16,Iced honey shaken espresso ,Signature Kôfē,3,Over-prepared,36.0,108.0,5.0,May
2024-05-16,Chicken fillet,Mini Bites,4,Over-prepared,45.0,180.0,5.0,May
2024-05-16,Add_on (seaweeds),Sans Coffee,1,Expired,8.0,8.0,5.0,May
2024-05-17,Belgian waffle  (strawberry chocolate ),Sans Coffee,4,Spoiled,27.0,108.0,5.0,May
2024-05-17,BFF (Better French fries) Large (cheese ),Mini Bites,4,Spoiled,28.0,112.0,5.0,May
2024-05-17,Overload lomi (malapot),Mini Bites,2,Over-prepared,99.0,198.0,5.0,May
2024-05-17,street food sampler (large),Sans Coffee,3,Expired,28.0,84.0,5.0,May
2024-05-18,BFF (Better French fries)medium  ( cheese ),Mini Bites,2,Expired,16.0,32.0,5.0,May
2024-05-18,Belgian waffle  (strawberry chocolate ),Sans Coffee,3,Expired,27.0,81.0,5.0,May
2024-05-18,blended cappuccino ,Kôfē Frappé,1,Expired,33.0,33.0,5.0,May
2024-05-18,matcha espresso fusion  (hot),Signature Kôfē,4,Expired,32.0,128.0,5.0,May
2024-05-18,Brownies ,Sans Coffee,4,Spoiled,21.0,84.0,5.0,May
2024-05-19,iced creamy barako,Sans Coffee,1,Over-prepared,24.0,24.0,5.0,May
2024-05-19,the super charged (25% more coffee)  (iced),Sans Coffee,1,Over-prepared,34.0,34.0,5.0,May
2024-05-19,Ramen (regular),Mini Bites,4,Quality issue,17.0,68.0,5.0,May
2024-05-19,extra shot,Sans Coffee,1,Spoiled,16.0,16.0,5.0,May
2024-05-19,Product Name (special b),Sans Coffee,1,Over-prepared,46.0,46.0,5.0,May
2024-05-20,Extra Rice,Sans Coffee,3,Over-prepared,5.0,15.0,5.0,May
2024-05-20,Add_on (ham),Sans Coffee,1,Over-prepared,15.0,15.0,5.0,May
2024-05-20,street food sampler (medium),Sans Coffee,1,Spoiled,16.0,16.0,5.0,May
2024-05-20,Add_on (egg),Sans Coffee,1,Expired,10.0,10.0,5.0,May
2024-05-20,the Christmas drink (iced),Signature Kôfē,3,Quality issue,34.0,102.0,5.0,May
2024-05-21,brownie,Sans Coffee,3,Over-prepared,21.0,63.0,5.0,May
2024-05-21,kofetala special blend ,Sans Coffee,4,Over-prepared,34.0,136.0,5.0,May
2024-05-21,matcha espresso fusion  (iced),Signature Kôfē,1,Expired,35.0,35.0,5.0,May
2024-05-21,Add_on (cheese),Sans Coffee,4,Over-prepared,12.0,48.0,5.0,May
2024-05-22,Add_on (kimchi),Sans Coffee,2,Expired,15.0,30.0,5.0,May
2024-05-22,white mocha (iced),Coffee Based,1,Over-prepared,45.0,45.0,5.0,May
2024-05-22,kofetala special blend ,Sans Coffee,3,Over-prepared,34.0,102.0,5.0,May
2024-05-22,the super charged (25% more coffee)  (iced),Sans Coffee,1,Expired,34.0,34.0,5.0,May
2024-05-22,BFF (Better French fries)medium  (large),Mini Bites,1,Over-prepared,27.0,27.0,5.0,May
2024-05-23,FFFF (plain with catsup medium),Sans Coffee,1,Over-prepared,8.0,8.0,5.0,May
2024-05-23,matcha Supreme latte (hot),Sans Coffee,3,Quality issue,32.0,96.0,5.0,May
2024-05-23,drip coffee (8 bags/pouch) (barako),Sans Coffee,4,Expired,37.0,148.0,5.0,May
2024-05-23,hot citron tea,Sans Coffee,3,Spoiled,22.0,66.0,5.0,May
2024-05-23,Chicken pops (bbq),Mini Bites,1,Over-prepared,50.0,50.0,5.0,May
2024-05-24,Overload lomi (malapot),Mini Bites,4,Expired,99.0,396.0,5.0,May
2024-05-24,sparkling berry,Sans Coffee,3,Over-prepared,31.0,93.0,5.0,May
2024-05-24,Spanish latte (hot),Coffee Based,3,Expired,29.0,87.0,5.0,May
2024-05-24,matcha Supreme latte (iced),Sans Coffee,1,Expired,35.0,35.0,5.0,May
2024-05-24,white mocha (iced),Coffee Based,4,Spoiled,45.0,180.0,5.0,May
2024-05-25,caramel macchiato  (iced),Coffee Based,4,Expired,35.0,140.0,5.0,May
2024-05-25,Chiz melt (bacon),Mini Bites,4,Over-prepared,30.0,120.0,5.0,May
2024-05-25,Strawberry Reverie ,Sans Coffee,1,Spoiled,39.0,39.0,5.0,May
2024-05-25,French fries Spicy barbecue  (large ),Mini Bites,3,Expired,30.0,90.0,5.0,May
2024-05-25,Chicken wings (half dozen),Mini Bites,2,Over-prepared,82.0,164.0,5.0,May
2024-05-26,dalgona ,Signature Kôfē,2,Over-prepared,32.0,64.0,5.0,May
2024-05-26,Whipped Americano,Signature Kôfē,3,Over-prepared,36.0,108.0,5.0,May
2024-05-26,sparkling berry,Sans Coffee,1,Over-prepared,31.0,31.0,5.0,May
2024-05-26,Coffee Syphon (arabica),Sans Coffee,3,Spoiled,30.0,90.0,5.0,May
2024-05-26,street food sampler (medium),Sans Coffee,3,Over-prepared,16.0,48.0,5.0,May
2024-05-27,the Christmas drink (hot ),Signature Kôfē,1,Expired,32.0,32.0,5.0,May
2024-05-27,super mocha ,Kôfē Frappé,1,Over-prepared,38.0,38.0,5.0,May
2024-05-27,BFF (Better French fries)medium  ( cheese ),Mini Bites,4,Over-prepared,16.0,64.0,5.0,May
2024-05-27,Add_on (ham),Sans Coffee,1,Expired,15.0,15.0,5.0,May
2024-05-27,Chiz melt (bacon),Mini Bites,2,Over-prepared,30.0,60.0,5.0,May
2024-05-28,FFFF (large cheese ),Sans Coffee,1,Quality issue,18.0,18.0,5.0,May
2024-05-28,oreo overload Frappe,Kôfē Frappé,4,Expired,48.0,192.0,5.0,May
2024-05-28,triple caramel,Kôfē Frappé,3,Spoiled,48.0,144.0,5.0,May
2024-05-28,Chicken fillet,Mini Bites,4,Expired,45.0,180.0,5.0,May
2024-05-29,sparkling berry,Sans Coffee,3,Expired,31.0,93.0,5.0,May
2024-05-29,Chicken wings (1 dozen),Mini Bites,3,Spoiled,165.0,495.0,5.0,May
2024-05-29,cappuccino  (ice),Coffee Based,1,Over-prepared,32.0,32.0,5.0,May
2024-05-29,BFF (Better French fries)medium  (bbq ),Mini Bites,3,Spoiled,16.0,48.0,5.0,May
2024-05-30,white mocha  (iced),Coffee Based,4,Over-prepared,35.0,140.0,5.0,May
2024-05-30,French fries plain (large),Mini Bites,1,Expired,90.0,90.0,5.0,May
2024-05-30,BFF (Better French fries)medium  (large),Mini Bites,2,Over-prepared,27.0,54.0,5.0,May
2024-05-30,FFFF (large bbq),Sans Coffee,3,Spoiled,18.0,54.0,5.0,May
2024-05-31,matcha Supreme latte (iced),Sans Coffee,4,Over-prepared,35.0,140.0,5.0,May
2024-05-31,French fries Spicy barbecue  (medium ),Mini Bites,1,Expired,18.0,18.0,5.0,May
2024-05-31,Chiz melt (bacon),Mini Bites,4,Over-prepared,30.0,120.0,5.0,May
2024-05-31,Add_on (seaweeds),Sans Coffee,2,Quality issue,8.0,16.0,5.0,May
2024-06-01,Cold brew with foamy vanilla ,Sans Coffee,4,Spoiled,31.0,124.0,6.0,June
2024-06-01,strawberry latte,Sans Coffee,1,Over-prepared,36.0,36.0,6.0,June
2024-06-01,hot citron tea,Sans Coffee,3,Over-prepared,22.0,66.0,6.0,June
2024-06-01,matcha espresso fusion  (iced),Signature Kôfē,1,Spoiled,35.0,35.0,6.0,June
2024-06-02,hot citron tea,Sans Coffee,1,Spoiled,22.0,22.0,6.0,June
2024-06-02,mango banana milk shake ,Kôfē Frappé,1,Over-prepared,35.0,35.0,6.0,June
2024-06-02,Chiz melt (bacon),Mini Bites,2,Spoiled,30.0,60.0,6.0,June
2024-06-02,Overload lomi (malapot),Mini Bites,4,Expired,99.0,396.0,6.0,June
2024-06-02,FFFF (large bbq),Sans Coffee,2,Expired,18.0,36.0,6.0,June
2024-06-03,dirty coffee shake ,Kôfē Frappé,4,Over-prepared,38.0,152.0,6.0,June
2024-06-03,BFF (Better French fries)medium  (sour cream),Mini Bites,1,Spoiled,16.0,16.0,6.0,June
2024-06-03,Chiz melt  (ham),Mini Bites,1,Quality issue,26.0,26.0,6.0,June
2024-06-03,Whipped Americano,Signature Kôfē,1,Over-prepared,36.0,36.0,6.0,June
2024-06-03,Add_on (cheese),Sans Coffee,1,Over-prepared,12.0,12.0,6.0,June
2024-06-04,FFFF (large bbq),Sans Coffee,2,Over-prepared,18.0,36.0,6.0,June
2024-06-04,Overload lomi (malabnaw),Mini Bites,4,Spoiled,99.0,396.0,6.0,June
2024-06-04,caramel macchiato  (iced),Coffee Based,1,Expired,35.0,35.0,6.0,June
2024-06-04,matcha espresso fusion  (iced),Signature Kôfē,1,Expired,35.0,35.0,6.0,June
2024-06-05,caramel macchiato  (hot),Coffee Based,3,Quality issue,32.0,96.0,6.0,June
2024-06-05,Chicken wings (1 dozen),Mini Bites,1,Over-prepared,165.0,165.0,6.0,June
2024-06-05,FFFF (large sc),Sans Coffee,3,Expired,18.0,54.0,6.0,June
2024-06-05,oreo overload Frappe,Kôfē Frappé,4,Spoiled,48.0,192.0,6.0,June
2024-06-06,BFF (Better French fries)medium  (sour cream),Mini Bites,1,Spoiled,16.0,16.0,6.0,June
2024-06-06,Chiz melt (bacon),Mini Bites,3,Over-prepared,30.0,90.0,6.0,June
2024-06-06,French fries Spicy barbecue  (medium ),Mini Bites,1,Over-prepared,18.0,18.0,6.0,June
2024-06-06,FFFF (plain with catsup medium),Sans Coffee,3,Expired,8.0,24.0,6.0,June
2024-06-07,Cookies ,Sans Coffee,1,Over-prepared,18.0,18.0,6.0,June
2024-06-07,brownie,Sans Coffee,2,Over-prepared,21.0,42.0,6.0,June
2024-06-07,oreo overload Frappe,Kôfē Frappé,1,Expired,48.0,48.0,6.0,June
2024-06-07,Sinagtala lomi 20 pax,Mini Bites,3,Spoiled,360.0,1080.0,6.0,June
2024-06-08,Product Name (regular ),Sans Coffee,3,Expired,18.0,54.0,6.0,June
2024-06-08,Add_on (cheese),Sans Coffee,1,Expired,12.0,12.0,6.0,June
2024-06-08,Product Name (special b),Sans Coffee,3,Expired,46.0,138.0,6.0,June
2024-06-08,cappuccino  (ice),Coffee Based,2,Over-prepared,32.0,64.0,6.0,June
2024-06-08,FFFF (large bbq),Sans Coffee,1,Over-prepared,18.0,18.0,6.0,June
2024-06-09,choco coated waffle,Sans Coffee,4,Spoiled,21.0,84.0,6.0,June
2024-06-09,Chicken wings (1 dozen),Mini Bites,2,Over-prepared,165.0,330.0,6.0,June
2024-06-09,hot creamy barako,Sans Coffee,4,Quality issue,19.0,76.0,6.0,June
2024-06-09,BFF (Better French fries) Large (cheese),Mini Bites,3,Over-prepared,30.0,90.0,6.0,June
2024-06-09,Coffee Syphon (arabica),Sans Coffee,1,Over-prepared,30.0,30.0,6.0,June
2024-06-10,triple caramel ,Kôfē Frappé,2,Expired,38.0,76.0,6.0,June
2024-06-10,premium barako,Sans Coffee,4,Spoiled,15.0,60.0,6.0,June
2024-06-10,Iced honey shaken espresso ,Signature Kôfē,3,Expired,36.0,108.0,6.0,June
2024-06-10,Coffee Syphon (arabica),Sans Coffee,1,Expired,30.0,30.0,6.0,June
2024-06-11,premium barako,Sans Coffee,3,Over-prepared,15.0,45.0,6.0,June
2024-06-11,French fries Spicy barbecue  (large ),Mini Bites,3,Quality issue,30.0,90.0,6.0,June
2024-06-11,Spanish latte (hot),Coffee Based,1,Over-prepared,29.0,29.0,6.0,June
2024-06-11,FFFF (plain with catsup medium),Sans Coffee,4,Over-prepared,8.0,32.0,6.0,June
2024-06-12,Add_on (cheese),Sans Coffee,2,Over-prepared,12.0,24.0,6.0,June
2024-06-12,the Christmas drink (iced),Signature Kôfē,1,Over-prepared,34.0,34.0,6.0,June
2024-06-12,FFFF (med sc),Sans Coffee,1,Over-prepared,8.0,8.0,6.0,June
2024-06-12,street food sampler (large),Sans Coffee,4,Expired,28.0,112.0,6.0,June
2024-06-13,Cookies ,Sans Coffee,1,Expired,18.0,18.0,6.0,June
2024-06-13,Chicken wings (extra rice ),Mini Bites,1,Spoiled,4.0,4.0,6.0,June
2024-06-13,Add_on (ham),Sans Coffee,1,Spoiled,15.0,15.0,6.0,June
2024-06-13,premium barako,Sans Coffee,3,Quality issue,15.0,45.0,6.0,June
2024-06-14,white mocha  (iced),Coffee Based,3,Expired,35.0,105.0,6.0,June
2024-06-14,dalgona ,Signature Kôfē,3,Over-prepared,32.0,96.0,6.0,June
2024-06-14,dirty coffee shake ,Kôfē Frappé,4,Over-prepared,38.0,152.0,6.0,June
2024-06-15,Coffee Syphon (arabica),Sans Coffee,1,Over-prepared,30.0,30.0,6.0,June
2024-06-15,matcha Supreme latte (hot),Sans Coffee,4,Over-prepared,32.0,128.0,6.0,June
2024-06-15,street food sampler (large),Sans Coffee,4,Over-prepared,28.0,112.0,6.0,June
2024-06-15,white mocha (iced),Coffee Based,1,Over-prepared,45.0,45.0,6.0,June
2024-06-15,Brownies ,Sans Coffee,3,Spoiled,21.0,63.0,6.0,June
2024-06-15,strawberry latte,Sans Coffee,3,Over-prepared,36.0,108.0,6.0,June
2024-06-16,BFF (Better French fries) Large (cheese ),Mini Bites,2,Quality issue,28.0,56.0,6.0,June
2024-06-16,BFF (Better French fries)medium  (bbq ),Mini Bites,4,Spoiled,16.0,64.0,6.0,June
2024-06-16,americano (hot),Coffee Based,1,Over-prepared,26.0,26.0,6.0,June
2024-06-16,street food sampler (large),Sans Coffee,4,Spoiled,28.0,112.0,6.0,June
2024-06-16,strawberry latte,Sans Coffee,1,Spoiled,36.0,36.0,6.0,June
2024-06-17,BFF (Better French fries) Large (sour cream),Mini Bites,1,Quality issue,28.0,28.0,6.0,June
2024-06-17,Belgian waffle  (mango caramel ),Sans Coffee,4,Over-prepared,27.0,108.0,6.0,June
2024-06-17,French fries Spicy barbecue  (large ),Mini Bites,1,Spoiled,30.0,30.0,6.0,June
2024-06-17,FFFF (large cheese ),Sans Coffee,1,Expired,18.0,18.0,6.0,June
2024-06-18,Product Name (special a),Sans Coffee,3,Spoiled,41.0,123.0,6.0,June
2024-06-18,French fries plain (large),Mini Bites,1,Over-prepared,90.0,90.0,6.0,June
2024-06-18,Chiz melt  (ham),Mini Bites,4,Over-prepared,26.0,104.0,6.0,June
2024-06-18,FFFF (plain with catsup medium),Sans Coffee,1,Over-prepared,8.0,8.0,6.0,June
2024-06-19,Ramen (regular),Mini Bites,1,Over-prepared,17.0,17.0,6.0,June
2024-06-19,Overload lomi (malabnaw),Mini Bites,1,Expired,99.0,99.0,6.0,June
2024-06-19,kofetala special blend ,Sans Coffee,3,Over-prepared,34.0,102.0,6.0,June
2024-06-19,iced creamy barako,Sans Coffee,4,Expired,24.0,96.0,6.0,June
2024-06-20,Spanish latte (hot),Coffee Based,1,Over-prepared,29.0,29.0,6.0,June
2024-06-20,Choco caramel decadence,Sans Coffee,4,Over-prepared,45.0,180.0,6.0,June
2024-06-20,Sinagtala lomi 20 pax,Mini Bites,4,Over-prepared,360.0,1440.0,6.0,June
2024-06-20,caramel macchiato (hot),Coffee Based,1,Over-prepared,42.0,42.0,6.0,June
2024-06-21,extra shot,Sans Coffee,3,Expired,16.0,48.0,6.0,June
2024-06-21,white mocha (hot),Coffee Based,3,Expired,42.0,126.0,6.0,June
2024-06-21,strawberry latte,Sans Coffee,3,Expired,36.0,108.0,6.0,June
2024-06-21,caramel macchiato  (iced),Coffee Based,1,Quality issue,35.0,35.0,6.0,June
2024-06-22,Ramen (regular),Mini Bites,1,Quality issue,17.0,17.0,6.0,June
2024-06-22,Chiz melt (bacon),Mini Bites,4,Spoiled,30.0,120.0,6.0,June
2024-06-22,French fries plain (large),Mini Bites,4,Over-prepared,90.0,360.0,6.0,June
2024-06-22,hot creamy barako,Sans Coffee,1,Spoiled,19.0,19.0,6.0,June
2024-06-23,Spanish latte (iced),Coffee Based,4,Over-prepared,32.0,128.0,6.0,June
2024-06-23,FFFF (large cheese ),Sans Coffee,1,Spoiled,18.0,18.0,6.0,June
2024-06-23,iced creamy barako,Sans Coffee,3,Over-prepared,24.0,72.0,6.0,June
2024-06-23,Spanish latte (hot),Coffee Based,3,Over-prepared,29.0,87.0,6.0,June
2024-06-23,BFF (Better French fries)medium  ( cheese ),Mini Bites,1,Over-prepared,16.0,16.0,6.0,June
2024-06-24,Coffee Syphon (arabica),Sans Coffee,1,Over-prepared,30.0,30.0,6.0,June
2024-06-24,BFF (Better French fries)medium  (sour cream),Mini Bites,3,Spoiled,16.0,48.0,6.0,June
2024-06-24,FFFF (plain with catsup medium),Sans Coffee,1,Over-prepared,8.0,8.0,6.0,June
2024-06-24,FFFF (med sc),Sans Coffee,4,Spoiled,8.0,32.0,6.0,June
2024-06-25,americano (iced),Coffee Based,3,Over-prepared,28.0,84.0,6.0,June
2024-06-25,BFF (Better French fries) Large (sour cream),Mini Bites,3,Expired,28.0,84.0,6.0,June
2024-06-25,oreo overload Frappe,Kôfē Frappé,1,Over-prepared,48.0,48.0,6.0,June
2024-06-25,drip coffee (8 bags/pouch) (barako),Sans Coffee,3,Over-prepared,37.0,111.0,6.0,June
2024-06-26,Choco caramel decadence,Sans Coffee,3,Quality issue,45.0,135.0,6.0,June
2024-06-26,BFF (Better French fries) Large (cheese ),Mini Bites,2,Expired,28.0,56.0,6.0,June
2024-06-26,white mocha  (iced),Coffee Based,3,Spoiled,35.0,105.0,6.0,June
2024-06-27,Coffee Syphon (arabica),Sans Coffee,1,Spoiled,30.0,30.0,6.0,June
2024-06-27,americano (iced),Coffee Based,1,Expired,28.0,28.0,6.0,June
2024-06-27,Brownies ,Sans Coffee,4,Expired,21.0,84.0,6.0,June
2024-06-27,super mocha ,Kôfē Frappé,3,Over-prepared,38.0,114.0,6.0,June
2024-06-28,BFF (Better French fries) Large (cheese),Mini Bites,1,Expired,30.0,30.0,6.0,June
2024-06-28,Product Name (special a),Sans Coffee,1,Spoiled,41.0,41.0,6.0,June
2024-06-28, latte ,Coffee Based,1,Spoiled,29.0,29.0,6.0,June
2024-06-28,triple caramel ,Kôfē Frappé,4,Spoiled,38.0,152.0,6.0,June
2024-06-29,Whipped Americano,Signature Kôfē,3,Spoiled,36.0,108.0,6.0,June
2024-06-29,caramel macchiato (iced),Coffee Based,1,Over-prepared,45.0,45.0,6.0,June
2024-06-29,Product Name (special b),Sans Coffee,4,Spoiled,46.0,184.0,6.0,June
2024-06-29,americano (iced),Coffee Based,2,Over-prepared,28.0,56.0,6.0,June
2024-06-29,French fries Spicy barbecue  (medium ),Mini Bites,4,Over-prepared,18.0,72.0,6.0,June
2024-06-30,BFF (Better French fries)medium  (medium ),Mini Bites,4,Over-prepared,15.0,60.0,6.0,June
2024-06-30,matcha espresso fusion  (hot),Signature Kôfē,4,Over-prepared,32.0,128.0,6.0,June
2024-06-30,Strawberry Reverie ,Sans Coffee,1,Quality issue,39.0,39.0,6.0,June
2024-06-30,Belgian waffle  (mango caramel ),Sans Coffee,1,Over-prepared,27.0,27.0,6.0,June
2024-06-30,Add_on (kimchi),Sans Coffee,1,Over-prepared,15.0,15.0,6.0,June
2024-07-01,Cookies ,Sans Coffee,1,Over-prepared,18.0,18.0,7.0,July
2024-07-01,BFF (Better French fries)medium  ( cheese ),Mini Bites,3,Over-prepared,16.0,48.0,7.0,July
2024-07-01,street food sampler (medium),Sans Coffee,1,Quality issue,16.0,16.0,7.0,July
2024-07-01,caramel macchiato (hot),Coffee Based,1,Expired,42.0,42.0,7.0,July
2024-07-02,mocha (iced),Coffee Based,1,Over-prepared,35.0,35.0,7.0,July
2024-07-02,Choco caramel decadence,Sans Coffee,2,Expired,45.0,90.0,7.0,July
2024-07-02,matcha Supreme latte (hot),Sans Coffee,3,Over-prepared,32.0,96.0,7.0,July
2024-07-03,blended cappuccino ,Kôfē Frappé,1,Spoiled,33.0,33.0,7.0,July
2024-07-03,Cold brew with foamy vanilla ,Sans Coffee,2,Spoiled,31.0,62.0,7.0,July
2024-07-03,cappuccino  (hot),Coffee Based,4,Over-prepared,29.0,116.0,7.0,July
2024-07-03,choco dinosaur latte,Sans Coffee,1,Over-prepared,35.0,35.0,7.0,July
2024-07-04,Brownies ,Sans Coffee,1,Expired,21.0,21.0,7.0,July
2024-07-04,the super charged (25% more coffee)  (iced),Sans Coffee,2,Expired,34.0,68.0,7.0,July
2024-07-04,FFFF (med sc),Sans Coffee,3,Over-prepared,8.0,24.0,7.0,July
2024-07-05,caramel macchiato  (hot),Coffee Based,4,Spoiled,32.0,128.0,7.0,July
2024-07-05,mango banana milk shake ,Kôfē Frappé,1,Spoiled,35.0,35.0,7.0,July
2024-07-05,Chicken wings (3pcs),Mini Bites,1,Spoiled,45.0,45.0,7.0,July
2024-07-05,Chicken wings (extra rice ),Mini Bites,2,Expired,4.0,8.0,7.0,July
2024-07-06,white mocha (iced),Coffee Based,1,Expired,45.0,45.0,7.0,July
2024-07-06,the super charged (25% more coffee)  (hot),Sans Coffee,2,Over-prepared,31.0,62.0,7.0,July
2024-07-06,Overload lomi (malabnaw),Mini Bites,4,Expired,99.0,396.0,7.0,July
2024-07-06,Cold brew with foamy vanilla ,Sans Coffee,1,Spoiled,31.0,31.0,7.0,July
2024-07-07,drip coffee (8 bags/pouch) (arabica),Sans Coffee,2,Over-prepared,62.0,124.0,7.0,July
2024-07-07,Product Name (regular ),Sans Coffee,4,Over-prepared,18.0,72.0,7.0,July
2024-07-07,Choco caramel decadence,Sans Coffee,3,Over-prepared,45.0,135.0,7.0,July
2024-07-07,FFFF (med sc),Sans Coffee,1,Over-prepared,8.0,8.0,7.0,July
2024-07-08,Overload lomi (malabnaw),Mini Bites,1,Over-prepared,99.0,99.0,7.0,July
2024-07-08,Drip coffee  (barako),Sans Coffee,3,Over-prepared,17.0,51.0,7.0,July
2024-07-08,Sinagtala lomi 20 pax,Mini Bites,4,Expired,360.0,1440.0,7.0,July
2024-07-08,Chiz melt  (bacon),Mini Bites,4,Quality issue,28.0,112.0,7.0,July
2024-07-09,Chicken wings (half dozen),Mini Bites,4,Expired,82.0,328.0,7.0,July
2024-07-09,Product Name (regular ),Sans Coffee,3,Spoiled,18.0,54.0,7.0,July
2024-07-09,Whipped Americano,Signature Kôfē,4,Quality issue,36.0,144.0,7.0,July
2024-07-10,BFF (Better French fries) Large (cheese),Mini Bites,1,Spoiled,30.0,30.0,7.0,July
2024-07-10,dalgona ,Signature Kôfē,2,Spoiled,32.0,64.0,7.0,July
2024-07-10,Belgian waffle  (mango caramel ),Sans Coffee,4,Expired,27.0,108.0,7.0,July
2024-07-10,Spanish latte (hot),Coffee Based,3,Quality issue,29.0,87.0,7.0,July
2024-07-11,BFF (Better French fries) Large (cheese ),Mini Bites,1,Over-prepared,28.0,28.0,7.0,July
2024-07-11,BFF (Better French fries) Large (sour cream),Mini Bites,1,Spoiled,28.0,28.0,7.0,July
2024-07-11,Chicken wings (1 dozen),Mini Bites,3,Over-prepared,165.0,495.0,7.0,July
2024-07-11,Brownies ,Sans Coffee,3,Expired,21.0,63.0,7.0,July
2024-07-12,matcha Supreme latte (hot),Sans Coffee,3,Over-prepared,32.0,96.0,7.0,July
2024-07-12,white mocha  (hot),Coffee Based,1,Over-prepared,32.0,32.0,7.0,July
2024-07-12,matcha espresso fusion  (hot),Signature Kôfē,2,Spoiled,32.0,64.0,7.0,July
2024-07-12,simple milk tea ,Sans Coffee,4,Over-prepared,28.0,112.0,7.0,July
2024-07-13,the SM tea,Sans Coffee,4,Expired,37.0,148.0,7.0,July
2024-07-13,Drip coffee  (barako),Sans Coffee,2,Over-prepared,17.0,34.0,7.0,July
2024-07-13,dalgona ,Signature Kôfē,4,Over-prepared,32.0,128.0,7.0,July
2024-07-13,the Christmas drink (hot ),Signature Kôfē,1,Over-prepared,32.0,32.0,7.0,July
2024-07-14,Chiz melt  (ham),Mini Bites,1,Over-prepared,26.0,26.0,7.0,July
2024-07-14,americano (hot),Coffee Based,1,Over-prepared,26.0,26.0,7.0,July
2024-07-14,Add_on (ham),Sans Coffee,3,Over-prepared,15.0,45.0,7.0,July
2024-07-14,caramel macchiato (hot),Coffee Based,3,Over-prepared,42.0,126.0,7.0,July
2024-07-15,matcha espresso fusion  (iced),Signature Kôfē,1,Over-prepared,35.0,35.0,7.0,July
2024-07-15,Add_on (kimchi),Sans Coffee,4,Quality issue,15.0,60.0,7.0,July
2024-07-15,iced premium barako,Sans Coffee,4,Spoiled,21.0,84.0,7.0,July
2024-07-15,BFF (Better French fries)medium  (large),Mini Bites,2,Spoiled,27.0,54.0,7.0,July
2024-07-16,caramel macchiato (iced),Coffee Based,3,Over-prepared,45.0,135.0,7.0,July
2024-07-16,Add_on (egg),Sans Coffee,4,Over-prepared,10.0,40.0,7.0,July
2024-07-16,choco dinosaur latte,Sans Coffee,1,Over-prepared,35.0,35.0,7.0,July
2024-07-17,simple milk tea ,Sans Coffee,4,Spoiled,28.0,112.0,7.0,July
2024-07-17,hot creamy barako,Sans Coffee,4,Over-prepared,19.0,76.0,7.0,July
2024-07-17,Chicken pops (bbq),Mini Bites,2,Over-prepared,50.0,100.0,7.0,July
2024-07-17,Product Name (regular ),Sans Coffee,1,Expired,18.0,18.0,7.0,July
2024-07-18,Chicken fillet,Mini Bites,3,Quality issue,45.0,135.0,7.0,July
2024-07-18,FFFF (large sc),Sans Coffee,4,Expired,18.0,72.0,7.0,July
2024-07-18,oreo overload Frappe,Kôfē Frappé,1,Over-prepared,48.0,48.0,7.0,July
2024-07-19,belgian waffle plain ,Sans Coffee,2,Quality issue,21.0,42.0,7.0,July
2024-07-19,caramel macchiato (iced),Coffee Based,1,Quality issue,45.0,45.0,7.0,July
2024-07-19,Add_on (cheese),Sans Coffee,4,Over-prepared,12.0,48.0,7.0,July
2024-07-20,cappuccino  (hot),Coffee Based,3,Over-prepared,29.0,87.0,7.0,July
2024-07-20,simple milk tea ,Sans Coffee,1,Over-prepared,28.0,28.0,7.0,July
2024-07-20,FFFF (plain with catsup medium),Sans Coffee,2,Over-prepared,8.0,16.0,7.0,July
2024-07-20,hot creamy barako,Sans Coffee,1,Over-prepared,19.0,19.0,7.0,July
2024-07-20,Belgian waffle  (peanut butter ),Sans Coffee,4,Expired,25.0,100.0,7.0,July
2024-07-21,Belgian waffle  (peanut butter ),Sans Coffee,1,Quality issue,25.0,25.0,7.0,July
2024-07-21,Product Name (special a),Sans Coffee,1,Quality issue,41.0,41.0,7.0,July
2024-07-21,Chiz melt  (bacon),Mini Bites,3,Spoiled,28.0,84.0,7.0,July
2024-07-21,drip coffee (8 bags/pouch) (arabica),Sans Coffee,4,Over-prepared,62.0,248.0,7.0,July
2024-07-21,matcha Supreme latte (iced),Sans Coffee,3,Quality issue,35.0,105.0,7.0,July
2024-07-22,Spanish latte (hot),Coffee Based,2,Spoiled,29.0,58.0,7.0,July
2024-07-22,Chiz melt  (bacon),Mini Bites,2,Quality issue,28.0,56.0,7.0,July
2024-07-22,latte,Coffee Based,4,Expired,42.0,168.0,7.0,July
2024-07-23,Belgian waffle  (peanut butter ),Sans Coffee,2,Over-prepared,25.0,50.0,7.0,July
2024-07-23,Chicken pops (bbq),Mini Bites,1,Spoiled,50.0,50.0,7.0,July
2024-07-23,brownie,Sans Coffee,3,Spoiled,21.0,63.0,7.0,July
2024-07-23,Belgian waffle  (strawberry chocolate ),Sans Coffee,1,Over-prepared,27.0,27.0,7.0,July
2024-07-24,BFF (Better French fries) Large (bbq),Mini Bites,4,Quality issue,28.0,112.0,7.0,July
2024-07-24,Add_on (egg),Sans Coffee,4,Over-prepared,10.0,40.0,7.0,July
2024-07-24,Chicken wings (half dozen),Mini Bites,3,Expired,82.0,246.0,7.0,July
2024-07-25,Spanish latte (hot),Coffee Based,3,Quality issue,29.0,87.0,7.0,July
2024-07-25,Chiz melt (bacon),Mini Bites,1,Quality issue,30.0,30.0,7.0,July
2024-07-25,BFF (Better French fries) Large (cheese),Mini Bites,4,Quality issue,30.0,120.0,7.0,July
2024-07-26,Sinagtala lomi 20 pax,Mini Bites,1,Expired,360.0,360.0,7.0,July
2024-07-26,matcha espresso fusion  (hot),Signature Kôfē,3,Over-prepared,32.0,96.0,7.0,July
2024-07-26,caramel macchiato (hot),Coffee Based,3,Spoiled,42.0,126.0,7.0,July
2024-07-27,iced premium barako,Sans Coffee,3,Spoiled,21.0,63.0,7.0,July
2024-07-27,Chiz melt (bacon),Mini Bites,2,Spoiled,30.0,60.0,7.0,July
2024-07-27,Chiz melt  (ham),Mini Bites,1,Over-prepared,26.0,26.0,7.0,July
2024-07-27,Product Name (special b),Sans Coffee,3,Expired,46.0,138.0,7.0,July
2024-07-27,Spanish latte (iced),Coffee Based,3,Over-prepared,32.0,96.0,7.0,July
2024-07-28,BFF (Better French fries)medium  (bbq ),Mini Bites,1,Over-prepared,16.0,16.0,7.0,July
2024-07-28,Belgian waffle  (peanut butter ),Sans Coffee,1,Over-prepared,25.0,25.0,7.0,July
2024-07-28,the Christmas drink (hot ),Signature Kôfē,4,Expired,32.0,128.0,7.0,July
2024-07-28,dirty coffee shake ,Kôfē Frappé,4,Over-prepared,38.0,152.0,7.0,July
2024-07-28,Belgian waffle  (strawberry chocolate ),Sans Coffee,2,Over-prepared,27.0,54.0,7.0,July
2024-07-29,extra shot,Sans Coffee,4,Over-prepared,16.0,64.0,7.0,July
2024-07-29,white mocha  (iced),Coffee Based,1,Spoiled,35.0,35.0,7.0,July
2024-07-29,Extra Rice,Sans Coffee,2,Quality issue,5.0,10.0,7.0,July
2024-07-29,French fries Spicy barbecue  (medium ),Mini Bites,4,Quality issue,18.0,72.0,7.0,July
2024-07-30,Chicken pops (bbq),Mini Bites,1,Over-prepared,50.0,50.0,7.0,July
2024-07-30,Ramen (regular),Mini Bites,4,Spoiled,17.0,68.0,7.0,July
2024-07-30,iced creamy barako,Sans Coffee,1,Expired,24.0,24.0,7.0,July
2024-07-31,Chiz melt (bacon),Mini Bites,2,Spoiled,30.0,60.0,7.0,July
2024-07-31,mango banana milk shake ,Kôfē Frappé,3,Quality issue,35.0,105.0,7.0,July
2024-07-31,simple milk tea ,Sans Coffee,4,Over-prepared,28.0,112.0,7.0,July
2024-07-31,drip coffee (8 bags/pouch) (barako),Sans Coffee,1,Over-prepared,37.0,37.0,7.0,July
2024-08-01,Cookies ,Sans Coffee,1,Spoiled,18.0,18.0,8.0,August
2024-08-01,BFF (Better French fries)medium  (sour cream),Mini Bites,1,Over-prepared,16.0,16.0,8.0,August
2024-08-01,BFF (Better French fries) Large (sour cream),Mini Bites,1,Spoiled,28.0,28.0,8.0,August
2024-08-02,americano (hot),Coffee Based,1,Over-prepared,26.0,26.0,8.0,August
2024-08-02,white mocha (hot),Coffee Based,1,Quality issue,42.0,42.0,8.0,August
2024-08-02,dalgona ,Signature Kôfē,1,Expired,32.0,32.0,8.0,August
2024-08-02,the super charged (25% more coffee)  (iced),Sans Coffee,1,Quality issue,34.0,34.0,8.0,August
2024-08-03,simple milk tea ,Sans Coffee,1,Quality issue,28.0,28.0,8.0,August
2024-08-03,mocha (hot),Coffee Based,3,Over-prepared,31.0,93.0,8.0,August
2024-08-03,matcha espresso fusion  (iced),Signature Kôfē,4,Spoiled,35.0,140.0,8.0,August
2024-08-03,BFF (Better French fries) Large (bbq),Mini Bites,1,Over-prepared,28.0,28.0,8.0,August
2024-08-03,BFF (Better French fries) Large (cheese ),Mini Bites,1,Over-prepared,28.0,28.0,8.0,August
2024-08-04,Drip coffee  (barako),Sans Coffee,4,Quality issue,17.0,68.0,8.0,August
2024-08-04,mocha (iced),Coffee Based,1,Over-prepared,35.0,35.0,8.0,August
2024-08-04,choco dinosaur latte,Sans Coffee,2,Over-prepared,35.0,70.0,8.0,August
2024-08-04,Add_on (ham),Sans Coffee,3,Expired,15.0,45.0,8.0,August
2024-08-05,Spanish latte (iced),Coffee Based,1,Over-prepared,32.0,32.0,8.0,August
2024-08-05,Product Name (special a),Sans Coffee,3,Over-prepared,41.0,123.0,8.0,August
2024-08-05,Sinagtala lomi 20 pax,Mini Bites,1,Spoiled,360.0,360.0,8.0,August
2024-08-06,Chicken wings (1 dozen),Mini Bites,1,Over-prepared,165.0,165.0,8.0,August
2024-08-06,Add_on (egg),Sans Coffee,1,Over-prepared,10.0,10.0,8.0,August
2024-08-06,Chiz melt  (ham),Mini Bites,3,Over-prepared,26.0,78.0,8.0,August
2024-08-07,Add_on (seaweeds),Sans Coffee,3,Over-prepared,8.0,24.0,8.0,August
2024-08-07,belgian waffle plain ,Sans Coffee,1,Over-prepared,21.0,21.0,8.0,August
2024-08-07,brownie,Sans Coffee,4,Quality issue,21.0,84.0,8.0,August
2024-08-08,cappuccino  (hot),Coffee Based,1,Spoiled,29.0,29.0,8.0,August
2024-08-08,Cookies ,Sans Coffee,3,Spoiled,18.0,54.0,8.0,August
2024-08-08,matcha espresso fusion  (hot),Signature Kôfē,3,Spoiled,32.0,96.0,8.0,August
2024-08-09,the super charged (25% more coffee)  (iced),Sans Coffee,4,Spoiled,34.0,136.0,8.0,August
2024-08-09,hot creamy barako,Sans Coffee,4,Expired,19.0,76.0,8.0,August
2024-08-09,cappuccino  (hot),Coffee Based,3,Over-prepared,29.0,87.0,8.0,August
2024-08-10,Chiz melt  (bacon),Mini Bites,4,Quality issue,28.0,112.0,8.0,August
2024-08-10,white mocha  (hot),Coffee Based,3,Over-prepared,32.0,96.0,8.0,August
2024-08-10,sparkling berry,Sans Coffee,1,Spoiled,31.0,31.0,8.0,August
2024-08-10,BFF (Better French fries) Large (bbq),Mini Bites,3,Expired,28.0,84.0,8.0,August
2024-08-11,FFFF (large bbq),Sans Coffee,3,Expired,18.0,54.0,8.0,August
2024-08-11,drip coffee (8 bags/pouch) (arabica),Sans Coffee,4,Spoiled,62.0,248.0,8.0,August
2024-08-11,Cold brew with foamy vanilla ,Sans Coffee,3,Expired,31.0,93.0,8.0,August
2024-08-11,Chiz melt  (ham),Mini Bites,2,Over-prepared,26.0,52.0,8.0,August
2024-08-12,Spanish latte (hot),Coffee Based,3,Spoiled,29.0,87.0,8.0,August
2024-08-12,Chiz melt (bacon),Mini Bites,1,Expired,30.0,30.0,8.0,August
2024-08-12,FFFF (large cheese ),Sans Coffee,2,Expired,18.0,36.0,8.0,August
2024-08-13,Cold brew with foamy vanilla ,Sans Coffee,1,Over-prepared,31.0,31.0,8.0,August
2024-08-13,BFF (Better French fries)medium  (medium ),Mini Bites,4,Over-prepared,15.0,60.0,8.0,August
2024-08-13,street food sampler (medium),Sans Coffee,3,Over-prepared,16.0,48.0,8.0,August
2024-08-14,americano (iced),Coffee Based,1,Quality issue,28.0,28.0,8.0,August
2024-08-14,Chicken wings (half dozen),Mini Bites,4,Over-prepared,82.0,328.0,8.0,August
2024-08-14,iced premium barako,Sans Coffee,3,Over-prepared,21.0,63.0,8.0,August
2024-08-15,drip coffee (8 bags/pouch) (arabica),Sans Coffee,1,Spoiled,62.0,62.0,8.0,August
2024-08-15,the Christmas drink (hot ),Signature Kôfē,2,Spoiled,32.0,64.0,8.0,August
2024-08-15,Add_on (kimchi),Sans Coffee,1,Expired,15.0,15.0,8.0,August
2024-08-16,super mocha ,Kôfē Frappé,3,Expired,38.0,114.0,8.0,August
2024-08-16,Cookies ,Sans Coffee,3,Expired,18.0,54.0,8.0,August
2024-08-16,BFF (Better French fries) Large (cheese ),Mini Bites,1,Expired,28.0,28.0,8.0,August
2024-08-17,latte,Coffee Based,2,Spoiled,42.0,84.0,8.0,August
2024-08-17,FFFF (med sc),Sans Coffee,2,Spoiled,8.0,16.0,8.0,August
2024-08-17,cappuccino  (hot),Coffee Based,1,Over-prepared,29.0,29.0,8.0,August
2024-08-17,Strawberry Reverie ,Sans Coffee,1,Quality issue,39.0,39.0,8.0,August
2024-08-18,Cold brew with foamy vanilla ,Sans Coffee,4,Spoiled,31.0,124.0,8.0,August
2024-08-18,BFF (Better French fries)medium  (bbq ),Mini Bites,1,Over-prepared,16.0,16.0,8.0,August
2024-08-18,Spanish latte (hot),Coffee Based,3,Expired,29.0,87.0,8.0,August
2024-08-18,white mocha  (hot),Coffee Based,3,Spoiled,32.0,96.0,8.0,August
2024-08-19,mocha (iced),Coffee Based,4,Expired,35.0,140.0,8.0,August
2024-08-19,FFFF (large sc),Sans Coffee,3,Over-prepared,18.0,54.0,8.0,August
2024-08-19,Coffee Syphon (arabica),Sans Coffee,1,Over-prepared,30.0,30.0,8.0,August
2024-08-19,Strawberry Reverie ,Sans Coffee,1,Expired,39.0,39.0,8.0,August
2024-08-20,BFF (Better French fries)medium  (bbq ),Mini Bites,3,Expired,16.0,48.0,8.0,August
2024-08-20,Chiz melt  (ham),Mini Bites,1,Spoiled,26.0,26.0,8.0,August
2024-08-20,cappuccino  (hot),Coffee Based,1,Over-prepared,29.0,29.0,8.0,August
2024-08-21,Ramen (regular),Mini Bites,2,Over-prepared,17.0,34.0,8.0,August
2024-08-21,white mocha (hot),Coffee Based,4,Expired,42.0,168.0,8.0,August
2024-08-21,oreo overload Frappe ,Kôfē Frappé,2,Spoiled,37.0,74.0,8.0,August
2024-08-21,americano (iced),Coffee Based,3,Over-prepared,28.0,84.0,8.0,August
2024-08-22,cappuccino  (hot),Coffee Based,1,Over-prepared,29.0,29.0,8.0,August
2024-08-22,FFFF (large bbq),Sans Coffee,3,Quality issue,18.0,54.0,8.0,August
2024-08-22,mocha (hot),Coffee Based,4,Spoiled,31.0,124.0,8.0,August
2024-08-22,dirty coffee shake ,Kôfē Frappé,4,Expired,38.0,152.0,8.0,August
2024-08-23,Sinagtala lomi 20 pax,Mini Bites,4,Expired,360.0,1440.0,8.0,August
2024-08-23,Cold brew with foamy vanilla ,Sans Coffee,1,Expired,31.0,31.0,8.0,August
2024-08-23,Chiz melt  (spam lite),Mini Bites,3,Over-prepared,27.0,81.0,8.0,August
2024-08-24,caramel macchiato  (iced),Coffee Based,3,Over-prepared,35.0,105.0,8.0,August
2024-08-24,Add_on (egg),Sans Coffee,3,Spoiled,10.0,30.0,8.0,August
2024-08-24,Belgian waffle  (mango caramel ),Sans Coffee,4,Expired,27.0,108.0,8.0,August
2024-08-24,FFFF (large cheese ),Sans Coffee,4,Spoiled,18.0,72.0,8.0,August
2024-08-25,French fries Spicy barbecue  (medium ),Mini Bites,4,Over-prepared,18.0,72.0,8.0,August
2024-08-25,dalgona ,Signature Kôfē,4,Over-prepared,32.0,128.0,8.0,August
2024-08-25,Overload lomi (malapot),Mini Bites,3,Over-prepared,99.0,297.0,8.0,August
2024-08-25,Sinagtala lomi 20 pax,Mini Bites,1,Over-prepared,360.0,360.0,8.0,August
2024-08-26,americano (iced),Coffee Based,3,Expired,28.0,84.0,8.0,August
2024-08-26,white mocha (iced),Coffee Based,4,Over-prepared,45.0,180.0,8.0,August
2024-08-26,oreo overload Frappe,Kôfē Frappé,3,Over-prepared,48.0,144.0,8.0,August
2024-08-27,Chiz melt  (bacon),Mini Bites,1,Over-prepared,28.0,28.0,8.0,August
2024-08-27, latte ,Coffee Based,1,Over-prepared,29.0,29.0,8.0,August
2024-08-27,simple milk tea ,Sans Coffee,4,Over-prepared,28.0,112.0,8.0,August
2024-08-28,sparkling berry,Sans Coffee,1,Over-prepared,31.0,31.0,8.0,August
2024-08-28,Product Name (special a),Sans Coffee,1,Over-prepared,41.0,41.0,8.0,August
2024-08-28,extra shot,Sans Coffee,3,Expired,16.0,48.0,8.0,August
2024-08-28,mocha (iced),Coffee Based,3,Over-prepared,35.0,105.0,8.0,August
2024-08-29,Drip coffee  (barako),Sans Coffee,1,Over-prepared,17.0,17.0,8.0,August
2024-08-29,Strawberry Reverie ,Sans Coffee,4,Over-prepared,39.0,156.0,8.0,August
2024-08-29,matcha Supreme latte (iced),Sans Coffee,2,Quality issue,35.0,70.0,8.0,August
2024-08-30,Chicken wings (extra rice ),Mini Bites,3,Expired,4.0,12.0,8.0,August
2024-08-30,Spanish latte (hot),Coffee Based,1,Over-prepared,29.0,29.0,8.0,August
2024-08-30,latte,Coffee Based,3,Over-prepared,42.0,126.0,8.0,August
2024-08-30,FFFF (med sc),Sans Coffee,1,Over-prepared,8.0,8.0,8.0,August
2024-08-31,the Christmas drink (iced),Signature Kôfē,3,Spoiled,34.0,102.0,8.0,August
2024-08-31,French fries Spicy barbecue  (large ),Mini Bites,4,Quality issue,30.0,120.0,8.0,August
2024-08-31,Ramen (regular),Mini Bites,1,Quality issue,17.0,17.0,8.0,August
2024-08-31,Cookies ,Sans Coffee,1,Quality issue,18.0,18.0,8.0,August
2024-08-31,Sinagtala lomi 20 pax,Mini Bites,3,Over-prepared,360.0,1080.0,8.0,August
2024-09-01,hot cocoa latte ,Sans Coffee,2,Over-prepared,32.0,64.0,9.0,September
2024-09-01,Chicken wings (half dozen),Mini Bites,4,Spoiled,82.0,328.0,9.0,September
2024-09-01,the SM tea,Sans Coffee,4,Over-prepared,37.0,148.0,9.0,September
2024-09-01,Drip coffee  (barako),Sans Coffee,3,Expired,17.0,51.0,9.0,September
2024-09-02,triple caramel,Kôfē Frappé,4,Expired,48.0,192.0,9.0,September
2024-09-02,Add_on (cheese),Sans Coffee,2,Over-prepared,12.0,24.0,9.0,September
2024-09-02,BFF (Better French fries)medium  (bbq ),Mini Bites,3,Spoiled,16.0,48.0,9.0,September
2024-09-02,super mocha ,Kôfē Frappé,3,Expired,38.0,114.0,9.0,September
2024-09-03,FFFF (large sc),Sans Coffee,3,Expired,18.0,54.0,9.0,September
2024-09-03,Add_on (cheese),Sans Coffee,4,Over-prepared,12.0,48.0,9.0,September
2024-09-03,street food sampler (large),Sans Coffee,1,Spoiled,28.0,28.0,9.0,September
2024-09-04,Add_on (cheese),Sans Coffee,1,Spoiled,12.0,12.0,9.0,September
2024-09-04,Chicken wings (half dozen),Mini Bites,1,Quality issue,82.0,82.0,9.0,September
2024-09-04,BFF (Better French fries) Large (sour cream),Mini Bites,4,Over-prepared,28.0,112.0,9.0,September
2024-09-05,the SM tea,Sans Coffee,4,Over-prepared,37.0,148.0,9.0,September
2024-09-05,French fries plain (large),Mini Bites,3,Over-prepared,90.0,270.0,9.0,September
2024-09-05,Spanish latte (hot),Coffee Based,1,Over-prepared,29.0,29.0,9.0,September
2024-09-06,FFFF (med sc),Sans Coffee,2,Spoiled,8.0,16.0,9.0,September
2024-09-06,Product Name (special a),Sans Coffee,4,Expired,41.0,164.0,9.0,September
2024-09-06,Chiz melt  (bacon),Mini Bites,1,Over-prepared,28.0,28.0,9.0,September
2024-09-07,Drip coffee  (barako),Sans Coffee,1,Over-prepared,17.0,17.0,9.0,September
2024-09-07,extra shot,Sans Coffee,2,Spoiled,16.0,32.0,9.0,September
2024-09-07,Add_on (cheese),Sans Coffee,3,Over-prepared,12.0,36.0,9.0,September
2024-09-07,mocha (iced),Coffee Based,1,Over-prepared,35.0,35.0,9.0,September
2024-09-08,americano (iced),Coffee Based,1,Quality issue,28.0,28.0,9.0,September
2024-09-08,brownie,Sans Coffee,3,Expired,21.0,63.0,9.0,September
2024-09-08,Chicken wings (half dozen),Mini Bites,2,Spoiled,82.0,164.0,9.0,September
2024-09-08,iced creamy barako,Sans Coffee,1,Expired,24.0,24.0,9.0,September
2024-09-09,BFF (Better French fries)medium  (large),Mini Bites,4,Over-prepared,27.0,108.0,9.0,September
2024-09-09,BFF (Better French fries)medium  ( cheese ),Mini Bites,4,Quality issue,16.0,64.0,9.0,September
2024-09-09,BFF (Better French fries) Large (sour cream),Mini Bites,2,Spoiled,28.0,56.0,9.0,September
2024-09-10,matcha Supreme latte (iced),Sans Coffee,2,Over-prepared,35.0,70.0,9.0,September
2024-09-10,caramel macchiato  (hot),Coffee Based,1,Over-prepared,32.0,32.0,9.0,September
2024-09-10,street food sampler (medium),Sans Coffee,2,Expired,16.0,32.0,9.0,September
2024-09-11,Extra Rice,Sans Coffee,3,Over-prepared,5.0,15.0,9.0,September
2024-09-11,6 Chicken wings ,Mini Bites,2,Over-prepared,82.0,164.0,9.0,September
2024-09-11,Whipped Americano,Signature Kôfē,4,Quality issue,36.0,144.0,9.0,September
2024-09-12, latte ,Coffee Based,3,Spoiled,29.0,87.0,9.0,September
2024-09-12,FFFF (med sc),Sans Coffee,4,Expired,8.0,32.0,9.0,September
2024-09-12,sparkling berry,Sans Coffee,3,Over-prepared,31.0,93.0,9.0,September
2024-09-13,French fries Spicy barbecue  (large ),Mini Bites,1,Spoiled,30.0,30.0,9.0,September
2024-09-13,matcha espresso fusion  (hot),Signature Kôfē,3,Over-prepared,32.0,96.0,9.0,September
2024-09-13,sparkling berry,Sans Coffee,1,Expired,31.0,31.0,9.0,September
2024-09-13,mocha (iced),Coffee Based,4,Over-prepared,35.0,140.0,9.0,September
2024-09-14,Belgian waffle  (mango caramel ),Sans Coffee,3,Expired,27.0,81.0,9.0,September
2024-09-14,caramel macchiato (iced),Coffee Based,4,Over-prepared,45.0,180.0,9.0,September
2024-09-14,Iced honey shaken espresso ,Signature Kôfē,4,Over-prepared,36.0,144.0,9.0,September
2024-09-14,mocha (iced),Coffee Based,1,Over-prepared,35.0,35.0,9.0,September
2024-09-15,Product Name (special b),Sans Coffee,2,Over-prepared,46.0,92.0,9.0,September
2024-09-15,French fries Spicy barbecue  (large ),Mini Bites,1,Spoiled,30.0,30.0,9.0,September
2024-09-15,BFF (Better French fries)medium  ( cheese ),Mini Bites,1,Spoiled,16.0,16.0,9.0,September
2024-09-15,choco dinosaur latte,Sans Coffee,1,Over-prepared,35.0,35.0,9.0,September
2024-09-16,BFF (Better French fries)medium  (medium ),Mini Bites,4,Over-prepared,15.0,60.0,9.0,September
2024-09-16,Whipped Americano,Signature Kôfē,1,Over-prepared,36.0,36.0,9.0,September
2024-09-16,drip coffee (8 bags/pouch) (barako),Sans Coffee,3,Expired,37.0,111.0,9.0,September
2024-09-17,Add_on (seaweeds),Sans Coffee,4,Quality issue,8.0,32.0,9.0,September
2024-09-17,Chicken wings (half dozen),Mini Bites,1,Expired,82.0,82.0,9.0,September
2024-09-17,choco dinosaur latte,Sans Coffee,1,Over-prepared,35.0,35.0,9.0,September
2024-09-18,Spanish latte (iced),Coffee Based,4,Expired,32.0,128.0,9.0,September
2024-09-18,americano (iced),Coffee Based,3,Quality issue,28.0,84.0,9.0,September
2024-09-18,brownie,Sans Coffee,1,Expired,21.0,21.0,9.0,September
2024-09-19,FFFF (large bbq),Sans Coffee,4,Expired,18.0,72.0,9.0,September
2024-09-19,triple caramel ,Kôfē Frappé,3,Expired,38.0,114.0,9.0,September
2024-09-19,Coffee Syphon (arabica),Sans Coffee,4,Spoiled,30.0,120.0,9.0,September
2024-09-20,Chicken wings (extra rice ),Mini Bites,4,Over-prepared,4.0,16.0,9.0,September
2024-09-20,Product Name (special a),Sans Coffee,4,Quality issue,41.0,164.0,9.0,September
2024-09-20,strawberry latte,Sans Coffee,3,Expired,36.0,108.0,9.0,September
2024-09-21,FFFF (med sc),Sans Coffee,3,Spoiled,8.0,24.0,9.0,September
2024-09-21,French fries plain (large),Mini Bites,4,Spoiled,90.0,360.0,9.0,September
2024-09-21,oreo overload Frappe,Kôfē Frappé,3,Over-prepared,48.0,144.0,9.0,September
2024-09-21,americano (iced),Coffee Based,1,Over-prepared,28.0,28.0,9.0,September
2024-09-22,belgian waffle plain ,Sans Coffee,2,Quality issue,21.0,42.0,9.0,September
2024-09-22,Chicken pops (bbq),Mini Bites,4,Expired,50.0,200.0,9.0,September
2024-09-22,street food sampler (large),Sans Coffee,3,Over-prepared,28.0,84.0,9.0,September
2024-09-22,Overload lomi (malabnaw),Mini Bites,1,Quality issue,99.0,99.0,9.0,September
2024-09-23,BFF (Better French fries)medium  (medium ),Mini Bites,1,Expired,15.0,15.0,9.0,September
2024-09-23,Belgian waffle  (strawberry chocolate ),Sans Coffee,3,Over-prepared,27.0,81.0,9.0,September
2024-09-23,strawberry latte,Sans Coffee,3,Over-prepared,36.0,108.0,9.0,September
2024-09-24,hot cocoa latte ,Sans Coffee,1,Over-prepared,32.0,32.0,9.0,September
2024-09-24,super mocha ,Kôfē Frappé,1,Over-prepared,38.0,38.0,9.0,September
2024-09-24,Drip coffee  (barako),Sans Coffee,1,Over-prepared,17.0,17.0,9.0,September
2024-09-25,the super charged (25% more coffee)  (iced),Sans Coffee,4,Spoiled,34.0,136.0,9.0,September
2024-09-25,caramel macchiato  (hot),Coffee Based,2,Expired,32.0,64.0,9.0,September
2024-09-25,Add_on (kimchi),Sans Coffee,3,Quality issue,15.0,45.0,9.0,September
2024-09-26,Chicken fillet,Mini Bites,4,Spoiled,45.0,180.0,9.0,September
2024-09-26,triple caramel,Kôfē Frappé,4,Over-prepared,48.0,192.0,9.0,September
2024-09-26,Chicken wings (1 dozen),Mini Bites,1,Over-prepared,165.0,165.0,9.0,September
2024-09-27,super mocha ,Kôfē Frappé,3,Over-prepared,38.0,114.0,9.0,September
2024-09-27,dalgona ,Signature Kôfē,4,Over-prepared,32.0,128.0,9.0,September
2024-09-27,Choco caramel decadence,Sans Coffee,4,Expired,45.0,180.0,9.0,September
2024-09-28,iced creamy barako,Sans Coffee,1,Over-prepared,24.0,24.0,9.0,September
2024-09-28,matcha espresso fusion  (iced),Signature Kôfē,3,Over-prepared,35.0,105.0,9.0,September
2024-09-28,Product Name (special b),Sans Coffee,4,Over-prepared,46.0,184.0,9.0,September
2024-09-28,white mocha  (hot),Coffee Based,2,Over-prepared,32.0,64.0,9.0,September
2024-09-29,Chiz melt  (spam lite),Mini Bites,3,Over-prepared,27.0,81.0,9.0,September
2024-09-29,FFFF (med sc),Sans Coffee,1,Over-prepared,8.0,8.0,9.0,September
2024-09-29,strawberry latte,Sans Coffee,4,Quality issue,36.0,144.0,9.0,September
2024-09-29,Cookies ,Sans Coffee,1,Over-prepared,18.0,18.0,9.0,September
2024-09-30,simple milk tea ,Sans Coffee,5,Spoiled,28.0,140.0,9.0,September
2024-09-30,Chicken wings (3pcs),Mini Bites,1,Over-prepared,45.0,45.0,9.0,September
2024-09-30,BFF (Better French fries) Large (sour cream),Mini Bites,4,Over-prepared,28.0,112.0,9.0,September
2024-10-01,caramel macchiato (hot),Coffee Based,3,Spoiled,42.0,126.0,10.0,October
2024-10-01,Overload lomi (malabnaw),Mini Bites,3,Expired,99.0,297.0,10.0,October
2024-10-01,Extra Rice,Sans Coffee,3,Quality issue,5.0,15.0,10.0,October
2024-10-01,americano (iced),Coffee Based,1,Spoiled,28.0,28.0,10.0,October
2024-10-02,Product Name (regular ),Sans Coffee,3,Expired,18.0,54.0,10.0,October
2024-10-02,brownie,Sans Coffee,1,Over-prepared,21.0,21.0,10.0,October
2024-10-02,Spanish latte (hot),Coffee Based,3,Over-prepared,29.0,87.0,10.0,October
2024-10-03,choco dinosaur latte,Sans Coffee,4,Spoiled,35.0,140.0,10.0,October
2024-10-03,Product Name (special a),Sans Coffee,1,Expired,41.0,41.0,10.0,October
2024-10-03,the Christmas drink (hot ),Signature Kôfē,3,Spoiled,32.0,96.0,10.0,October
2024-10-03,caramel macchiato (hot),Coffee Based,3,Expired,42.0,126.0,10.0,October
2024-10-04,BFF (Better French fries) Large (sour cream),Mini Bites,1,Over-prepared,28.0,28.0,10.0,October
2024-10-04,the super charged (25% more coffee)  (hot),Sans Coffee,4,Spoiled,31.0,124.0,10.0,October
2024-10-04,Spanish latte (hot),Coffee Based,4,Expired,29.0,116.0,10.0,October
2024-10-05,FFFF (large cheese ),Sans Coffee,4,Over-prepared,18.0,72.0,10.0,October
2024-10-05,Choco caramel decadence,Sans Coffee,4,Quality issue,45.0,180.0,10.0,October
2024-10-05,Product Name (special a),Sans Coffee,4,Over-prepared,41.0,164.0,10.0,October
2024-10-05,Belgian waffle  (peanut butter ),Sans Coffee,1,Expired,25.0,25.0,10.0,October
2024-10-06,street food sampler (medium),Sans Coffee,3,Quality issue,16.0,48.0,10.0,October
2024-10-06,Chicken wings (1 dozen),Mini Bites,4,Spoiled,165.0,660.0,10.0,October
2024-10-06,the Christmas drink (iced),Signature Kôfē,3,Expired,34.0,102.0,10.0,October
2024-10-06,drip coffee (8 bags/pouch) (arabica),Sans Coffee,4,Expired,62.0,248.0,10.0,October
2024-10-07,Whipped Americano,Signature Kôfē,2,Over-prepared,36.0,72.0,10.0,October
2024-10-07,Spanish latte (hot),Coffee Based,4,Spoiled,29.0,116.0,10.0,October
2024-10-07,matcha espresso fusion  (hot),Signature Kôfē,3,Over-prepared,32.0,96.0,10.0,October
2024-10-08,FFFF (med sc),Sans Coffee,4,Expired,8.0,32.0,10.0,October
2024-10-08,BFF (Better French fries)medium  (large),Mini Bites,3,Spoiled,27.0,81.0,10.0,October
2024-10-08,BFF (Better French fries) Large (bbq),Mini Bites,1,Over-prepared,28.0,28.0,10.0,October
2024-10-09,Belgian waffle  (strawberry chocolate ),Sans Coffee,3,Over-prepared,27.0,81.0,10.0,October
2024-10-09,the SM tea,Sans Coffee,1,Spoiled,37.0,37.0,10.0,October
2024-10-09,Chicken fillet,Mini Bites,3,Over-prepared,45.0,135.0,10.0,October
2024-10-09,white mocha (iced),Coffee Based,2,Quality issue,45.0,90.0,10.0,October
2024-10-10,BFF (Better French fries) Large (cheese ),Mini Bites,4,Expired,28.0,112.0,10.0,October
2024-10-10,French fries Spicy barbecue  (medium ),Mini Bites,3,Expired,18.0,54.0,10.0,October
2024-10-10,hot creamy barako,Sans Coffee,4,Expired,19.0,76.0,10.0,October
2024-10-11,FFFF (med sc),Sans Coffee,2,Expired,8.0,16.0,10.0,October
2024-10-11,Chiz melt  (bacon),Mini Bites,2,Over-prepared,28.0,56.0,10.0,October
2024-10-11,white mocha (iced),Coffee Based,1,Expired,45.0,45.0,10.0,October
2024-10-12,Belgian waffle  (peanut butter ),Sans Coffee,1,Spoiled,25.0,25.0,10.0,October
2024-10-12,iced premium barako,Sans Coffee,3,Spoiled,21.0,63.0,10.0,October
2024-10-12,French fries Spicy barbecue  (medium ),Mini Bites,3,Over-prepared,18.0,54.0,10.0,October
2024-10-12,Add_on (egg),Sans Coffee,1,Over-prepared,10.0,10.0,10.0,October
2024-10-13,Add_on (cheese),Sans Coffee,4,Expired,12.0,48.0,10.0,October
2024-10-13,triple caramel ,Kôfē Frappé,3,Expired,38.0,114.0,10.0,October
2024-10-13,choco dinosaur latte,Sans Coffee,1,Spoiled,35.0,35.0,10.0,October
2024-10-13,mocha (hot),Coffee Based,1,Spoiled,31.0,31.0,10.0,October
2024-10-14,choco dinosaur latte,Sans Coffee,1,Over-prepared,35.0,35.0,10.0,October
2024-10-14,BFF (Better French fries)medium  (sour cream),Mini Bites,3,Over-prepared,16.0,48.0,10.0,October
2024-10-14,Chiz melt (bacon),Mini Bites,3,Quality issue,30.0,90.0,10.0,October
2024-10-14,BFF (Better French fries)medium  (medium ),Mini Bites,4,Over-prepared,15.0,60.0,10.0,October
2024-10-15,hot cocoa latte ,Sans Coffee,3,Over-prepared,32.0,96.0,10.0,October
2024-10-15,Chicken fillet,Mini Bites,3,Over-prepared,45.0,135.0,10.0,October
2024-10-15,Chicken pops (bbq),Mini Bites,1,Expired,50.0,50.0,10.0,October
2024-10-16,BFF (Better French fries) Large (bbq),Mini Bites,2,Spoiled,28.0,56.0,10.0,October
2024-10-16,Add_on (cheese),Sans Coffee,1,Expired,12.0,12.0,10.0,October
2024-10-16,Spanish latte (hot),Coffee Based,4,Over-prepared,29.0,116.0,10.0,October
2024-10-17,French fries Spicy barbecue  (large ),Mini Bites,1,Over-prepared,30.0,30.0,10.0,October
2024-10-17, latte ,Coffee Based,4,Over-prepared,29.0,116.0,10.0,October
2024-10-17,hot cocoa latte ,Sans Coffee,2,Over-prepared,32.0,64.0,10.0,October
2024-10-18,Add_on (cheese),Sans Coffee,4,Over-prepared,12.0,48.0,10.0,October
2024-10-18,BFF (Better French fries)medium  (medium ),Mini Bites,1,Over-prepared,15.0,15.0,10.0,October
2024-10-18,Chicken pops (bbq),Mini Bites,4,Quality issue,50.0,200.0,10.0,October
2024-10-19,BFF (Better French fries)medium  (bbq ),Mini Bites,2,Spoiled,16.0,32.0,10.0,October
2024-10-19, latte ,Coffee Based,4,Quality issue,29.0,116.0,10.0,October
2024-10-19,Chiz melt  (spam lite),Mini Bites,2,Over-prepared,27.0,54.0,10.0,October
2024-10-19,white mocha  (hot),Coffee Based,5,Over-prepared,32.0,160.0,10.0,October
2024-10-20,triple caramel,Kôfē Frappé,4,Expired,48.0,192.0,10.0,October
2024-10-20,choco dinosaur latte,Sans Coffee,3,Expired,35.0,105.0,10.0,October
2024-10-20,Spanish latte (hot),Coffee Based,3,Over-prepared,29.0,87.0,10.0,October
2024-10-20,Spanish latte (iced),Coffee Based,3,Over-prepared,32.0,96.0,10.0,October
2024-10-21,sparkling berry,Sans Coffee,4,Over-prepared,31.0,124.0,10.0,October
2024-10-21,hot creamy barako,Sans Coffee,4,Over-prepared,19.0,76.0,10.0,October
2024-10-21,caramel macchiato  (hot),Coffee Based,4,Over-prepared,32.0,128.0,10.0,October
2024-10-22,matcha Supreme latte (hot),Sans Coffee,1,Over-prepared,32.0,32.0,10.0,October
2024-10-22,Coffee Syphon (arabica),Sans Coffee,3,Over-prepared,30.0,90.0,10.0,October
2024-10-22,strawberry latte,Sans Coffee,4,Expired,36.0,144.0,10.0,October
2024-10-23,Strawberry Reverie ,Sans Coffee,4,Expired,39.0,156.0,10.0,October
2024-10-23,Chicken wings (half dozen),Mini Bites,1,Over-prepared,82.0,82.0,10.0,October
2024-10-23,Chicken wings (1 dozen),Mini Bites,3,Spoiled,165.0,495.0,10.0,October
2024-10-23,Chicken fillet,Mini Bites,4,Expired,45.0,180.0,10.0,October
2024-10-24,street food sampler (large),Sans Coffee,3,Quality issue,28.0,84.0,10.0,October
2024-10-24,mocha (iced),Coffee Based,2,Spoiled,35.0,70.0,10.0,October
2024-10-24,kofetala special blend ,Sans Coffee,3,Over-prepared,34.0,102.0,10.0,October
2024-10-25,Chicken wings (3pcs),Mini Bites,3,Over-prepared,45.0,135.0,10.0,October
2024-10-25,Overload lomi (malabnaw),Mini Bites,4,Over-prepared,99.0,396.0,10.0,October
2024-10-25,mocha (hot),Coffee Based,1,Over-prepared,31.0,31.0,10.0,October
2024-10-26,triple caramel,Kôfē Frappé,3,Spoiled,48.0,144.0,10.0,October
2024-10-26,Iced honey shaken espresso ,Signature Kôfē,3,Over-prepared,36.0,108.0,10.0,October
2024-10-26,premium barako,Sans Coffee,3,Expired,15.0,45.0,10.0,October
2024-10-26,hot cocoa latte ,Sans Coffee,4,Quality issue,32.0,128.0,10.0,October
2024-10-27,kofetala special blend ,Sans Coffee,3,Spoiled,34.0,102.0,10.0,October
2024-10-27,Chiz melt  (bacon),Mini Bites,2,Expired,28.0,56.0,10.0,October
2024-10-27,matcha Supreme latte (hot),Sans Coffee,1,Over-prepared,32.0,32.0,10.0,October
2024-10-27,BFF (Better French fries)medium  (large),Mini Bites,1,Expired,27.0,27.0,10.0,October
2024-10-28,caramel macchiato (iced),Coffee Based,3,Over-prepared,45.0,135.0,10.0,October
2024-10-28,americano (hot),Coffee Based,1,Over-prepared,26.0,26.0,10.0,October
2024-10-28, latte ,Coffee Based,3,Expired,29.0,87.0,10.0,October
2024-10-28,Strawberry Reverie ,Sans Coffee,4,Expired,39.0,156.0,10.0,October
2024-10-29,Belgian waffle  (peanut butter ),Sans Coffee,3,Over-prepared,25.0,75.0,10.0,October
2024-10-29,Product Name (special b),Sans Coffee,3,Expired,46.0,138.0,10.0,October
2024-10-29,the Christmas drink (hot ),Signature Kôfē,4,Over-prepared,32.0,128.0,10.0,October
2024-10-30,sparkling berry,Sans Coffee,1,Expired,31.0,31.0,10.0,October
2024-10-30,simple milk tea ,Sans Coffee,1,Expired,28.0,28.0,10.0,October
2024-10-30,BFF (Better French fries) Large (sour cream),Mini Bites,2,Over-prepared,28.0,56.0,10.0,October
2024-10-31,caramel macchiato (iced),Coffee Based,3,Quality issue,45.0,135.0,10.0,October
2024-10-31,BFF (Better French fries)medium  (medium ),Mini Bites,1,Over-prepared,15.0,15.0,10.0,October
2024-10-31,BFF (Better French fries) Large (sour cream),Mini Bites,2,Quality issue,28.0,56.0,10.0,October
2024-11-01,the Christmas drink (hot ),Signature Kôfē,4,Expired,32.0,128.0,11.0,November
2024-11-01,Chicken wings (3pcs),Mini Bites,2,Expired,45.0,90.0,11.0,November
2024-11-01,the super charged (25% more coffee)  (hot),Sans Coffee,3,Quality issue,31.0,93.0,11.0,November
2024-11-02,oreo overload Frappe ,Kôfē Frappé,2,Quality issue,37.0,74.0,11.0,November
2024-11-02,Chicken pops (bbq),Mini Bites,4,Spoiled,50.0,200.0,11.0,November
2024-11-02,mocha (hot),Coffee Based,4,Over-prepared,31.0,124.0,11.0,November
2024-11-02,Brownies ,Sans Coffee,3,Expired,21.0,63.0,11.0,November
2024-11-03,Chicken fillet,Mini Bites,2,Over-prepared,45.0,90.0,11.0,November
2024-11-03,Spanish latte (hot),Coffee Based,4,Over-prepared,29.0,116.0,11.0,November
2024-11-03,Belgian waffle  (peanut butter ),Sans Coffee,3,Quality issue,25.0,75.0,11.0,November
2024-11-03,white mocha (iced),Coffee Based,3,Expired,45.0,135.0,11.0,November
2024-11-04,mocha (hot),Coffee Based,3,Over-prepared,31.0,93.0,11.0,November
2024-11-04,triple caramel ,Kôfē Frappé,4,Expired,38.0,152.0,11.0,November
2024-11-04,caramel macchiato  (iced),Coffee Based,4,Over-prepared,35.0,140.0,11.0,November
2024-11-05,street food sampler (medium),Sans Coffee,3,Over-prepared,16.0,48.0,11.0,November
2024-11-05,white mocha (iced),Coffee Based,4,Quality issue,45.0,180.0,11.0,November
2024-11-05,latte,Coffee Based,3,Over-prepared,42.0,126.0,11.0,November
2024-11-05,Belgian waffle  (peanut butter ),Sans Coffee,2,Spoiled,25.0,50.0,11.0,November
2024-11-06,Add_on (egg),Sans Coffee,1,Over-prepared,10.0,10.0,11.0,November
2024-11-06,BFF (Better French fries) Large (cheese),Mini Bites,1,Expired,30.0,30.0,11.0,November
2024-11-06,Chiz melt  (bacon),Mini Bites,4,Over-prepared,28.0,112.0,11.0,November
2024-11-07,the Christmas drink (hot ),Signature Kôfē,1,Over-prepared,32.0,32.0,11.0,November
2024-11-07,drip coffee (8 bags/pouch) (barako),Sans Coffee,1,Over-prepared,37.0,37.0,11.0,November
2024-11-07,Chicken pops (bbq),Mini Bites,3,Expired,50.0,150.0,11.0,November
2024-11-08,street food sampler (large),Sans Coffee,4,Expired,28.0,112.0,11.0,November
2024-11-08,6 Chicken wings ,Mini Bites,3,Over-prepared,82.0,246.0,11.0,November
2024-11-08,super mocha ,Kôfē Frappé,4,Spoiled,38.0,152.0,11.0,November
2024-11-08,Spanish latte (hot),Coffee Based,2,Quality issue,29.0,58.0,11.0,November
2024-11-09,extra shot,Sans Coffee,4,Over-prepared,16.0,64.0,11.0,November
2024-11-09,hot cocoa latte ,Sans Coffee,3,Over-prepared,32.0,96.0,11.0,November
2024-11-09,Product Name (special b),Sans Coffee,4,Spoiled,46.0,184.0,11.0,November
2024-11-09,Add_on (egg),Sans Coffee,3,Expired,10.0,30.0,11.0,November
2024-11-10,kofetala special blend ,Sans Coffee,4,Expired,34.0,136.0,11.0,November
2024-11-10,Chiz melt  (ham),Mini Bites,3,Over-prepared,26.0,78.0,11.0,November
2024-11-10,Chiz melt  (spam lite),Mini Bites,4,Over-prepared,27.0,108.0,11.0,November
2024-11-10,BFF (Better French fries)medium  (medium ),Mini Bites,5,Over-prepared,15.0,75.0,11.0,November
2024-11-10,cappuccino  (ice),Coffee Based,5,Spoiled,32.0,160.0,11.0,November
2024-11-11,triple caramel,Kôfē Frappé,1,Over-prepared,48.0,48.0,11.0,November
2024-11-11,strawberry latte,Sans Coffee,4,Over-prepared,36.0,144.0,11.0,November
2024-11-11,Chicken wings (extra rice ),Mini Bites,3,Expired,4.0,12.0,11.0,November
2024-11-12,caramel macchiato  (hot),Coffee Based,3,Over-prepared,32.0,96.0,11.0,November
2024-11-12,cappuccino  (ice),Coffee Based,3,Over-prepared,32.0,96.0,11.0,November
2024-11-12,FFFF (med sc),Sans Coffee,4,Over-prepared,8.0,32.0,11.0,November
2024-11-12,simple milk tea ,Sans Coffee,4,Expired,28.0,112.0,11.0,November
2024-11-13,caramel macchiato  (hot),Coffee Based,1,Over-prepared,32.0,32.0,11.0,November
2024-11-13,Sinagtala lomi 20 pax,Mini Bites,4,Over-prepared,360.0,1440.0,11.0,November
2024-11-13,Coffee Syphon (arabica),Sans Coffee,3,Expired,30.0,90.0,11.0,November
2024-11-13,6 Chicken wings ,Mini Bites,3,Expired,82.0,246.0,11.0,November
2024-11-14,Cookies ,Sans Coffee,3,Over-prepared,18.0,54.0,11.0,November
2024-11-14,mocha (hot),Coffee Based,1,Over-prepared,31.0,31.0,11.0,November
2024-11-14,Chicken wings (half dozen),Mini Bites,4,Over-prepared,82.0,328.0,11.0,November
2024-11-14,Add_on (kimchi),Sans Coffee,5,Over-prepared,15.0,75.0,11.0,November
2024-11-15,BFF (Better French fries)medium  (large),Mini Bites,3,Expired,27.0,81.0,11.0,November
2024-11-15,white mocha (hot),Coffee Based,4,Expired,42.0,168.0,11.0,November
2024-11-15,white mocha  (iced),Coffee Based,2,Spoiled,35.0,70.0,11.0,November
2024-11-16,Belgian waffle  (peanut butter ),Sans Coffee,1,Spoiled,25.0,25.0,11.0,November
2024-11-16,Product Name (special a),Sans Coffee,1,Expired,41.0,41.0,11.0,November
2024-11-16,street food sampler (medium),Sans Coffee,3,Expired,16.0,48.0,11.0,November
2024-11-16,sparkling berry,Sans Coffee,1,Over-prepared,31.0,31.0,11.0,November
2024-11-17, latte ,Coffee Based,2,Quality issue,29.0,58.0,11.0,November
2024-11-17,FFFF (large bbq),Sans Coffee,4,Over-prepared,18.0,72.0,11.0,November
2024-11-17,cappuccino  (hot),Coffee Based,5,Over-prepared,29.0,145.0,11.0,November
2024-11-17,oreo overload Frappe,Kôfē Frappé,1,Over-prepared,48.0,48.0,11.0,November
2024-11-18,white mocha (iced),Coffee Based,1,Over-prepared,45.0,45.0,11.0,November
2024-11-18,white mocha  (hot),Coffee Based,3,Over-prepared,32.0,96.0,11.0,November
2024-11-18,Add_on (egg),Sans Coffee,1,Spoiled,10.0,10.0,11.0,November
2024-11-18,dalgona ,Signature Kôfē,3,Expired,32.0,96.0,11.0,November
2024-11-19,Drip coffee  (barako),Sans Coffee,1,Quality issue,17.0,17.0,11.0,November
2024-11-19,French fries Spicy barbecue  (medium ),Mini Bites,3,Spoiled,18.0,54.0,11.0,November
2024-11-19,Extra Rice,Sans Coffee,3,Over-prepared,5.0,15.0,11.0,November
2024-11-19,FFFF (med sc),Sans Coffee,5,Spoiled,8.0,40.0,11.0,November
2024-11-20,Belgian waffle  (mango caramel ),Sans Coffee,1,Quality issue,27.0,27.0,11.0,November
2024-11-20,the super charged (25% more coffee)  (hot),Sans Coffee,3,Over-prepared,31.0,93.0,11.0,November
2024-11-20,Chiz melt (bacon),Mini Bites,3,Expired,30.0,90.0,11.0,November
2024-11-20,dalgona ,Signature Kôfē,2,Expired,32.0,64.0,11.0,November
2024-11-21,the SM tea,Sans Coffee,4,Expired,37.0,148.0,11.0,November
2024-11-21,white mocha  (hot),Coffee Based,4,Over-prepared,32.0,128.0,11.0,November
2024-11-21,dalgona ,Signature Kôfē,4,Spoiled,32.0,128.0,11.0,November
2024-11-21,Choco caramel decadence,Sans Coffee,1,Over-prepared,45.0,45.0,11.0,November
2024-11-22,white mocha (iced),Coffee Based,3,Expired,45.0,135.0,11.0,November
2024-11-22,choco coated waffle,Sans Coffee,1,Spoiled,21.0,21.0,11.0,November
2024-11-22,Drip coffee  (barako),Sans Coffee,1,Over-prepared,17.0,17.0,11.0,November
2024-11-22,hot cocoa latte ,Sans Coffee,1,Expired,32.0,32.0,11.0,November
2024-11-23,white mocha (hot),Coffee Based,1,Over-prepared,42.0,42.0,11.0,November
2024-11-23,white mocha  (hot),Coffee Based,4,Over-prepared,32.0,128.0,11.0,November
2024-11-23,mango banana milk shake ,Kôfē Frappé,3,Over-prepared,35.0,105.0,11.0,November
2024-11-23,BFF (Better French fries) Large (cheese),Mini Bites,4,Over-prepared,30.0,120.0,11.0,November
2024-11-23,Iced honey shaken espresso ,Signature Kôfē,4,Over-prepared,36.0,144.0,11.0,November
2024-11-24,Add_on (seaweeds),Sans Coffee,2,Expired,8.0,16.0,11.0,November
2024-11-24,cappuccino  (hot),Coffee Based,3,Expired,29.0,87.0,11.0,November
2024-11-24,the SM tea,Sans Coffee,4,Spoiled,37.0,148.0,11.0,November
2024-11-24,BFF (Better French fries) Large (cheese ),Mini Bites,3,Expired,28.0,84.0,11.0,November
2024-11-24,Chicken wings (3pcs),Mini Bites,1,Expired,45.0,45.0,11.0,November
2024-11-25,Drip coffee  (barako),Sans Coffee,2,Quality issue,17.0,34.0,11.0,November
2024-11-25,Choco caramel decadence,Sans Coffee,1,Spoiled,45.0,45.0,11.0,November
2024-11-25,Chicken wings (3pcs),Mini Bites,3,Expired,45.0,135.0,11.0,November
2024-11-26,BFF (Better French fries)medium  (sour cream),Mini Bites,1,Over-prepared,16.0,16.0,11.0,November
2024-11-26,French fries Spicy barbecue  (large ),Mini Bites,3,Over-prepared,30.0,90.0,11.0,November
2024-11-26,Chicken pops (bbq),Mini Bites,3,Expired,50.0,150.0,11.0,November
2024-11-27,6 Chicken wings ,Mini Bites,3,Expired,82.0,246.0,11.0,November
2024-11-27,French fries plain (large),Mini Bites,2,Expired,90.0,180.0,11.0,November
2024-11-27,Chicken wings (3pcs),Mini Bites,1,Spoiled,45.0,45.0,11.0,November
2024-11-27,americano (iced),Coffee Based,1,Expired,28.0,28.0,11.0,November
2024-11-28,oreo overload Frappe,Kôfē Frappé,4,Spoiled,48.0,192.0,11.0,November
2024-11-28,extra shot,Sans Coffee,4,Expired,16.0,64.0,11.0,November
2024-11-28,Add_on (ham),Sans Coffee,3,Over-prepared,15.0,45.0,11.0,November
2024-11-28,white mocha  (iced),Coffee Based,4,Over-prepared,35.0,140.0,11.0,November
2024-11-29,Ramen (regular),Mini Bites,1,Expired,17.0,17.0,11.0,November
2024-11-29,Cold brew with foamy vanilla ,Sans Coffee,4,Quality issue,31.0,124.0,11.0,November
2024-11-29,extra shot,Sans Coffee,4,Spoiled,16.0,64.0,11.0,November
2024-11-29,matcha Supreme latte (iced),Sans Coffee,1,Spoiled,35.0,35.0,11.0,November
2024-11-30,Coffee Syphon (arabica),Sans Coffee,1,Expired,30.0,30.0,11.0,November
2024-11-30,dirty coffee shake ,Kôfē Frappé,3,Spoiled,38.0,114.0,11.0,November
2024-11-30,FFFF (large sc),Sans Coffee,2,Expired,18.0,36.0,11.0,November
2024-11-30,strawberry latte,Sans Coffee,5,Over-prepared,36.0,180.0,11.0,November
2024-11-30,BFF (Better French fries)medium  (sour cream),Mini Bites,3,Expired,16.0,48.0,11.0,November
2024-12-01,BFF (Better French fries)medium  (medium ),Mini Bites,5,Over-prepared,15.0,75.0,12.0,December
2024-12-01,triple caramel ,Kôfē Frappé,3,Expired,38.0,114.0,12.0,December
2024-12-01,premium barako,Sans Coffee,1,Expired,15.0,15.0,12.0,December
2024-12-01,Product Name (special a),Sans Coffee,4,Expired,41.0,164.0,12.0,December
2024-12-02,Iced honey shaken espresso ,Signature Kôfē,3,Expired,36.0,108.0,12.0,December
2024-12-02,Add_on (seaweeds),Sans Coffee,3,Over-prepared,8.0,24.0,12.0,December
2024-12-02,caramel macchiato  (hot),Coffee Based,3,Spoiled,32.0,96.0,12.0,December
2024-12-02,BFF (Better French fries)medium  (sour cream),Mini Bites,4,Quality issue,16.0,64.0,12.0,December
2024-12-03,drip coffee (8 bags/pouch) (barako),Sans Coffee,3,Expired,37.0,111.0,12.0,December
2024-12-03,FFFF (plain with catsup medium),Sans Coffee,1,Over-prepared,8.0,8.0,12.0,December
2024-12-03,Product Name (regular ),Sans Coffee,3,Over-prepared,18.0,54.0,12.0,December
2024-12-03,cappuccino  (hot),Coffee Based,1,Over-prepared,29.0,29.0,12.0,December
2024-12-04,white mocha (iced),Coffee Based,4,Over-prepared,45.0,180.0,12.0,December
2024-12-04,BFF (Better French fries)medium  (large),Mini Bites,3,Expired,27.0,81.0,12.0,December
2024-12-04,street food sampler (large),Sans Coffee,2,Quality issue,28.0,56.0,12.0,December
2024-12-04,BFF (Better French fries)medium  (sour cream),Mini Bites,4,Spoiled,16.0,64.0,12.0,December
2024-12-05,the Christmas drink (hot ),Signature Kôfē,4,Over-prepared,32.0,128.0,12.0,December
2024-12-05,Drip coffee  (barako),Sans Coffee,2,Over-prepared,17.0,34.0,12.0,December
2024-12-05,hot cocoa latte ,Sans Coffee,3,Over-prepared,32.0,96.0,12.0,December
2024-12-06,kofetala special blend ,Sans Coffee,3,Over-prepared,34.0,102.0,12.0,December
2024-12-06,6 Chicken wings ,Mini Bites,1,Over-prepared,82.0,82.0,12.0,December
2024-12-06,super mocha ,Kôfē Frappé,1,Over-prepared,38.0,38.0,12.0,December
2024-12-06,white mocha  (hot),Coffee Based,3,Expired,32.0,96.0,12.0,December
2024-12-07,mocha (hot),Coffee Based,3,Over-prepared,31.0,93.0,12.0,December
2024-12-07,Chicken wings (1 dozen),Mini Bites,1,Quality issue,165.0,165.0,12.0,December
2024-12-07,Spanish latte (iced),Coffee Based,3,Over-prepared,32.0,96.0,12.0,December
2024-12-07,BFF (Better French fries) Large (sour cream),Mini Bites,2,Over-prepared,28.0,56.0,12.0,December
2024-12-07,drip coffee (8 bags/pouch) (barako),Sans Coffee,1,Over-prepared,37.0,37.0,12.0,December
2024-12-08,Chiz melt (bacon),Mini Bites,1,Expired,30.0,30.0,12.0,December
2024-12-08,Add_on (seaweeds),Sans Coffee,1,Over-prepared,8.0,8.0,12.0,December
2024-12-08,blended cappuccino ,Kôfē Frappé,2,Over-prepared,33.0,66.0,12.0,December
2024-12-08,Belgian waffle  (strawberry chocolate ),Sans Coffee,3,Expired,27.0,81.0,12.0,December
2024-12-08,triple caramel,Kôfē Frappé,1,Spoiled,48.0,48.0,12.0,December
2024-12-09,6 Chicken wings ,Mini Bites,3,Over-prepared,82.0,246.0,12.0,December
2024-12-09,Chicken wings (extra rice ),Mini Bites,4,Spoiled,4.0,16.0,12.0,December
2024-12-09,FFFF (plain with catsup medium),Sans Coffee,1,Over-prepared,8.0,8.0,12.0,December
2024-12-09,matcha espresso fusion  (iced),Signature Kôfē,4,Expired,35.0,140.0,12.0,December
2024-12-10,iced creamy barako,Sans Coffee,4,Over-prepared,24.0,96.0,12.0,December
2024-12-10,Add_on (egg),Sans Coffee,3,Over-prepared,10.0,30.0,12.0,December
2024-12-10,Ramen (regular),Mini Bites,1,Expired,17.0,17.0,12.0,December
2024-12-10,Chicken wings (1 dozen),Mini Bites,4,Over-prepared,165.0,660.0,12.0,December
2024-12-11,BFF (Better French fries) Large (cheese),Mini Bites,4,Quality issue,30.0,120.0,12.0,December
2024-12-11,white mocha (iced),Coffee Based,2,Over-prepared,45.0,90.0,12.0,December
2024-12-11,americano (iced),Coffee Based,4,Quality issue,28.0,112.0,12.0,December
2024-12-11,Add_on (seaweeds),Sans Coffee,3,Expired,8.0,24.0,12.0,December
2024-12-12,Chicken wings (3pcs),Mini Bites,1,Quality issue,45.0,45.0,12.0,December
2024-12-12,matcha Supreme latte (iced),Sans Coffee,3,Quality issue,35.0,105.0,12.0,December
2024-12-12,Sinagtala lomi 20 pax,Mini Bites,3,Expired,360.0,1080.0,12.0,December
2024-12-12,Chicken wings (extra rice ),Mini Bites,4,Over-prepared,4.0,16.0,12.0,December
2024-12-13,cappuccino  (ice),Coffee Based,3,Quality issue,32.0,96.0,12.0,December
2024-12-13,sparkling berry,Sans Coffee,2,Over-prepared,31.0,62.0,12.0,December
2024-12-13,Chicken wings (extra rice ),Mini Bites,4,Over-prepared,4.0,16.0,12.0,December
2024-12-14,FFFF (large sc),Sans Coffee,4,Over-prepared,18.0,72.0,12.0,December
2024-12-14,Add_on (kimchi),Sans Coffee,3,Expired,15.0,45.0,12.0,December
2024-12-14,Product Name (special b),Sans Coffee,4,Quality issue,46.0,184.0,12.0,December
2024-12-14,Chicken wings (1 dozen),Mini Bites,4,Spoiled,165.0,660.0,12.0,December
2024-12-14,the Christmas drink (iced),Signature Kôfē,2,Over-prepared,34.0,68.0,12.0,December
2024-12-14,triple caramel ,Kôfē Frappé,4,Expired,38.0,152.0,12.0,December
2024-12-15,matcha Supreme latte (hot),Sans Coffee,1,Spoiled,32.0,32.0,12.0,December
2024-12-15,premium barako,Sans Coffee,2,Spoiled,15.0,30.0,12.0,December
2024-12-15,Add_on (cheese),Sans Coffee,1,Expired,12.0,12.0,12.0,December
2024-12-15,Choco caramel decadence,Sans Coffee,3,Over-prepared,45.0,135.0,12.0,December
2024-12-15,choco coated waffle,Sans Coffee,4,Quality issue,21.0,84.0,12.0,December
2024-12-16,BFF (Better French fries)medium  (large),Mini Bites,4,Spoiled,27.0,108.0,12.0,December
2024-12-16,caramel macchiato  (iced),Coffee Based,2,Expired,35.0,70.0,12.0,December
2024-12-16,BFF (Better French fries) Large (cheese ),Mini Bites,1,Expired,28.0,28.0,12.0,December
2024-12-17,BFF (Better French fries) Large (cheese),Mini Bites,1,Over-prepared,30.0,30.0,12.0,December
2024-12-17,FFFF (large bbq),Sans Coffee,2,Over-prepared,18.0,36.0,12.0,December
2024-12-17,kofetala special blend ,Sans Coffee,1,Spoiled,34.0,34.0,12.0,December
2024-12-17,white mocha  (iced),Coffee Based,4,Quality issue,35.0,140.0,12.0,December
2024-12-17,Sinagtala lomi 20 pax,Mini Bites,1,Spoiled,360.0,360.0,12.0,December
2024-12-18,Brownies ,Sans Coffee,2,Quality issue,21.0,42.0,12.0,December
2024-12-18,Belgian waffle  (strawberry chocolate ),Sans Coffee,1,Over-prepared,27.0,27.0,12.0,December
2024-12-18,Add_on (seaweeds),Sans Coffee,5,Over-prepared,8.0,40.0,12.0,December
2024-12-18,Iced honey shaken espresso ,Signature Kôfē,4,Expired,36.0,144.0,12.0,December
2024-12-19,Cold brew with foamy vanilla ,Sans Coffee,4,Over-prepared,31.0,124.0,12.0,December
2024-12-19,Chicken fillet,Mini Bites,3,Over-prepared,45.0,135.0,12.0,December
2024-12-19,Coffee Syphon (arabica),Sans Coffee,4,Over-prepared,30.0,120.0,12.0,December
2024-12-19,Chicken wings (3pcs),Mini Bites,4,Quality issue,45.0,180.0,12.0,December
2024-12-20,iced creamy barako,Sans Coffee,2,Spoiled,24.0,48.0,12.0,December
2024-12-20,Chicken wings (half dozen),Mini Bites,3,Expired,82.0,246.0,12.0,December
2024-12-20,caramel macchiato (hot),Coffee Based,3,Over-prepared,42.0,126.0,12.0,December
2024-12-20,FFFF (large sc),Sans Coffee,5,Spoiled,18.0,90.0,12.0,December
2024-12-21,mocha (hot),Coffee Based,1,Over-prepared,31.0,31.0,12.0,December
2024-12-21,street food sampler (large),Sans Coffee,1,Over-prepared,28.0,28.0,12.0,December
2024-12-21,Add_on (kimchi),Sans Coffee,5,Over-prepared,15.0,75.0,12.0,December
2024-12-21,Chicken wings (extra rice ),Mini Bites,1,Spoiled,4.0,4.0,12.0,December
2024-12-22,BFF (Better French fries)medium  (bbq ),Mini Bites,4,Expired,16.0,64.0,12.0,December
2024-12-22,hot creamy barako,Sans Coffee,4,Over-prepared,19.0,76.0,12.0,December
2024-12-22,BFF (Better French fries) Large (bbq),Mini Bites,4,Over-prepared,28.0,112.0,12.0,December
2024-12-22,Belgian waffle  (strawberry chocolate ),Sans Coffee,1,Over-prepared,27.0,27.0,12.0,December
2024-12-22,caramel macchiato  (hot),Coffee Based,2,Expired,32.0,64.0,12.0,December
2024-12-23,the Christmas drink (iced),Signature Kôfē,4,Over-prepared,34.0,136.0,12.0,December
2024-12-23,Add_on (cheese),Sans Coffee,4,Over-prepared,12.0,48.0,12.0,December
2024-12-23,white mocha (hot),Coffee Based,4,Quality issue,42.0,168.0,12.0,December
2024-12-23,iced premium barako,Sans Coffee,1,Quality issue,21.0,21.0,12.0,December
2024-12-24,Choco caramel decadence,Sans Coffee,3,Spoiled,45.0,135.0,12.0,December
2024-12-24,cappuccino  (ice),Coffee Based,3,Over-prepared,32.0,96.0,12.0,December
2024-12-24,Overload lomi (malapot),Mini Bites,3,Over-prepared,99.0,297.0,12.0,December
2024-12-24,6 Chicken wings ,Mini Bites,1,Over-prepared,82.0,82.0,12.0,December
2024-12-25,extra shot,Sans Coffee,1,Quality issue,16.0,16.0,12.0,December
2024-12-25,the SM tea,Sans Coffee,4,Quality issue,37.0,148.0,12.0,December
2024-12-25,white mocha (hot),Coffee Based,1,Expired,42.0,42.0,12.0,December
2024-12-26,caramel macchiato (hot),Coffee Based,3,Spoiled,42.0,126.0,12.0,December
2024-12-26,premium barako,Sans Coffee,3,Expired,15.0,45.0,12.0,December
2024-12-26,Chicken pops (bbq),Mini Bites,2,Over-prepared,50.0,100.0,12.0,December
2024-12-26,Choco caramel decadence,Sans Coffee,2,Over-prepared,45.0,90.0,12.0,December
2024-12-27,caramel macchiato  (iced),Coffee Based,1,Over-prepared,35.0,35.0,12.0,December
2024-12-27,americano (hot),Coffee Based,4,Spoiled,26.0,104.0,12.0,December
2024-12-27,street food sampler (large),Sans Coffee,3,Over-prepared,28.0,84.0,12.0,December
2024-12-27,FFFF (large sc),Sans Coffee,3,Expired,18.0,54.0,12.0,December
2024-12-28,super mocha ,Kôfē Frappé,2,Spoiled,38.0,76.0,12.0,December
2024-12-28,Whipped Americano,Signature Kôfē,1,Expired,36.0,36.0,12.0,December
2024-12-28,Chicken wings (extra rice ),Mini Bites,1,Over-prepared,4.0,4.0,12.0,December
2024-12-28,extra shot,Sans Coffee,3,Expired,16.0,48.0,12.0,December
2024-12-29,brownie,Sans Coffee,5,Expired,21.0,105.0,12.0,December
2024-12-29,simple milk tea ,Sans Coffee,3,Over-prepared,28.0,84.0,12.0,December
2024-12-29,super mocha ,Kôfē Frappé,5,Spoiled,38.0,190.0,12.0,December
2024-12-29,BFF (Better French fries)medium  (sour cream),Mini Bites,3,Over-prepared,16.0,48.0,12.0,December
2024-12-29,oreo overload Frappe ,Kôfē Frappé,4,Over-prepared,37.0,148.0,12.0,December
2024-12-30,white mocha (iced),Coffee Based,2,Expired,45.0,90.0,12.0,December
2024-12-30,iced creamy barako,Sans Coffee,3,Over-prepared,24.0,72.0,12.0,December
2024-12-30,Chicken fillet,Mini Bites,4,Spoiled,45.0,180.0,12.0,December
2024-12-30,Product Name (regular ),Sans Coffee,4,Spoiled,18.0,72.0,12.0,December
2024-12-31,iced premium barako,Sans Coffee,3,Quality issue,21.0,63.0,12.0,December
2024-12-31,Chicken wings (1 dozen),Mini Bites,3,Expired,165.0,495.0,12.0,December
2024-12-31,Ramen (regular),Mini Bites,1,Over-prepared,17.0,17.0,12.0,December
2024-12-31,triple caramel,Kôfē Frappé,1,Over-prepared,48.0,48.0,12.0,December
2024-12-31,matcha espresso fusion  (hot),Signature Kôfē,3,Spoiled,32.0,96.0,12.0,December
2025-01-01,Whipped Americano,Signature Kôfē,1,Over-prepared,36.0,36.0,1.0,January
2025-01-01,BFF (Better French fries)medium  (sour cream),Mini Bites,1,Spoiled,16.0,16.0,1.0,January
2025-01-01,Product Name (regular ),Sans Coffee,1,Over-prepared,18.0,18.0,1.0,January
2025-01-01,BFF (Better French fries)medium  ( cheese ),Mini Bites,5,Over-prepared,16.0,80.0,1.0,January
2025-01-02,mocha (hot),Coffee Based,3,Expired,31.0,93.0,1.0,January
2025-01-02,hot cocoa latte ,Sans Coffee,4,Quality issue,32.0,128.0,1.0,January
2025-01-02,Chiz melt  (spam lite),Mini Bites,3,Expired,27.0,81.0,1.0,January
2025-01-02,FFFF (large bbq),Sans Coffee,1,Over-prepared,18.0,18.0,1.0,January
2025-01-03,caramel macchiato (iced),Coffee Based,5,Expired,45.0,225.0,1.0,January
2025-01-03,drip coffee (8 bags/pouch) (barako),Sans Coffee,3,Expired,37.0,111.0,1.0,January
2025-01-03,6 Chicken wings ,Mini Bites,3,Expired,82.0,246.0,1.0,January
2025-01-03,cappuccino  (hot),Coffee Based,3,Spoiled,29.0,87.0,1.0,January
2025-01-04,cappuccino  (hot),Coffee Based,4,Expired,29.0,116.0,1.0,January
2025-01-04,the SM tea,Sans Coffee,3,Quality issue,37.0,111.0,1.0,January
2025-01-04,Chiz melt  (spam lite),Mini Bites,3,Expired,27.0,81.0,1.0,January
2025-01-04,Drip coffee  (barako),Sans Coffee,4,Over-prepared,17.0,68.0,1.0,January
2025-01-04,super mocha ,Kôfē Frappé,2,Spoiled,38.0,76.0,1.0,January
2025-01-05,Choco caramel decadence,Sans Coffee,4,Over-prepared,45.0,180.0,1.0,January
2025-01-05,Spanish latte (iced),Coffee Based,1,Over-prepared,32.0,32.0,1.0,January
2025-01-05,the super charged (25% more coffee)  (hot),Sans Coffee,2,Over-prepared,31.0,62.0,1.0,January
2025-01-05,mango banana milk shake ,Kôfē Frappé,4,Spoiled,35.0,140.0,1.0,January
2025-01-05,the SM tea,Sans Coffee,4,Quality issue,37.0,148.0,1.0,January
2025-01-06,white mocha (iced),Coffee Based,1,Expired,45.0,45.0,1.0,January
2025-01-06,Extra Rice,Sans Coffee,1,Spoiled,5.0,5.0,1.0,January
2025-01-06,matcha Supreme latte (hot),Sans Coffee,4,Expired,32.0,128.0,1.0,January
2025-01-06,French fries Spicy barbecue  (medium ),Mini Bites,1,Spoiled,18.0,18.0,1.0,January
2025-01-07,white mocha  (hot),Coffee Based,4,Over-prepared,32.0,128.0,1.0,January
2025-01-07,street food sampler (medium),Sans Coffee,1,Quality issue,16.0,16.0,1.0,January
2025-01-07,French fries Spicy barbecue  (large ),Mini Bites,1,Expired,30.0,30.0,1.0,January
2025-01-07,Drip coffee  (barako),Sans Coffee,5,Quality issue,17.0,85.0,1.0,January
2025-01-07,BFF (Better French fries)medium  (bbq ),Mini Bites,1,Spoiled,16.0,16.0,1.0,January
2025-01-08,cappuccino  (ice),Coffee Based,1,Expired,32.0,32.0,1.0,January
2025-01-08,BFF (Better French fries)medium  (bbq ),Mini Bites,1,Over-prepared,16.0,16.0,1.0,January
2025-01-08,BFF (Better French fries)medium  (medium ),Mini Bites,4,Spoiled,15.0,60.0,1.0,January
2025-01-08,Coffee Syphon (arabica),Sans Coffee,1,Spoiled,30.0,30.0,1.0,January
2025-01-09,the Christmas drink (hot ),Signature Kôfē,1,Expired,32.0,32.0,1.0,January
2025-01-09,BFF (Better French fries) Large (bbq),Mini Bites,4,Over-prepared,28.0,112.0,1.0,January
2025-01-09,choco coated waffle,Sans Coffee,4,Spoiled,21.0,84.0,1.0,January
2025-01-09,Strawberry Reverie ,Sans Coffee,3,Over-prepared,39.0,117.0,1.0,January
2025-01-10,belgian waffle plain ,Sans Coffee,2,Expired,21.0,42.0,1.0,January
2025-01-10,Coffee Syphon (arabica),Sans Coffee,4,Over-prepared,30.0,120.0,1.0,January
2025-01-10,drip coffee (8 bags/pouch) (barako),Sans Coffee,4,Expired,37.0,148.0,1.0,January
2025-01-10,street food sampler (medium),Sans Coffee,4,Quality issue,16.0,64.0,1.0,January
2025-01-11,French fries Spicy barbecue  (medium ),Mini Bites,4,Expired,18.0,72.0,1.0,January
2025-01-11,strawberry latte,Sans Coffee,1,Spoiled,36.0,36.0,1.0,January
2025-01-11,triple caramel,Kôfē Frappé,1,Expired,48.0,48.0,1.0,January
2025-01-11,BFF (Better French fries) Large (cheese ),Mini Bites,3,Expired,28.0,84.0,1.0,January
2025-01-11,latte,Coffee Based,3,Over-prepared,42.0,126.0,1.0,January
2025-01-12,FFFF (large sc),Sans Coffee,2,Over-prepared,18.0,36.0,1.0,January
2025-01-12,cappuccino  (ice),Coffee Based,2,Over-prepared,32.0,64.0,1.0,January
2025-01-12,Drip coffee  (barako),Sans Coffee,1,Expired,17.0,17.0,1.0,January
2025-01-12,mocha (hot),Coffee Based,1,Spoiled,31.0,31.0,1.0,January
2025-01-12,premium barako,Sans Coffee,1,Expired,15.0,15.0,1.0,January
2025-01-13,matcha Supreme latte (iced),Sans Coffee,2,Expired,35.0,70.0,1.0,January
2025-01-13,caramel macchiato  (iced),Coffee Based,3,Over-prepared,35.0,105.0,1.0,January
2025-01-13,extra shot,Sans Coffee,4,Over-prepared,16.0,64.0,1.0,January
2025-01-13,hot creamy barako,Sans Coffee,5,Quality issue,19.0,95.0,1.0,January
2025-01-14,Drip coffee  (barako),Sans Coffee,4,Spoiled,17.0,68.0,1.0,January
2025-01-14,Extra Rice,Sans Coffee,4,Quality issue,5.0,20.0,1.0,January
2025-01-14,iced creamy barako,Sans Coffee,1,Over-prepared,24.0,24.0,1.0,January
2025-01-14,Chicken wings (extra rice ),Mini Bites,1,Over-prepared,4.0,4.0,1.0,January
2025-01-14,Cold brew with foamy vanilla ,Sans Coffee,5,Spoiled,31.0,155.0,1.0,January
2025-01-15,street food sampler (large),Sans Coffee,3,Spoiled,28.0,84.0,1.0,January
2025-01-15,blended cappuccino ,Kôfē Frappé,1,Over-prepared,33.0,33.0,1.0,January
2025-01-15,Add_on (seaweeds),Sans Coffee,1,Spoiled,8.0,8.0,1.0,January
2025-01-15,Chiz melt  (bacon),Mini Bites,1,Expired,28.0,28.0,1.0,January
2025-01-16,Add_on (seaweeds),Sans Coffee,4,Expired,8.0,32.0,1.0,January
2025-01-16,drip coffee (8 bags/pouch) (barako),Sans Coffee,1,Expired,37.0,37.0,1.0,January
2025-01-16,belgian waffle plain ,Sans Coffee,2,Over-prepared,21.0,42.0,1.0,January
2025-01-16,dirty coffee shake ,Kôfē Frappé,4,Spoiled,38.0,152.0,1.0,January
2025-01-16,FFFF (plain with catsup medium),Sans Coffee,1,Expired,8.0,8.0,1.0,January
2025-01-17,americano (hot),Coffee Based,1,Over-prepared,26.0,26.0,1.0,January
2025-01-17,triple caramel,Kôfē Frappé,3,Expired,48.0,144.0,1.0,January
2025-01-17,Chiz melt  (bacon),Mini Bites,1,Expired,28.0,28.0,1.0,January
2025-01-17,simple milk tea ,Sans Coffee,3,Over-prepared,28.0,84.0,1.0,January
2025-01-17,BFF (Better French fries) Large (cheese),Mini Bites,5,Spoiled,30.0,150.0,1.0,January
2025-01-18,white mocha (iced),Coffee Based,4,Quality issue,45.0,180.0,1.0,January
2025-01-18,triple caramel,Kôfē Frappé,5,Spoiled,48.0,240.0,1.0,January
2025-01-18,FFFF (large bbq),Sans Coffee,1,Expired,18.0,18.0,1.0,January
2025-01-18,sparkling berry,Sans Coffee,1,Over-prepared,31.0,31.0,1.0,January
2025-01-18,brownie,Sans Coffee,3,Over-prepared,21.0,63.0,1.0,January
2025-01-18,the SM tea,Sans Coffee,4,Quality issue,37.0,148.0,1.0,January
2025-01-19,6 Chicken wings ,Mini Bites,5,Over-prepared,82.0,410.0,1.0,January
2025-01-19,matcha espresso fusion  (iced),Signature Kôfē,3,Spoiled,35.0,105.0,1.0,January
2025-01-19,the super charged (25% more coffee)  (iced),Sans Coffee,3,Over-prepared,34.0,102.0,1.0,January
2025-01-19,street food sampler (large),Sans Coffee,3,Over-prepared,28.0,84.0,1.0,January
2025-01-19,FFFF (large sc),Sans Coffee,4,Spoiled,18.0,72.0,1.0,January
2025-01-20,Extra Rice,Sans Coffee,2,Over-prepared,5.0,10.0,1.0,January
2025-01-20,Cookies ,Sans Coffee,4,Over-prepared,18.0,72.0,1.0,January
2025-01-20,Chicken wings (half dozen),Mini Bites,3,Over-prepared,82.0,246.0,1.0,January
2025-01-20,choco dinosaur latte,Sans Coffee,4,Expired,35.0,140.0,1.0,January
2025-01-20,hot citron tea,Sans Coffee,5,Over-prepared,22.0,110.0,1.0,January
2025-01-21,BFF (Better French fries)medium  (bbq ),Mini Bites,4,Over-prepared,16.0,64.0,1.0,January
2025-01-21,6 Chicken wings ,Mini Bites,3,Over-prepared,82.0,246.0,1.0,January
2025-01-21,Sinagtala lomi 20 pax,Mini Bites,4,Expired,360.0,1440.0,1.0,January
2025-01-21,Belgian waffle  (mango caramel ),Sans Coffee,5,Over-prepared,27.0,135.0,1.0,January
2025-01-21,the super charged (25% more coffee)  (hot),Sans Coffee,1,Expired,31.0,31.0,1.0,January
2025-01-22,simple milk tea ,Sans Coffee,2,Expired,28.0,56.0,1.0,January
2025-01-22,Chiz melt (bacon),Mini Bites,1,Over-prepared,30.0,30.0,1.0,January
2025-01-22,the Christmas drink (hot ),Signature Kôfē,1,Over-prepared,32.0,32.0,1.0,January
2025-01-22,Spanish latte (hot),Coffee Based,3,Quality issue,29.0,87.0,1.0,January
2025-01-23,americano (hot),Coffee Based,4,Over-prepared,26.0,104.0,1.0,January
2025-01-23,Chiz melt  (spam lite),Mini Bites,4,Expired,27.0,108.0,1.0,January
2025-01-23,Strawberry Reverie ,Sans Coffee,1,Over-prepared,39.0,39.0,1.0,January
2025-01-23,BFF (Better French fries)medium  (medium ),Mini Bites,3,Expired,15.0,45.0,1.0,January
2025-01-23,Product Name (special a),Sans Coffee,3,Spoiled,41.0,123.0,1.0,January
2025-01-24,strawberry latte,Sans Coffee,1,Quality issue,36.0,36.0,1.0,January
2025-01-24,BFF (Better French fries) Large (cheese),Mini Bites,1,Spoiled,30.0,30.0,1.0,January
2025-01-24,Strawberry Reverie ,Sans Coffee,1,Expired,39.0,39.0,1.0,January
2025-01-24,street food sampler (medium),Sans Coffee,1,Expired,16.0,16.0,1.0,January
2025-01-24,BFF (Better French fries)medium  ( cheese ),Mini Bites,4,Quality issue,16.0,64.0,1.0,January
2025-01-25,BFF (Better French fries)medium  (sour cream),Mini Bites,3,Over-prepared,16.0,48.0,1.0,January
2025-01-25,matcha espresso fusion  (hot),Signature Kôfē,4,Expired,32.0,128.0,1.0,January
2025-01-25,oreo overload Frappe,Kôfē Frappé,5,Spoiled,48.0,240.0,1.0,January
2025-01-25,simple milk tea ,Sans Coffee,1,Spoiled,28.0,28.0,1.0,January
2025-01-25,BFF (Better French fries) Large (cheese ),Mini Bites,1,Over-prepared,28.0,28.0,1.0,January
2025-01-25,extra shot,Sans Coffee,4,Over-prepared,16.0,64.0,1.0,January
2025-01-26,Overload lomi (malapot),Mini Bites,3,Over-prepared,99.0,297.0,1.0,January
2025-01-26,Cookies ,Sans Coffee,1,Over-prepared,18.0,18.0,1.0,January
2025-01-26,BFF (Better French fries)medium  (medium ),Mini Bites,4,Expired,15.0,60.0,1.0,January
2025-01-26,mango banana milk shake ,Kôfē Frappé,1,Expired,35.0,35.0,1.0,January
2025-01-26,latte,Coffee Based,4,Expired,42.0,168.0,1.0,January
2025-01-26,drip coffee (8 bags/pouch) (arabica),Sans Coffee,2,Quality issue,62.0,124.0,1.0,January
2025-01-27, latte ,Coffee Based,5,Over-prepared,29.0,145.0,1.0,January
2025-01-27,mocha (hot),Coffee Based,4,Over-prepared,31.0,124.0,1.0,January
2025-01-27,brownie,Sans Coffee,3,Over-prepared,21.0,63.0,1.0,January
2025-01-27,Belgian waffle  (strawberry chocolate ),Sans Coffee,4,Spoiled,27.0,108.0,1.0,January
2025-01-27,hot citron tea,Sans Coffee,4,Spoiled,22.0,88.0,1.0,January
2025-01-28,premium barako,Sans Coffee,4,Expired,15.0,60.0,1.0,January
2025-01-28,dirty coffee shake ,Kôfē Frappé,4,Quality issue,38.0,152.0,1.0,January
2025-01-28,white mocha  (hot),Coffee Based,2,Expired,32.0,64.0,1.0,January
2025-01-28,Whipped Americano,Signature Kôfē,3,Over-prepared,36.0,108.0,1.0,January
2025-01-28,latte,Coffee Based,4,Over-prepared,42.0,168.0,1.0,January
2025-01-29,street food sampler (medium),Sans Coffee,4,Quality issue,16.0,64.0,1.0,January
2025-01-29,BFF (Better French fries)medium  (large),Mini Bites,2,Spoiled,27.0,54.0,1.0,January
2025-01-29,Chiz melt (bacon),Mini Bites,4,Spoiled,30.0,120.0,1.0,January
2025-01-29,Chicken pops (bbq),Mini Bites,1,Spoiled,50.0,50.0,1.0,January
2025-01-29,oreo overload Frappe ,Kôfē Frappé,3,Quality issue,37.0,111.0,1.0,January
2025-01-30,Whipped Americano,Signature Kôfē,4,Over-prepared,36.0,144.0,1.0,January
2025-01-30,the Christmas drink (iced),Signature Kôfē,2,Over-prepared,34.0,68.0,1.0,January
2025-01-30,Spanish latte (hot),Coffee Based,4,Over-prepared,29.0,116.0,1.0,January
2025-01-30,Add_on (seaweeds),Sans Coffee,3,Quality issue,8.0,24.0,1.0,January
2025-01-30,Chicken wings (1 dozen),Mini Bites,5,Quality issue,165.0,825.0,1.0,January
2025-01-31,Iced honey shaken espresso ,Signature Kôfē,1,Over-prepared,36.0,36.0,1.0,January
2025-01-31,street food sampler (medium),Sans Coffee,3,Over-prepared,16.0,48.0,1.0,January
2025-01-31,caramel macchiato  (iced),Coffee Based,3,Over-prepared,35.0,105.0,1.0,January
2025-01-31,strawberry latte,Sans Coffee,3,Spoiled,36.0,108.0,1.0,January
2025-02-01,matcha Supreme latte (iced),Sans Coffee,4,Spoiled,35.0,140.0,2.0,February
2025-02-01,matcha espresso fusion  (iced),Signature Kôfē,4,Over-prepared,35.0,140.0,2.0,February
2025-02-01,Product Name (special b),Sans Coffee,1,Over-prepared,46.0,46.0,2.0,February
2025-02-01,Overload lomi (malabnaw),Mini Bites,2,Over-prepared,99.0,198.0,2.0,February
2025-02-01,BFF (Better French fries)medium  (large),Mini Bites,4,Over-prepared,27.0,108.0,2.0,February
2025-02-01,Belgian waffle  (peanut butter ),Sans Coffee,3,Over-prepared,25.0,75.0,2.0,February
2025-02-02,extra shot,Sans Coffee,5,Expired,16.0,80.0,2.0,February
2025-02-02,americano (iced),Coffee Based,5,Expired,28.0,140.0,2.0,February
2025-02-02,Overload lomi (malapot),Mini Bites,1,Over-prepared,99.0,99.0,2.0,February
2025-02-02,oreo overload Frappe,Kôfē Frappé,5,Expired,48.0,240.0,2.0,February
2025-02-02,Spanish latte (iced),Coffee Based,1,Over-prepared,32.0,32.0,2.0,February
2025-02-03,Add_on (cheese),Sans Coffee,1,Spoiled,12.0,12.0,2.0,February
2025-02-03,Choco caramel decadence,Sans Coffee,4,Spoiled,45.0,180.0,2.0,February
2025-02-03,BFF (Better French fries)medium  ( cheese ),Mini Bites,4,Expired,16.0,64.0,2.0,February
2025-02-03,Add_on (egg),Sans Coffee,1,Expired,10.0,10.0,2.0,February
2025-02-03,mango banana milk shake ,Kôfē Frappé,2,Over-prepared,35.0,70.0,2.0,February
2025-02-04,Cookies ,Sans Coffee,5,Expired,18.0,90.0,2.0,February
2025-02-04,Sinagtala lomi 20 pax,Mini Bites,3,Spoiled,360.0,1080.0,2.0,February
2025-02-04,Extra Rice,Sans Coffee,4,Spoiled,5.0,20.0,2.0,February
2025-02-04,mocha (iced),Coffee Based,5,Expired,35.0,175.0,2.0,February
2025-02-04,matcha espresso fusion  (iced),Signature Kôfē,1,Over-prepared,35.0,35.0,2.0,February
2025-02-05,the super charged (25% more coffee)  (iced),Sans Coffee,5,Expired,34.0,170.0,2.0,February
2025-02-05,FFFF (plain with catsup medium),Sans Coffee,1,Over-prepared,8.0,8.0,2.0,February
2025-02-05,Add_on (kimchi),Sans Coffee,2,Over-prepared,15.0,30.0,2.0,February
2025-02-05,FFFF (large sc),Sans Coffee,1,Over-prepared,18.0,18.0,2.0,February
2025-02-05,Product Name (regular ),Sans Coffee,5,Over-prepared,18.0,90.0,2.0,February
2025-02-06,French fries Spicy barbecue  (medium ),Mini Bites,4,Over-prepared,18.0,72.0,2.0,February
2025-02-06,Spanish latte (hot),Coffee Based,3,Expired,29.0,87.0,2.0,February
2025-02-06,Cold brew with foamy vanilla ,Sans Coffee,3,Over-prepared,31.0,93.0,2.0,February
2025-02-06,Belgian waffle  (mango caramel ),Sans Coffee,3,Quality issue,27.0,81.0,2.0,February
2025-02-06,kofetala special blend ,Sans Coffee,4,Over-prepared,34.0,136.0,2.0,February
2025-02-07,dalgona ,Signature Kôfē,3,Spoiled,32.0,96.0,2.0,February
2025-02-07,BFF (Better French fries) Large (cheese),Mini Bites,1,Spoiled,30.0,30.0,2.0,February
2025-02-07,BFF (Better French fries)medium  (bbq ),Mini Bites,3,Spoiled,16.0,48.0,2.0,February
2025-02-07,Spanish latte (hot),Coffee Based,4,Over-prepared,29.0,116.0,2.0,February
2025-02-07,choco dinosaur latte,Sans Coffee,3,Over-prepared,35.0,105.0,2.0,February
2025-02-08,Whipped Americano,Signature Kôfē,5,Over-prepared,36.0,180.0,2.0,February
2025-02-08,iced premium barako,Sans Coffee,3,Expired,21.0,63.0,2.0,February
2025-02-08,caramel macchiato (iced),Coffee Based,4,Expired,45.0,180.0,2.0,February
2025-02-08,Spanish latte (hot),Coffee Based,4,Expired,29.0,116.0,2.0,February
2025-02-08,white mocha  (hot),Coffee Based,3,Over-prepared,32.0,96.0,2.0,February
2025-02-08,French fries Spicy barbecue  (large ),Mini Bites,1,Quality issue,30.0,30.0,2.0,February
2025-02-08,drip coffee (8 bags/pouch) (arabica),Sans Coffee,1,Spoiled,62.0,62.0,2.0,February
2025-02-09,BFF (Better French fries) Large (cheese ),Mini Bites,5,Expired,28.0,140.0,2.0,February
2025-02-09,drip coffee (8 bags/pouch) (barako),Sans Coffee,4,Expired,37.0,148.0,2.0,February
2025-02-09,Brownies ,Sans Coffee,5,Over-prepared,21.0,105.0,2.0,February
2025-02-09,white mocha  (hot),Coffee Based,2,Over-prepared,32.0,64.0,2.0,February
2025-02-09,premium barako,Sans Coffee,1,Quality issue,15.0,15.0,2.0,February
2025-02-09,triple caramel ,Kôfē Frappé,3,Expired,38.0,114.0,2.0,February
2025-02-10,hot citron tea,Sans Coffee,4,Over-prepared,22.0,88.0,2.0,February
2025-02-10,Chicken wings (half dozen),Mini Bites,3,Expired,82.0,246.0,2.0,February
2025-02-10,6 Chicken wings ,Mini Bites,3,Spoiled,82.0,246.0,2.0,February
2025-02-10,Brownies ,Sans Coffee,1,Spoiled,21.0,21.0,2.0,February
2025-02-10,Chicken wings (extra rice ),Mini Bites,4,Expired,4.0,16.0,2.0,February
2025-02-11,cappuccino  (ice),Coffee Based,1,Spoiled,32.0,32.0,2.0,February
2025-02-11,Product Name (special a),Sans Coffee,1,Expired,41.0,41.0,2.0,February
2025-02-11,extra shot,Sans Coffee,4,Over-prepared,16.0,64.0,2.0,February
2025-02-11,hot citron tea,Sans Coffee,1,Spoiled,22.0,22.0,2.0,February
2025-02-12,matcha espresso fusion  (iced),Signature Kôfē,4,Spoiled,35.0,140.0,2.0,February
2025-02-12,Add_on (kimchi),Sans Coffee,1,Over-prepared,15.0,15.0,2.0,February
2025-02-12,choco coated waffle,Sans Coffee,1,Over-prepared,21.0,21.0,2.0,February
2025-02-12,belgian waffle plain ,Sans Coffee,1,Over-prepared,21.0,21.0,2.0,February
2025-02-12,mocha (hot),Coffee Based,3,Over-prepared,31.0,93.0,2.0,February
2025-02-13,extra shot,Sans Coffee,3,Over-prepared,16.0,48.0,2.0,February
2025-02-13,iced creamy barako,Sans Coffee,3,Spoiled,24.0,72.0,2.0,February
2025-02-13,mocha (hot),Coffee Based,1,Spoiled,31.0,31.0,2.0,February
2025-02-13,Chicken fillet,Mini Bites,4,Spoiled,45.0,180.0,2.0,February
2025-02-13,Chicken wings (1 dozen),Mini Bites,1,Expired,165.0,165.0,2.0,February
2025-02-14,French fries plain (large),Mini Bites,4,Over-prepared,90.0,360.0,2.0,February
2025-02-14,choco coated waffle,Sans Coffee,5,Spoiled,21.0,105.0,2.0,February
2025-02-14,kofetala special blend ,Sans Coffee,3,Expired,34.0,102.0,2.0,February
2025-02-14,street food sampler (large),Sans Coffee,3,Spoiled,28.0,84.0,2.0,February
2025-02-14,Belgian waffle  (mango caramel ),Sans Coffee,1,Expired,27.0,27.0,2.0,February
2025-02-15,choco coated waffle,Sans Coffee,2,Over-prepared,21.0,42.0,2.0,February
2025-02-15,BFF (Better French fries) Large (bbq),Mini Bites,4,Over-prepared,28.0,112.0,2.0,February
2025-02-15,Chicken wings (extra rice ),Mini Bites,4,Over-prepared,4.0,16.0,2.0,February
2025-02-15,iced creamy barako,Sans Coffee,1,Spoiled,24.0,24.0,2.0,February
2025-02-15,Overload lomi (malapot),Mini Bites,3,Over-prepared,99.0,297.0,2.0,February
2025-02-15,dirty coffee shake ,Kôfē Frappé,3,Over-prepared,38.0,114.0,2.0,February
2025-02-15,Coffee Syphon (arabica),Sans Coffee,1,Over-prepared,30.0,30.0,2.0,February
2025-02-16,Chicken pops (bbq),Mini Bites,4,Over-prepared,50.0,200.0,2.0,February
2025-02-16,drip coffee (8 bags/pouch) (arabica),Sans Coffee,2,Quality issue,62.0,124.0,2.0,February
2025-02-16,Overload lomi (malapot),Mini Bites,1,Over-prepared,99.0,99.0,2.0,February
2025-02-16,BFF (Better French fries)medium  (medium ),Mini Bites,3,Expired,15.0,45.0,2.0,February
2025-02-16,triple caramel ,Kôfē Frappé,4,Over-prepared,38.0,152.0,2.0,February
2025-02-16,6 Chicken wings ,Mini Bites,4,Over-prepared,82.0,328.0,2.0,February
2025-02-17,iced premium barako,Sans Coffee,1,Quality issue,21.0,21.0,2.0,February
2025-02-17,hot citron tea,Sans Coffee,2,Expired,22.0,44.0,2.0,February
2025-02-17,Spanish latte (hot),Coffee Based,3,Over-prepared,29.0,87.0,2.0,February
2025-02-17,sparkling berry,Sans Coffee,2,Expired,31.0,62.0,2.0,February
2025-02-17,matcha espresso fusion  (iced),Signature Kôfē,3,Over-prepared,35.0,105.0,2.0,February
2025-02-18,choco dinosaur latte,Sans Coffee,2,Over-prepared,35.0,70.0,2.0,February
2025-02-18,FFFF (large sc),Sans Coffee,1,Expired,18.0,18.0,2.0,February
2025-02-18,sparkling berry,Sans Coffee,1,Expired,31.0,31.0,2.0,February
2025-02-18,white mocha  (iced),Coffee Based,4,Over-prepared,35.0,140.0,2.0,February
2025-02-18,strawberry latte,Sans Coffee,4,Over-prepared,36.0,144.0,2.0,February
2025-02-19,Belgian waffle  (mango caramel ),Sans Coffee,4,Expired,27.0,108.0,2.0,February
2025-02-19,French fries Spicy barbecue  (large ),Mini Bites,1,Over-prepared,30.0,30.0,2.0,February
2025-02-19,Add_on (seaweeds),Sans Coffee,4,Expired,8.0,32.0,2.0,February
2025-02-19,hot creamy barako,Sans Coffee,4,Expired,19.0,76.0,2.0,February
2025-02-19,Add_on (cheese),Sans Coffee,5,Expired,12.0,60.0,2.0,February
2025-02-20,Drip coffee  (barako),Sans Coffee,1,Over-prepared,17.0,17.0,2.0,February
2025-02-20,Iced honey shaken espresso ,Signature Kôfē,3,Spoiled,36.0,108.0,2.0,February
2025-02-20,hot creamy barako,Sans Coffee,5,Quality issue,19.0,95.0,2.0,February
2025-02-20,caramel macchiato (iced),Coffee Based,2,Spoiled,45.0,90.0,2.0,February
2025-02-20,Chicken wings (3pcs),Mini Bites,2,Over-prepared,45.0,90.0,2.0,February
2025-02-21,matcha Supreme latte (iced),Sans Coffee,3,Over-prepared,35.0,105.0,2.0,February
2025-02-21,Belgian waffle  (strawberry chocolate ),Sans Coffee,1,Over-prepared,27.0,27.0,2.0,February
2025-02-21,Overload lomi (malabnaw),Mini Bites,1,Expired,99.0,99.0,2.0,February
2025-02-21,americano (hot),Coffee Based,3,Spoiled,26.0,78.0,2.0,February
2025-02-21,blended cappuccino ,Kôfē Frappé,1,Over-prepared,33.0,33.0,2.0,February
2025-02-22,oreo overload Frappe ,Kôfē Frappé,4,Expired,37.0,148.0,2.0,February
2025-02-22,Chicken pops (bbq),Mini Bites,4,Over-prepared,50.0,200.0,2.0,February
2025-02-22,BFF (Better French fries) Large (cheese ),Mini Bites,3,Expired,28.0,84.0,2.0,February
2025-02-22,premium barako,Sans Coffee,4,Over-prepared,15.0,60.0,2.0,February
2025-02-22,triple caramel,Kôfē Frappé,3,Expired,48.0,144.0,2.0,February
2025-02-22,Overload lomi (malabnaw),Mini Bites,4,Quality issue,99.0,396.0,2.0,February
2025-02-23,Add_on (egg),Sans Coffee,1,Over-prepared,10.0,10.0,2.0,February
2025-02-23,French fries plain (large),Mini Bites,1,Over-prepared,90.0,90.0,2.0,February
2025-02-23,Add_on (ham),Sans Coffee,1,Expired,15.0,15.0,2.0,February
2025-02-23,extra shot,Sans Coffee,5,Over-prepared,16.0,80.0,2.0,February
2025-02-23,Strawberry Reverie ,Sans Coffee,1,Expired,39.0,39.0,2.0,February
2025-02-23,Cold brew with foamy vanilla ,Sans Coffee,2,Spoiled,31.0,62.0,2.0,February
2025-02-23,the Christmas drink (iced),Signature Kôfē,3,Spoiled,34.0,102.0,2.0,February
2025-02-24,French fries plain (large),Mini Bites,3,Over-prepared,90.0,270.0,2.0,February
2025-02-24,caramel macchiato (iced),Coffee Based,4,Spoiled,45.0,180.0,2.0,February
2025-02-24,Belgian waffle  (mango caramel ),Sans Coffee,5,Expired,27.0,135.0,2.0,February
2025-02-24,Chiz melt  (spam lite),Mini Bites,5,Over-prepared,27.0,135.0,2.0,February
2025-02-24,BFF (Better French fries) Large (sour cream),Mini Bites,3,Over-prepared,28.0,84.0,2.0,February
2025-02-25,americano (iced),Coffee Based,1,Over-prepared,28.0,28.0,2.0,February
2025-02-25,BFF (Better French fries)medium  ( cheese ),Mini Bites,3,Over-prepared,16.0,48.0,2.0,February
2025-02-25,blended cappuccino ,Kôfē Frappé,3,Spoiled,33.0,99.0,2.0,February
2025-02-25,Chiz melt  (spam lite),Mini Bites,2,Spoiled,27.0,54.0,2.0,February
2025-02-26,Product Name (special b),Sans Coffee,3,Over-prepared,46.0,138.0,2.0,February
2025-02-26,kofetala special blend ,Sans Coffee,2,Over-prepared,34.0,68.0,2.0,February
2025-02-26,matcha Supreme latte (iced),Sans Coffee,4,Expired,35.0,140.0,2.0,February
2025-02-26,choco coated waffle,Sans Coffee,4,Over-prepared,21.0,84.0,2.0,February
2025-02-26,Belgian waffle  (mango caramel ),Sans Coffee,5,Over-prepared,27.0,135.0,2.0,February
2025-02-27,Chicken wings (half dozen),Mini Bites,4,Expired,82.0,328.0,2.0,February
2025-02-27,BFF (Better French fries)medium  (large),Mini Bites,3,Spoiled,27.0,81.0,2.0,February
2025-02-27,Ramen (regular),Mini Bites,1,Spoiled,17.0,17.0,2.0,February
2025-02-27,the super charged (25% more coffee)  (hot),Sans Coffee,3,Expired,31.0,93.0,2.0,February
2025-02-27,Chicken fillet,Mini Bites,3,Over-prepared,45.0,135.0,2.0,February
2025-02-28,Add_on (egg),Sans Coffee,5,Spoiled,10.0,50.0,2.0,February
2025-02-28,BFF (Better French fries) Large (cheese ),Mini Bites,5,Over-prepared,28.0,140.0,2.0,February
2025-02-28,strawberry latte,Sans Coffee,2,Expired,36.0,72.0,2.0,February
2025-02-28,blended cappuccino ,Kôfē Frappé,1,Expired,33.0,33.0,2.0,February
2025-02-28,dalgona ,Signature Kôfē,2,Spoiled,32.0,64.0,2.0,February
2025-03-01,6 Chicken wings ,Mini Bites,5,Over-prepared,82.0,410.0,3.0,March
2025-03-01,Add_on (cheese),Sans Coffee,1,Spoiled,12.0,12.0,3.0,March
2025-03-01,white mocha  (iced),Coffee Based,1,Over-prepared,35.0,35.0,3.0,March
2025-03-01,Cookies ,Sans Coffee,3,Over-prepared,18.0,54.0,3.0,March
2025-03-01,cappuccino  (hot),Coffee Based,1,Spoiled,29.0,29.0,3.0,March
2025-03-01,caramel macchiato (iced),Coffee Based,4,Expired,45.0,180.0,3.0,March
2025-03-02,latte,Coffee Based,1,Over-prepared,42.0,42.0,3.0,March
2025-03-02,street food sampler (medium),Sans Coffee,4,Over-prepared,16.0,64.0,3.0,March
2025-03-02,kofetala special blend ,Sans Coffee,3,Quality issue,34.0,102.0,3.0,March
2025-03-02,Product Name (special b),Sans Coffee,1,Over-prepared,46.0,46.0,3.0,March
2025-03-02,dirty coffee shake ,Kôfē Frappé,3,Over-prepared,38.0,114.0,3.0,March
2025-03-02,caramel macchiato (iced),Coffee Based,2,Expired,45.0,90.0,3.0,March
2025-03-03,Spanish latte (hot),Coffee Based,5,Over-prepared,29.0,145.0,3.0,March
2025-03-03,caramel macchiato (hot),Coffee Based,5,Expired,42.0,210.0,3.0,March
2025-03-03,Chicken wings (3pcs),Mini Bites,4,Expired,45.0,180.0,3.0,March
2025-03-03,French fries Spicy barbecue  (large ),Mini Bites,1,Spoiled,30.0,30.0,3.0,March
2025-03-03,oreo overload Frappe ,Kôfē Frappé,2,Expired,37.0,74.0,3.0,March
2025-03-04,Iced honey shaken espresso ,Signature Kôfē,1,Over-prepared,36.0,36.0,3.0,March
2025-03-04,FFFF (large cheese ),Sans Coffee,3,Expired,18.0,54.0,3.0,March
2025-03-04,street food sampler (large),Sans Coffee,1,Quality issue,28.0,28.0,3.0,March
2025-03-04,white mocha  (hot),Coffee Based,3,Over-prepared,32.0,96.0,3.0,March
2025-03-04,the Christmas drink (iced),Signature Kôfē,1,Spoiled,34.0,34.0,3.0,March
2025-03-05,caramel macchiato  (hot),Coffee Based,4,Over-prepared,32.0,128.0,3.0,March
2025-03-05,Overload lomi (malabnaw),Mini Bites,3,Spoiled,99.0,297.0,3.0,March
2025-03-05,Product Name (special b),Sans Coffee,3,Over-prepared,46.0,138.0,3.0,March
2025-03-05,caramel macchiato  (iced),Coffee Based,5,Spoiled,35.0,175.0,3.0,March
2025-03-05,brownie,Sans Coffee,3,Over-prepared,21.0,63.0,3.0,March
2025-03-05,Add_on (seaweeds),Sans Coffee,1,Spoiled,8.0,8.0,3.0,March
2025-03-06,Chiz melt (bacon),Mini Bites,4,Over-prepared,30.0,120.0,3.0,March
2025-03-06,Spanish latte (hot),Coffee Based,3,Over-prepared,29.0,87.0,3.0,March
2025-03-06,the super charged (25% more coffee)  (iced),Sans Coffee,3,Expired,34.0,102.0,3.0,March
2025-03-06,Chicken fillet,Mini Bites,4,Over-prepared,45.0,180.0,3.0,March
2025-03-06,drip coffee (8 bags/pouch) (arabica),Sans Coffee,1,Over-prepared,62.0,62.0,3.0,March
2025-03-06,choco coated waffle,Sans Coffee,3,Expired,21.0,63.0,3.0,March
2025-03-07,blended cappuccino ,Kôfē Frappé,5,Over-prepared,33.0,165.0,3.0,March
2025-03-07,Chicken wings (half dozen),Mini Bites,2,Over-prepared,82.0,164.0,3.0,March
2025-03-07,matcha espresso fusion  (iced),Signature Kôfē,3,Quality issue,35.0,105.0,3.0,March
2025-03-07,Spanish latte (iced),Coffee Based,5,Expired,32.0,160.0,3.0,March
2025-03-08,hot citron tea,Sans Coffee,4,Over-prepared,22.0,88.0,3.0,March
2025-03-08,Belgian waffle  (peanut butter ),Sans Coffee,4,Over-prepared,25.0,100.0,3.0,March
2025-03-08,white mocha (hot),Coffee Based,1,Spoiled,42.0,42.0,3.0,March
2025-03-08,Product Name (special a),Sans Coffee,4,Over-prepared,41.0,164.0,3.0,March
2025-03-08,drip coffee (8 bags/pouch) (barako),Sans Coffee,4,Over-prepared,37.0,148.0,3.0,March
2025-03-09,matcha Supreme latte (hot),Sans Coffee,3,Expired,32.0,96.0,3.0,March
2025-03-09,Iced honey shaken espresso ,Signature Kôfē,3,Quality issue,36.0,108.0,3.0,March
2025-03-09,FFFF (med sc),Sans Coffee,1,Over-prepared,8.0,8.0,3.0,March
2025-03-09,caramel macchiato  (iced),Coffee Based,4,Expired,35.0,140.0,3.0,March
2025-03-09,Choco caramel decadence,Sans Coffee,5,Spoiled,45.0,225.0,3.0,March
2025-03-09,Add_on (kimchi),Sans Coffee,3,Over-prepared,15.0,45.0,3.0,March
2025-03-10,BFF (Better French fries) Large (sour cream),Mini Bites,5,Over-prepared,28.0,140.0,3.0,March
2025-03-10,Ramen (regular),Mini Bites,3,Over-prepared,17.0,51.0,3.0,March
2025-03-10,cappuccino  (ice),Coffee Based,3,Spoiled,32.0,96.0,3.0,March
2025-03-10,BFF (Better French fries)medium  (large),Mini Bites,4,Over-prepared,27.0,108.0,3.0,March
2025-03-10,Chicken pops (bbq),Mini Bites,1,Expired,50.0,50.0,3.0,March
2025-03-10,the super charged (25% more coffee)  (hot),Sans Coffee,1,Expired,31.0,31.0,3.0,March
2025-03-11,Belgian waffle  (peanut butter ),Sans Coffee,1,Quality issue,25.0,25.0,3.0,March
2025-03-11,French fries plain (large),Mini Bites,1,Quality issue,90.0,90.0,3.0,March
2025-03-11,FFFF (large bbq),Sans Coffee,5,Spoiled,18.0,90.0,3.0,March
2025-03-11,super mocha ,Kôfē Frappé,2,Over-prepared,38.0,76.0,3.0,March
2025-03-11,Belgian waffle  (mango caramel ),Sans Coffee,3,Spoiled,27.0,81.0,3.0,March
2025-03-12,Overload lomi (malapot),Mini Bites,2,Spoiled,99.0,198.0,3.0,March
2025-03-12,Chiz melt  (bacon),Mini Bites,3,Expired,28.0,84.0,3.0,March
2025-03-12,americano (hot),Coffee Based,3,Expired,26.0,78.0,3.0,March
2025-03-12,Product Name (special b),Sans Coffee,3,Spoiled,46.0,138.0,3.0,March
2025-03-13,drip coffee (8 bags/pouch) (arabica),Sans Coffee,5,Quality issue,62.0,310.0,3.0,March
2025-03-13,hot citron tea,Sans Coffee,1,Expired,22.0,22.0,3.0,March
2025-03-13,the super charged (25% more coffee)  (iced),Sans Coffee,3,Over-prepared,34.0,102.0,3.0,March
2025-03-13,caramel macchiato  (hot),Coffee Based,1,Expired,32.0,32.0,3.0,March
2025-03-13,BFF (Better French fries) Large (cheese),Mini Bites,1,Over-prepared,30.0,30.0,3.0,March
2025-03-14,Whipped Americano,Signature Kôfē,4,Over-prepared,36.0,144.0,3.0,March
2025-03-14,extra shot,Sans Coffee,4,Over-prepared,16.0,64.0,3.0,March
2025-03-14,caramel macchiato (hot),Coffee Based,3,Spoiled,42.0,126.0,3.0,March
2025-03-14,Strawberry Reverie ,Sans Coffee,3,Expired,39.0,117.0,3.0,March
2025-03-14,sparkling berry,Sans Coffee,3,Over-prepared,31.0,93.0,3.0,March
2025-03-15,kofetala special blend ,Sans Coffee,3,Quality issue,34.0,102.0,3.0,March
2025-03-15,French fries plain (large),Mini Bites,3,Over-prepared,90.0,270.0,3.0,March
2025-03-15,the super charged (25% more coffee)  (hot),Sans Coffee,1,Expired,31.0,31.0,3.0,March
2025-03-15,choco coated waffle,Sans Coffee,4,Over-prepared,21.0,84.0,3.0,March
2025-03-15,Whipped Americano,Signature Kôfē,1,Over-prepared,36.0,36.0,3.0,March
2025-03-15,mango banana milk shake ,Kôfē Frappé,4,Over-prepared,35.0,140.0,3.0,March
2025-03-16,white mocha (iced),Coffee Based,4,Over-prepared,45.0,180.0,3.0,March
2025-03-16,FFFF (large sc),Sans Coffee,2,Over-prepared,18.0,36.0,3.0,March
2025-03-16,FFFF (large cheese ),Sans Coffee,4,Expired,18.0,72.0,3.0,March
2025-03-16,latte,Coffee Based,2,Over-prepared,42.0,84.0,3.0,March
2025-03-16,French fries Spicy barbecue  (large ),Mini Bites,4,Over-prepared,30.0,120.0,3.0,March
2025-03-16,French fries plain (large),Mini Bites,1,Expired,90.0,90.0,3.0,March
2025-03-16,Product Name (special b),Sans Coffee,3,Quality issue,46.0,138.0,3.0,March
2025-03-17,BFF (Better French fries)medium  ( cheese ),Mini Bites,4,Expired,16.0,64.0,3.0,March
2025-03-17,Chicken pops (bbq),Mini Bites,2,Over-prepared,50.0,100.0,3.0,March
2025-03-17,hot citron tea,Sans Coffee,2,Spoiled,22.0,44.0,3.0,March
2025-03-17,BFF (Better French fries)medium  (sour cream),Mini Bites,1,Quality issue,16.0,16.0,3.0,March
2025-03-17,white mocha (iced),Coffee Based,1,Over-prepared,45.0,45.0,3.0,March
2025-03-17,hot creamy barako,Sans Coffee,4,Expired,19.0,76.0,3.0,March
2025-03-18,triple caramel,Kôfē Frappé,1,Over-prepared,48.0,48.0,3.0,March
2025-03-18,white mocha (iced),Coffee Based,3,Expired,45.0,135.0,3.0,March
2025-03-18,the Christmas drink (iced),Signature Kôfē,1,Over-prepared,34.0,34.0,3.0,March
2025-03-18,Product Name (regular ),Sans Coffee,1,Over-prepared,18.0,18.0,3.0,March
2025-03-18,americano (iced),Coffee Based,5,Over-prepared,28.0,140.0,3.0,March
2025-03-19,oreo overload Frappe,Kôfē Frappé,5,Over-prepared,48.0,240.0,3.0,March
2025-03-19,dalgona ,Signature Kôfē,2,Spoiled,32.0,64.0,3.0,March
2025-03-19,sparkling berry,Sans Coffee,3,Expired,31.0,93.0,3.0,March
2025-03-19,belgian waffle plain ,Sans Coffee,4,Spoiled,21.0,84.0,3.0,March
2025-03-19,Brownies ,Sans Coffee,1,Over-prepared,21.0,21.0,3.0,March
2025-03-20,Add_on (seaweeds),Sans Coffee,2,Expired,8.0,16.0,3.0,March
2025-03-20,FFFF (med sc),Sans Coffee,2,Spoiled,8.0,16.0,3.0,March
2025-03-20,drip coffee (8 bags/pouch) (barako),Sans Coffee,3,Over-prepared,37.0,111.0,3.0,March
2025-03-20,Belgian waffle  (peanut butter ),Sans Coffee,3,Expired,25.0,75.0,3.0,March
2025-03-20,French fries plain (large),Mini Bites,5,Expired,90.0,450.0,3.0,March
2025-03-21,brownie,Sans Coffee,4,Spoiled,21.0,84.0,3.0,March
2025-03-21,6 Chicken wings ,Mini Bites,1,Expired,82.0,82.0,3.0,March
2025-03-21,dirty coffee shake ,Kôfē Frappé,3,Over-prepared,38.0,114.0,3.0,March
2025-03-21,French fries Spicy barbecue  (large ),Mini Bites,3,Spoiled,30.0,90.0,3.0,March
2025-03-21,Product Name (regular ),Sans Coffee,4,Quality issue,18.0,72.0,3.0,March
2025-03-21,belgian waffle plain ,Sans Coffee,4,Over-prepared,21.0,84.0,3.0,March
2025-03-22,Add_on (egg),Sans Coffee,5,Expired,10.0,50.0,3.0,March
2025-03-22,hot citron tea,Sans Coffee,4,Expired,22.0,88.0,3.0,March
2025-03-22,Overload lomi (malabnaw),Mini Bites,1,Quality issue,99.0,99.0,3.0,March
2025-03-22,americano (hot),Coffee Based,2,Over-prepared,26.0,52.0,3.0,March
2025-03-22,mocha (hot),Coffee Based,1,Expired,31.0,31.0,3.0,March
2025-03-22,Spanish latte (iced),Coffee Based,3,Over-prepared,32.0,96.0,3.0,March
2025-03-22,Chicken wings (half dozen),Mini Bites,3,Spoiled,82.0,246.0,3.0,March
2025-03-23,FFFF (med sc),Sans Coffee,1,Quality issue,8.0,8.0,3.0,March
2025-03-23,BFF (Better French fries)medium  (sour cream),Mini Bites,1,Expired,16.0,16.0,3.0,March
2025-03-23,Cookies ,Sans Coffee,4,Spoiled,18.0,72.0,3.0,March
2025-03-23,BFF (Better French fries)medium  ( cheese ),Mini Bites,1,Spoiled,16.0,16.0,3.0,March
2025-03-23,cappuccino  (hot),Coffee Based,4,Over-prepared,29.0,116.0,3.0,March
2025-03-23,Belgian waffle  (peanut butter ),Sans Coffee,1,Spoiled,25.0,25.0,3.0,March
2025-03-24,triple caramel,Kôfē Frappé,4,Spoiled,48.0,192.0,3.0,March
2025-03-24,dirty coffee shake ,Kôfē Frappé,1,Spoiled,38.0,38.0,3.0,March
2025-03-24,triple caramel ,Kôfē Frappé,2,Over-prepared,38.0,76.0,3.0,March
2025-03-24,kofetala special blend ,Sans Coffee,2,Over-prepared,34.0,68.0,3.0,March
2025-03-24,Add_on (cheese),Sans Coffee,3,Over-prepared,12.0,36.0,3.0,March
2025-03-25,the SM tea,Sans Coffee,5,Over-prepared,37.0,185.0,3.0,March
2025-03-25,Iced honey shaken espresso ,Signature Kôfē,3,Over-prepared,36.0,108.0,3.0,March
2025-03-25,FFFF (large cheese ),Sans Coffee,2,Over-prepared,18.0,36.0,3.0,March
2025-03-25,cappuccino  (ice),Coffee Based,3,Expired,32.0,96.0,3.0,March
2025-03-25,the Christmas drink (hot ),Signature Kôfē,3,Expired,32.0,96.0,3.0,March
2025-03-26,Belgian waffle  (peanut butter ),Sans Coffee,1,Expired,25.0,25.0,3.0,March
2025-03-26,Chicken pops (bbq),Mini Bites,4,Expired,50.0,200.0,3.0,March
2025-03-26,Spanish latte (iced),Coffee Based,3,Expired,32.0,96.0,3.0,March
2025-03-26,BFF (Better French fries) Large (cheese ),Mini Bites,5,Spoiled,28.0,140.0,3.0,March
2025-03-26,Ramen (regular),Mini Bites,2,Over-prepared,17.0,34.0,3.0,March
2025-03-27,iced premium barako,Sans Coffee,3,Quality issue,21.0,63.0,3.0,March
2025-03-27,Drip coffee  (barako),Sans Coffee,3,Over-prepared,17.0,51.0,3.0,March
2025-03-27,BFF (Better French fries) Large (sour cream),Mini Bites,1,Over-prepared,28.0,28.0,3.0,March
2025-03-27,BFF (Better French fries)medium  (large),Mini Bites,4,Spoiled,27.0,108.0,3.0,March
2025-03-27,BFF (Better French fries)medium  (medium ),Mini Bites,4,Over-prepared,15.0,60.0,3.0,March
2025-03-28,FFFF (med sc),Sans Coffee,4,Over-prepared,8.0,32.0,3.0,March
2025-03-28,Chicken pops (bbq),Mini Bites,1,Over-prepared,50.0,50.0,3.0,March
2025-03-28,Extra Rice,Sans Coffee,5,Spoiled,5.0,25.0,3.0,March
2025-03-28,white mocha  (iced),Coffee Based,2,Quality issue,35.0,70.0,3.0,March
2025-03-28,mocha (iced),Coffee Based,1,Quality issue,35.0,35.0,3.0,March
2025-03-29,Product Name (special a),Sans Coffee,1,Over-prepared,41.0,41.0,3.0,March
2025-03-29,dalgona ,Signature Kôfē,4,Over-prepared,32.0,128.0,3.0,March
2025-03-29,Drip coffee  (barako),Sans Coffee,3,Spoiled,17.0,51.0,3.0,March
2025-03-29,FFFF (large cheese ),Sans Coffee,4,Over-prepared,18.0,72.0,3.0,March
2025-03-29,Overload lomi (malabnaw),Mini Bites,2,Quality issue,99.0,198.0,3.0,March
2025-03-29,caramel macchiato (hot),Coffee Based,1,Over-prepared,42.0,42.0,3.0,March
2025-03-30,Cold brew with foamy vanilla ,Sans Coffee,1,Over-prepared,31.0,31.0,3.0,March
2025-03-30,matcha Supreme latte (iced),Sans Coffee,4,Quality issue,35.0,140.0,3.0,March
2025-03-30,BFF (Better French fries) Large (bbq),Mini Bites,2,Quality issue,28.0,56.0,3.0,March
2025-03-30,the Christmas drink (iced),Signature Kôfē,4,Spoiled,34.0,136.0,3.0,March
2025-03-30,iced creamy barako,Sans Coffee,2,Over-prepared,24.0,48.0,3.0,March
2025-03-30,hot citron tea,Sans Coffee,5,Spoiled,22.0,110.0,3.0,March
2025-03-30,Chiz melt  (bacon),Mini Bites,1,Expired,28.0,28.0,3.0,March
2025-03-31, latte ,Coffee Based,3,Over-prepared,29.0,87.0,3.0,March
2025-03-31,Chiz melt  (spam lite),Mini Bites,2,Over-prepared,27.0,54.0,3.0,March
2025-03-31,belgian waffle plain ,Sans Coffee,3,Over-prepared,21.0,63.0,3.0,March
2025-03-31,cappuccino  (hot),Coffee Based,4,Spoiled,29.0,116.0,3.0,March
2025-03-31,the Christmas drink (hot ),Signature Kôfē,3,Expired,32.0,96.0,3.0,March
2025-03-31,Belgian waffle  (strawberry chocolate ),Sans Coffee,1,Expired,27.0,27.0,3.0,March
2025-04-01,Cold brew with foamy vanilla ,Sans Coffee,1,Over-prepared,31.0,31.0,4.0,April
2025-04-01,cappuccino  (hot),Coffee Based,4,Over-prepared,29.0,116.0,4.0,April
2025-04-01,Chiz melt  (spam lite),Mini Bites,2,Expired,27.0,54.0,4.0,April
2025-04-01,drip coffee (8 bags/pouch) (arabica),Sans Coffee,1,Over-prepared,62.0,62.0,4.0,April
2025-04-02,Chicken fillet,Mini Bites,1,Quality issue,45.0,45.0,4.0,April
2025-04-02, latte ,Coffee Based,5,Expired,29.0,145.0,4.0,April
2025-04-02,Chicken wings (half dozen),Mini Bites,5,Expired,82.0,410.0,4.0,April
2025-04-02,oreo overload Frappe ,Kôfē Frappé,1,Over-prepared,37.0,37.0,4.0,April
2025-04-02,the super charged (25% more coffee)  (hot),Sans Coffee,3,Over-prepared,31.0,93.0,4.0,April
2025-04-03,iced premium barako,Sans Coffee,1,Expired,21.0,21.0,4.0,April
2025-04-03,choco coated waffle,Sans Coffee,4,Spoiled,21.0,84.0,4.0,April
2025-04-03,Ramen (regular),Mini Bites,4,Spoiled,17.0,68.0,4.0,April
2025-04-03,Spanish latte (iced),Coffee Based,1,Quality issue,32.0,32.0,4.0,April
2025-04-03,Spanish latte (hot),Coffee Based,3,Expired,29.0,87.0,4.0,April
2025-04-04,Sinagtala lomi 20 pax,Mini Bites,2,Spoiled,360.0,720.0,4.0,April
2025-04-04,Brownies ,Sans Coffee,3,Spoiled,21.0,63.0,4.0,April
2025-04-04,Chicken wings (1 dozen),Mini Bites,3,Over-prepared,165.0,495.0,4.0,April
2025-04-04,BFF (Better French fries)medium  ( cheese ),Mini Bites,1,Expired,16.0,16.0,4.0,April
2025-04-04,Product Name (special a),Sans Coffee,2,Over-prepared,41.0,82.0,4.0,April
2025-04-05,Whipped Americano,Signature Kôfē,1,Over-prepared,36.0,36.0,4.0,April
2025-04-05,drip coffee (8 bags/pouch) (barako),Sans Coffee,3,Expired,37.0,111.0,4.0,April
2025-04-05,triple caramel,Kôfē Frappé,1,Expired,48.0,48.0,4.0,April
2025-04-05,americano (hot),Coffee Based,5,Over-prepared,26.0,130.0,4.0,April
2025-04-05,the Christmas drink (hot ),Signature Kôfē,3,Spoiled,32.0,96.0,4.0,April
2025-04-05,matcha espresso fusion  (iced),Signature Kôfē,4,Expired,35.0,140.0,4.0,April
2025-04-06,strawberry latte,Sans Coffee,1,Expired,36.0,36.0,4.0,April
2025-04-06,Add_on (cheese),Sans Coffee,1,Spoiled,12.0,12.0,4.0,April
2025-04-06,hot creamy barako,Sans Coffee,2,Expired,19.0,38.0,4.0,April
2025-04-06,matcha Supreme latte (iced),Sans Coffee,1,Over-prepared,35.0,35.0,4.0,April
2025-04-06,Add_on (seaweeds),Sans Coffee,5,Over-prepared,8.0,40.0,4.0,April
2025-04-06,the Christmas drink (hot ),Signature Kôfē,1,Over-prepared,32.0,32.0,4.0,April
2025-04-06,BFF (Better French fries)medium  (medium ),Mini Bites,3,Quality issue,15.0,45.0,4.0,April
2025-04-07,Chicken wings (1 dozen),Mini Bites,3,Over-prepared,165.0,495.0,4.0,April
2025-04-07,super mocha ,Kôfē Frappé,2,Over-prepared,38.0,76.0,4.0,April
2025-04-07,BFF (Better French fries)medium  (large),Mini Bites,3,Over-prepared,27.0,81.0,4.0,April
2025-04-07,Ramen (regular),Mini Bites,3,Quality issue,17.0,51.0,4.0,April
2025-04-07,BFF (Better French fries) Large (cheese),Mini Bites,4,Expired,30.0,120.0,4.0,April
2025-04-08,Spanish latte (iced),Coffee Based,1,Over-prepared,32.0,32.0,4.0,April
2025-04-08,iced creamy barako,Sans Coffee,1,Spoiled,24.0,24.0,4.0,April
2025-04-08,the SM tea,Sans Coffee,1,Expired,37.0,37.0,4.0,April
2025-04-08,matcha Supreme latte (hot),Sans Coffee,3,Over-prepared,32.0,96.0,4.0,April
2025-04-09,choco dinosaur latte,Sans Coffee,4,Spoiled,35.0,140.0,4.0,April
2025-04-09,Chicken wings (half dozen),Mini Bites,1,Over-prepared,82.0,82.0,4.0,April
2025-04-09,Add_on (egg),Sans Coffee,3,Over-prepared,10.0,30.0,4.0,April
2025-04-09,Extra Rice,Sans Coffee,2,Over-prepared,5.0,10.0,4.0,April
2025-04-09,latte,Coffee Based,3,Over-prepared,42.0,126.0,4.0,April
2025-04-10,FFFF (plain with catsup medium),Sans Coffee,4,Over-prepared,8.0,32.0,4.0,April
2025-04-10,triple caramel,Kôfē Frappé,4,Expired,48.0,192.0,4.0,April
2025-04-10,matcha Supreme latte (iced),Sans Coffee,1,Expired,35.0,35.0,4.0,April
2025-04-10,French fries plain (large),Mini Bites,4,Expired,90.0,360.0,4.0,April
2025-04-10,BFF (Better French fries)medium  (large),Mini Bites,3,Over-prepared,27.0,81.0,4.0,April
2025-04-11,Choco caramel decadence,Sans Coffee,3,Expired,45.0,135.0,4.0,April
2025-04-11,Iced honey shaken espresso ,Signature Kôfē,4,Spoiled,36.0,144.0,4.0,April
2025-04-11,BFF (Better French fries) Large (cheese),Mini Bites,1,Over-prepared,30.0,30.0,4.0,April
2025-04-11,drip coffee (8 bags/pouch) (barako),Sans Coffee,3,Expired,37.0,111.0,4.0,April
2025-04-11,FFFF (plain with catsup medium),Sans Coffee,5,Spoiled,8.0,40.0,4.0,April
2025-04-11,oreo overload Frappe,Kôfē Frappé,3,Over-prepared,48.0,144.0,4.0,April
2025-04-12,premium barako,Sans Coffee,4,Spoiled,15.0,60.0,4.0,April
2025-04-12,hot creamy barako,Sans Coffee,1,Spoiled,19.0,19.0,4.0,April
2025-04-12,Cold brew with foamy vanilla ,Sans Coffee,2,Spoiled,31.0,62.0,4.0,April
2025-04-12,extra shot,Sans Coffee,1,Spoiled,16.0,16.0,4.0,April
2025-04-12,FFFF (large bbq),Sans Coffee,1,Over-prepared,18.0,18.0,4.0,April
2025-04-12,dalgona ,Signature Kôfē,4,Expired,32.0,128.0,4.0,April
2025-04-13,6 Chicken wings ,Mini Bites,3,Over-prepared,82.0,246.0,4.0,April
2025-04-13,triple caramel,Kôfē Frappé,3,Over-prepared,48.0,144.0,4.0,April
2025-04-13,FFFF (large bbq),Sans Coffee,3,Over-prepared,18.0,54.0,4.0,April
2025-04-13,street food sampler (large),Sans Coffee,5,Over-prepared,28.0,140.0,4.0,April
2025-04-13,Spanish latte (hot),Coffee Based,1,Expired,29.0,29.0,4.0,April
2025-04-13,Chiz melt  (ham),Mini Bites,3,Spoiled,26.0,78.0,4.0,April
2025-04-14,sparkling berry,Sans Coffee,3,Expired,31.0,93.0,4.0,April
2025-04-14,mango banana milk shake ,Kôfē Frappé,3,Expired,35.0,105.0,4.0,April
2025-04-14,Chicken pops (bbq),Mini Bites,3,Over-prepared,50.0,150.0,4.0,April
2025-04-14,Chiz melt  (spam lite),Mini Bites,1,Expired,27.0,27.0,4.0,April
2025-04-14,drip coffee (8 bags/pouch) (barako),Sans Coffee,3,Spoiled,37.0,111.0,4.0,April
2025-04-15,cappuccino  (hot),Coffee Based,5,Over-prepared,29.0,145.0,4.0,April
2025-04-15,French fries Spicy barbecue  (medium ),Mini Bites,3,Over-prepared,18.0,54.0,4.0,April
2025-04-15,Chicken wings (extra rice ),Mini Bites,1,Expired,4.0,4.0,4.0,April
2025-04-15,BFF (Better French fries)medium  (large),Mini Bites,2,Over-prepared,27.0,54.0,4.0,April
2025-04-15,super mocha ,Kôfē Frappé,3,Spoiled,38.0,114.0,4.0,April
2025-04-16,Add_on (seaweeds),Sans Coffee,4,Over-prepared,8.0,32.0,4.0,April
2025-04-16,Belgian waffle  (mango caramel ),Sans Coffee,3,Expired,27.0,81.0,4.0,April
2025-04-16,Drip coffee  (barako),Sans Coffee,5,Expired,17.0,85.0,4.0,April
2025-04-16,hot creamy barako,Sans Coffee,1,Over-prepared,19.0,19.0,4.0,April
2025-04-16,the super charged (25% more coffee)  (hot),Sans Coffee,3,Over-prepared,31.0,93.0,4.0,April
2025-04-16,choco coated waffle,Sans Coffee,5,Over-prepared,21.0,105.0,4.0,April
2025-04-17,Spanish latte (iced),Coffee Based,3,Spoiled,32.0,96.0,4.0,April
2025-04-17,Belgian waffle  (peanut butter ),Sans Coffee,4,Expired,25.0,100.0,4.0,April
2025-04-17,brownie,Sans Coffee,1,Expired,21.0,21.0,4.0,April
2025-04-17,the super charged (25% more coffee)  (iced),Sans Coffee,5,Expired,34.0,170.0,4.0,April
2025-04-17,street food sampler (large),Sans Coffee,1,Over-prepared,28.0,28.0,4.0,April
2025-04-17,Choco caramel decadence,Sans Coffee,3,Expired,45.0,135.0,4.0,April
2025-04-18,extra shot,Sans Coffee,5,Quality issue,16.0,80.0,4.0,April
2025-04-18,white mocha (iced),Coffee Based,1,Expired,45.0,45.0,4.0,April
2025-04-18,Strawberry Reverie ,Sans Coffee,3,Spoiled,39.0,117.0,4.0,April
2025-04-18,street food sampler (medium),Sans Coffee,5,Over-prepared,16.0,80.0,4.0,April
2025-04-18,BFF (Better French fries) Large (cheese ),Mini Bites,4,Over-prepared,28.0,112.0,4.0,April
2025-04-18,Belgian waffle  (mango caramel ),Sans Coffee,5,Over-prepared,27.0,135.0,4.0,April
2025-04-19,the Christmas drink (hot ),Signature Kôfē,1,Over-prepared,32.0,32.0,4.0,April
2025-04-19,americano (hot),Coffee Based,3,Spoiled,26.0,78.0,4.0,April
2025-04-19,BFF (Better French fries) Large (cheese ),Mini Bites,3,Expired,28.0,84.0,4.0,April
2025-04-19,6 Chicken wings ,Mini Bites,3,Over-prepared,82.0,246.0,4.0,April
2025-04-19,Add_on (ham),Sans Coffee,1,Expired,15.0,15.0,4.0,April
2025-04-19,triple caramel,Kôfē Frappé,3,Over-prepared,48.0,144.0,4.0,April
2025-04-20,Chiz melt  (spam lite),Mini Bites,4,Over-prepared,27.0,108.0,4.0,April
2025-04-20,Cookies ,Sans Coffee,3,Over-prepared,18.0,54.0,4.0,April
2025-04-20,BFF (Better French fries)medium  (sour cream),Mini Bites,3,Over-prepared,16.0,48.0,4.0,April
2025-04-20,mango banana milk shake ,Kôfē Frappé,1,Quality issue,35.0,35.0,4.0,April
2025-04-20,Chicken wings (half dozen),Mini Bites,5,Spoiled,82.0,410.0,4.0,April
2025-04-20,BFF (Better French fries)medium  (medium ),Mini Bites,5,Over-prepared,15.0,75.0,4.0,April
2025-04-21,Chicken wings (extra rice ),Mini Bites,4,Over-prepared,4.0,16.0,4.0,April
2025-04-21,Add_on (egg),Sans Coffee,1,Expired,10.0,10.0,4.0,April
2025-04-21,Belgian waffle  (peanut butter ),Sans Coffee,4,Quality issue,25.0,100.0,4.0,April
2025-04-21,Product Name (special a),Sans Coffee,4,Over-prepared,41.0,164.0,4.0,April
2025-04-21,caramel macchiato  (iced),Coffee Based,5,Spoiled,35.0,175.0,4.0,April
2025-04-22,BFF (Better French fries) Large (cheese ),Mini Bites,2,Expired,28.0,56.0,4.0,April
2025-04-22,Chiz melt  (bacon),Mini Bites,2,Over-prepared,28.0,56.0,4.0,April
2025-04-22,FFFF (large bbq),Sans Coffee,3,Over-prepared,18.0,54.0,4.0,April
2025-04-22,Iced honey shaken espresso ,Signature Kôfē,3,Over-prepared,36.0,108.0,4.0,April
2025-04-22,BFF (Better French fries)medium  (large),Mini Bites,3,Spoiled,27.0,81.0,4.0,April
2025-04-22,white mocha  (iced),Coffee Based,1,Over-prepared,35.0,35.0,4.0,April
2025-04-23,French fries Spicy barbecue  (medium ),Mini Bites,1,Quality issue,18.0,18.0,4.0,April
2025-04-23,Add_on (egg),Sans Coffee,4,Over-prepared,10.0,40.0,4.0,April
2025-04-23,BFF (Better French fries)medium  (bbq ),Mini Bites,3,Over-prepared,16.0,48.0,4.0,April
2025-04-23,BFF (Better French fries)medium  (large),Mini Bites,2,Expired,27.0,54.0,4.0,April
2025-04-24,extra shot,Sans Coffee,1,Spoiled,16.0,16.0,4.0,April
2025-04-24,BFF (Better French fries)medium  ( cheese ),Mini Bites,4,Quality issue,16.0,64.0,4.0,April
2025-04-24,hot cocoa latte ,Sans Coffee,1,Expired,32.0,32.0,4.0,April
2025-04-24, latte ,Coffee Based,2,Expired,29.0,58.0,4.0,April
2025-04-24,white mocha (iced),Coffee Based,1,Spoiled,45.0,45.0,4.0,April
2025-04-24,caramel macchiato  (iced),Coffee Based,4,Over-prepared,35.0,140.0,4.0,April
2025-04-25,kofetala special blend ,Sans Coffee,4,Over-prepared,34.0,136.0,4.0,April
2025-04-25,Chiz melt  (bacon),Mini Bites,2,Expired,28.0,56.0,4.0,April
2025-04-25,Chicken wings (half dozen),Mini Bites,2,Over-prepared,82.0,164.0,4.0,April
2025-04-25,triple caramel,Kôfē Frappé,3,Spoiled,48.0,144.0,4.0,April
2025-04-25,drip coffee (8 bags/pouch) (arabica),Sans Coffee,3,Over-prepared,62.0,186.0,4.0,April
2025-04-26,street food sampler (medium),Sans Coffee,5,Expired,16.0,80.0,4.0,April
2025-04-26,the SM tea,Sans Coffee,4,Expired,37.0,148.0,4.0,April
2025-04-26,drip coffee (8 bags/pouch) (barako),Sans Coffee,3,Over-prepared,37.0,111.0,4.0,April
2025-04-26,Strawberry Reverie ,Sans Coffee,3,Over-prepared,39.0,117.0,4.0,April
2025-04-26,dalgona ,Signature Kôfē,5,Over-prepared,32.0,160.0,4.0,April
2025-04-26,caramel macchiato  (iced),Coffee Based,3,Over-prepared,35.0,105.0,4.0,April
2025-04-26,Product Name (regular ),Sans Coffee,4,Spoiled,18.0,72.0,4.0,April
2025-04-27,belgian waffle plain ,Sans Coffee,3,Over-prepared,21.0,63.0,4.0,April
2025-04-27,iced creamy barako,Sans Coffee,4,Over-prepared,24.0,96.0,4.0,April
2025-04-27,caramel macchiato  (iced),Coffee Based,2,Expired,35.0,70.0,4.0,April
2025-04-27,latte,Coffee Based,3,Spoiled,42.0,126.0,4.0,April
2025-04-27,Add_on (ham),Sans Coffee,5,Expired,15.0,75.0,4.0,April
2025-04-27,FFFF (large cheese ),Sans Coffee,3,Over-prepared,18.0,54.0,4.0,April
2025-04-27,street food sampler (large),Sans Coffee,1,Over-prepared,28.0,28.0,4.0,April
2025-04-28,Spanish latte (hot),Coffee Based,3,Spoiled,29.0,87.0,4.0,April
2025-04-28,Product Name (special a),Sans Coffee,5,Over-prepared,41.0,205.0,4.0,April
2025-04-28,iced premium barako,Sans Coffee,1,Spoiled,21.0,21.0,4.0,April
2025-04-28,brownie,Sans Coffee,4,Spoiled,21.0,84.0,4.0,April
2025-04-28,6 Chicken wings ,Mini Bites,4,Spoiled,82.0,328.0,4.0,April
2025-04-28,drip coffee (8 bags/pouch) (barako),Sans Coffee,4,Over-prepared,37.0,148.0,4.0,April
2025-04-29,extra shot,Sans Coffee,4,Spoiled,16.0,64.0,4.0,April
2025-04-29,Chicken wings (extra rice ),Mini Bites,3,Quality issue,4.0,12.0,4.0,April
2025-04-29,Spanish latte (hot),Coffee Based,3,Over-prepared,29.0,87.0,4.0,April
2025-04-29,Product Name (regular ),Sans Coffee,1,Over-prepared,18.0,18.0,4.0,April
2025-04-29,caramel macchiato (iced),Coffee Based,3,Over-prepared,45.0,135.0,4.0,April
2025-04-30,Chiz melt  (bacon),Mini Bites,5,Spoiled,28.0,140.0,4.0,April
2025-04-30,white mocha  (iced),Coffee Based,4,Over-prepared,35.0,140.0,4.0,April
2025-04-30,the super charged (25% more coffee)  (iced),Sans Coffee,1,Spoiled,34.0,34.0,4.0,April
2025-04-30,matcha espresso fusion  (hot),Signature Kôfē,3,Over-prepared,32.0,96.0,4.0,April
2025-04-30,Drip coffee  (barako),Sans Coffee,5,Expired,17.0,85.0,4.0,April
2025-05-01,matcha Supreme latte (iced),Sans Coffee,4,Spoiled,35.0,140.0,5.0,May
2025-05-01,Strawberry Reverie ,Sans Coffee,1,Over-prepared,39.0,39.0,5.0,May
2025-05-01,simple milk tea ,Sans Coffee,1,Expired,28.0,28.0,5.0,May
2025-05-01,white mocha  (hot),Coffee Based,3,Over-prepared,32.0,96.0,5.0,May
2025-05-01,FFFF (plain with catsup medium),Sans Coffee,3,Spoiled,8.0,24.0,5.0,May
2025-05-02,matcha espresso fusion  (iced),Signature Kôfē,3,Over-prepared,35.0,105.0,5.0,May
2025-05-02,drip coffee (8 bags/pouch) (barako),Sans Coffee,1,Expired,37.0,37.0,5.0,May
2025-05-02,Ramen (regular),Mini Bites,3,Expired,17.0,51.0,5.0,May
2025-05-02,street food sampler (large),Sans Coffee,1,Expired,28.0,28.0,5.0,May
2025-05-02,Cookies ,Sans Coffee,3,Quality issue,18.0,54.0,5.0,May
2025-05-02,Chicken wings (3pcs),Mini Bites,3,Spoiled,45.0,135.0,5.0,May
2025-05-03,triple caramel ,Kôfē Frappé,2,Quality issue,38.0,76.0,5.0,May
2025-05-03,matcha Supreme latte (hot),Sans Coffee,3,Spoiled,32.0,96.0,5.0,May
2025-05-03,BFF (Better French fries)medium  (medium ),Mini Bites,4,Over-prepared,15.0,60.0,5.0,May
2025-05-03,sparkling berry,Sans Coffee,5,Quality issue,31.0,155.0,5.0,May
2025-05-03,iced creamy barako,Sans Coffee,3,Over-prepared,24.0,72.0,5.0,May
2025-05-03,Drip coffee  (barako),Sans Coffee,2,Over-prepared,17.0,34.0,5.0,May
2025-05-03,street food sampler (medium),Sans Coffee,1,Over-prepared,16.0,16.0,5.0,May
2025-05-04,French fries Spicy barbecue  (large ),Mini Bites,5,Expired,30.0,150.0,5.0,May
2025-05-04,FFFF (plain with catsup medium),Sans Coffee,4,Expired,8.0,32.0,5.0,May
2025-05-04,hot cocoa latte ,Sans Coffee,2,Expired,32.0,64.0,5.0,May
2025-05-04,BFF (Better French fries) Large (bbq),Mini Bites,1,Quality issue,28.0,28.0,5.0,May
2025-05-04,Drip coffee  (barako),Sans Coffee,3,Expired,17.0,51.0,5.0,May
2025-05-04,Chicken wings (3pcs),Mini Bites,5,Over-prepared,45.0,225.0,5.0,May
2025-05-04,French fries plain (large),Mini Bites,2,Expired,90.0,180.0,5.0,May
2025-05-05,Coffee Syphon (arabica),Sans Coffee,5,Expired,30.0,150.0,5.0,May
2025-05-05,Spanish latte (hot),Coffee Based,1,Quality issue,29.0,29.0,5.0,May
2025-05-05,Chiz melt  (spam lite),Mini Bites,1,Expired,27.0,27.0,5.0,May
2025-05-05,iced premium barako,Sans Coffee,1,Over-prepared,21.0,21.0,5.0,May
2025-05-05,FFFF (plain with catsup medium),Sans Coffee,5,Expired,8.0,40.0,5.0,May
2025-05-05,Ramen (regular),Mini Bites,3,Quality issue,17.0,51.0,5.0,May
2025-05-06,Spanish latte (iced),Coffee Based,3,Quality issue,32.0,96.0,5.0,May
2025-05-06,street food sampler (medium),Sans Coffee,4,Spoiled,16.0,64.0,5.0,May
2025-05-06,hot cocoa latte ,Sans Coffee,1,Expired,32.0,32.0,5.0,May
2025-05-06,triple caramel ,Kôfē Frappé,3,Spoiled,38.0,114.0,5.0,May
2025-05-06,Add_on (cheese),Sans Coffee,5,Over-prepared,12.0,60.0,5.0,May
2025-05-07,white mocha  (iced),Coffee Based,3,Over-prepared,35.0,105.0,5.0,May
2025-05-07,blended cappuccino ,Kôfē Frappé,1,Over-prepared,33.0,33.0,5.0,May
2025-05-07,the SM tea,Sans Coffee,4,Expired,37.0,148.0,5.0,May
2025-05-07,Chiz melt (bacon),Mini Bites,3,Over-prepared,30.0,90.0,5.0,May
2025-05-07,Chiz melt  (ham),Mini Bites,5,Over-prepared,26.0,130.0,5.0,May
2025-05-08,americano (iced),Coffee Based,5,Spoiled,28.0,140.0,5.0,May
2025-05-08,Drip coffee  (barako),Sans Coffee,3,Expired,17.0,51.0,5.0,May
2025-05-08,Belgian waffle  (mango caramel ),Sans Coffee,1,Quality issue,27.0,27.0,5.0,May
2025-05-08,6 Chicken wings ,Mini Bites,3,Spoiled,82.0,246.0,5.0,May
2025-05-08,extra shot,Sans Coffee,2,Expired,16.0,32.0,5.0,May
2025-05-09,super mocha ,Kôfē Frappé,1,Expired,38.0,38.0,5.0,May
2025-05-09,Drip coffee  (barako),Sans Coffee,4,Over-prepared,17.0,68.0,5.0,May
2025-05-09,Chiz melt  (ham),Mini Bites,3,Expired,26.0,78.0,5.0,May
2025-05-09,the super charged (25% more coffee)  (hot),Sans Coffee,5,Over-prepared,31.0,155.0,5.0,May
2025-05-09,BFF (Better French fries) Large (bbq),Mini Bites,2,Expired,28.0,56.0,5.0,May
2025-05-10,Cookies ,Sans Coffee,5,Expired,18.0,90.0,5.0,May
2025-05-10,Overload lomi (malabnaw),Mini Bites,1,Over-prepared,99.0,99.0,5.0,May
2025-05-10,BFF (Better French fries)medium  (sour cream),Mini Bites,4,Over-prepared,16.0,64.0,5.0,May
2025-05-10,BFF (Better French fries) Large (cheese),Mini Bites,4,Quality issue,30.0,120.0,5.0,May
2025-05-10,matcha espresso fusion  (hot),Signature Kôfē,3,Spoiled,32.0,96.0,5.0,May
2025-05-10,latte,Coffee Based,3,Over-prepared,42.0,126.0,5.0,May
2025-05-11,the super charged (25% more coffee)  (iced),Sans Coffee,5,Quality issue,34.0,170.0,5.0,May
2025-05-11,Cookies ,Sans Coffee,2,Spoiled,18.0,36.0,5.0,May
2025-05-11,oreo overload Frappe ,Kôfē Frappé,3,Over-prepared,37.0,111.0,5.0,May
2025-05-11,FFFF (large bbq),Sans Coffee,2,Spoiled,18.0,36.0,5.0,May
2025-05-11,6 Chicken wings ,Mini Bites,2,Expired,82.0,164.0,5.0,May
2025-05-11,Chicken pops (bbq),Mini Bites,4,Spoiled,50.0,200.0,5.0,May
2025-05-12,matcha Supreme latte (hot),Sans Coffee,1,Expired,32.0,32.0,5.0,May
2025-05-12,FFFF (large cheese ),Sans Coffee,4,Expired,18.0,72.0,5.0,May
2025-05-12,Add_on (egg),Sans Coffee,3,Spoiled,10.0,30.0,5.0,May
2025-05-12,Extra Rice,Sans Coffee,3,Expired,5.0,15.0,5.0,May
2025-05-12,the Christmas drink (iced),Signature Kôfē,2,Over-prepared,34.0,68.0,5.0,May
2025-05-12,the SM tea,Sans Coffee,3,Over-prepared,37.0,111.0,5.0,May
2025-05-13,6 Chicken wings ,Mini Bites,1,Spoiled,82.0,82.0,5.0,May
2025-05-13,caramel macchiato (iced),Coffee Based,4,Spoiled,45.0,180.0,5.0,May
2025-05-13,white mocha  (iced),Coffee Based,3,Spoiled,35.0,105.0,5.0,May
2025-05-13,super mocha ,Kôfē Frappé,4,Quality issue,38.0,152.0,5.0,May
2025-05-13,BFF (Better French fries)medium  (sour cream),Mini Bites,3,Expired,16.0,48.0,5.0,May
2025-05-14,oreo overload Frappe ,Kôfē Frappé,1,Over-prepared,37.0,37.0,5.0,May
2025-05-14,Coffee Syphon (arabica),Sans Coffee,5,Expired,30.0,150.0,5.0,May
2025-05-14,matcha espresso fusion  (iced),Signature Kôfē,5,Spoiled,35.0,175.0,5.0,May
2025-05-14,Overload lomi (malabnaw),Mini Bites,3,Spoiled,99.0,297.0,5.0,May
2025-05-15,Product Name (special a),Sans Coffee,1,Over-prepared,41.0,41.0,5.0,May
2025-05-15,Chiz melt  (spam lite),Mini Bites,2,Over-prepared,27.0,54.0,5.0,May
2025-05-15,FFFF (med sc),Sans Coffee,1,Expired,8.0,8.0,5.0,May
2025-05-15,white mocha  (hot),Coffee Based,1,Expired,32.0,32.0,5.0,May
2025-05-15,oreo overload Frappe ,Kôfē Frappé,4,Expired,37.0,148.0,5.0,May
2025-05-16,white mocha (hot),Coffee Based,1,Over-prepared,42.0,42.0,5.0,May
2025-05-16,Chicken wings (3pcs),Mini Bites,3,Spoiled,45.0,135.0,5.0,May
2025-05-16,BFF (Better French fries)medium  ( cheese ),Mini Bites,2,Over-prepared,16.0,32.0,5.0,May
2025-05-16,the super charged (25% more coffee)  (iced),Sans Coffee,4,Over-prepared,34.0,136.0,5.0,May
2025-05-17,Belgian waffle  (strawberry chocolate ),Sans Coffee,3,Over-prepared,27.0,81.0,5.0,May
2025-05-17,drip coffee (8 bags/pouch) (barako),Sans Coffee,2,Expired,37.0,74.0,5.0,May
2025-05-17,Belgian waffle  (mango caramel ),Sans Coffee,3,Over-prepared,27.0,81.0,5.0,May
2025-05-17,caramel macchiato  (iced),Coffee Based,1,Expired,35.0,35.0,5.0,May
2025-05-17,hot creamy barako,Sans Coffee,3,Over-prepared,19.0,57.0,5.0,May
2025-05-17,Chicken wings (extra rice ),Mini Bites,3,Over-prepared,4.0,12.0,5.0,May
2025-05-17,white mocha  (hot),Coffee Based,3,Quality issue,32.0,96.0,5.0,May
2025-05-18,simple milk tea ,Sans Coffee,2,Over-prepared,28.0,56.0,5.0,May
2025-05-18,mocha (hot),Coffee Based,4,Expired,31.0,124.0,5.0,May
2025-05-18,French fries Spicy barbecue  (medium ),Mini Bites,3,Over-prepared,18.0,54.0,5.0,May
2025-05-18,triple caramel,Kôfē Frappé,5,Over-prepared,48.0,240.0,5.0,May
2025-05-18,white mocha  (iced),Coffee Based,3,Expired,35.0,105.0,5.0,May
2025-05-18,Chicken fillet,Mini Bites,3,Expired,45.0,135.0,5.0,May
2025-05-19,street food sampler (medium),Sans Coffee,5,Expired,16.0,80.0,5.0,May
2025-05-19,Chicken fillet,Mini Bites,4,Expired,45.0,180.0,5.0,May
2025-05-19,strawberry latte,Sans Coffee,3,Spoiled,36.0,108.0,5.0,May
2025-05-19,drip coffee (8 bags/pouch) (barako),Sans Coffee,5,Spoiled,37.0,185.0,5.0,May
2025-05-19,matcha espresso fusion  (hot),Signature Kôfē,2,Over-prepared,32.0,64.0,5.0,May
2025-05-19,the SM tea,Sans Coffee,3,Over-prepared,37.0,111.0,5.0,May
2025-05-20,cappuccino  (ice),Coffee Based,3,Quality issue,32.0,96.0,5.0,May
2025-05-20,drip coffee (8 bags/pouch) (arabica),Sans Coffee,3,Over-prepared,62.0,186.0,5.0,May
2025-05-20,Add_on (cheese),Sans Coffee,4,Over-prepared,12.0,48.0,5.0,May
2025-05-20,the Christmas drink (iced),Signature Kôfē,1,Spoiled,34.0,34.0,5.0,May
2025-05-20, latte ,Coffee Based,2,Expired,29.0,58.0,5.0,May
2025-05-20,Product Name (special b),Sans Coffee,5,Over-prepared,46.0,230.0,5.0,May
2025-05-21,Chicken pops (bbq),Mini Bites,1,Quality issue,50.0,50.0,5.0,May
2025-05-21,Chiz melt  (ham),Mini Bites,1,Expired,26.0,26.0,5.0,May
2025-05-21,matcha espresso fusion  (hot),Signature Kôfē,4,Over-prepared,32.0,128.0,5.0,May
2025-05-21,americano (iced),Coffee Based,4,Expired,28.0,112.0,5.0,May
2025-05-21,BFF (Better French fries)medium  (large),Mini Bites,5,Over-prepared,27.0,135.0,5.0,May
2025-05-22,cappuccino  (ice),Coffee Based,4,Quality issue,32.0,128.0,5.0,May
2025-05-22,latte,Coffee Based,3,Expired,42.0,126.0,5.0,May
2025-05-22,mango banana milk shake ,Kôfē Frappé,4,Over-prepared,35.0,140.0,5.0,May
2025-05-22,BFF (Better French fries)medium  (bbq ),Mini Bites,1,Spoiled,16.0,16.0,5.0,May
2025-05-22,drip coffee (8 bags/pouch) (arabica),Sans Coffee,1,Spoiled,62.0,62.0,5.0,May
2025-05-23,hot creamy barako,Sans Coffee,3,Over-prepared,19.0,57.0,5.0,May
2025-05-23,triple caramel,Kôfē Frappé,4,Over-prepared,48.0,192.0,5.0,May
2025-05-23,Chicken wings (half dozen),Mini Bites,2,Quality issue,82.0,164.0,5.0,May
2025-05-23,Spanish latte (hot),Coffee Based,3,Over-prepared,29.0,87.0,5.0,May
2025-05-24,Chiz melt  (bacon),Mini Bites,3,Over-prepared,28.0,84.0,5.0,May
2025-05-24,iced creamy barako,Sans Coffee,3,Expired,24.0,72.0,5.0,May
2025-05-24,white mocha  (hot),Coffee Based,3,Spoiled,32.0,96.0,5.0,May
2025-05-24,Add_on (ham),Sans Coffee,1,Over-prepared,15.0,15.0,5.0,May
2025-05-24,mango banana milk shake ,Kôfē Frappé,5,Over-prepared,35.0,175.0,5.0,May
2025-05-25,Strawberry Reverie ,Sans Coffee,2,Expired,39.0,78.0,5.0,May
2025-05-25,Iced honey shaken espresso ,Signature Kôfē,3,Spoiled,36.0,108.0,5.0,May
2025-05-25,Coffee Syphon (arabica),Sans Coffee,4,Over-prepared,30.0,120.0,5.0,May
2025-05-25,triple caramel ,Kôfē Frappé,4,Spoiled,38.0,152.0,5.0,May
2025-05-25,BFF (Better French fries)medium  (medium ),Mini Bites,4,Expired,15.0,60.0,5.0,May
2025-05-26,Cookies ,Sans Coffee,3,Spoiled,18.0,54.0,5.0,May
2025-05-26,Add_on (seaweeds),Sans Coffee,5,Expired,8.0,40.0,5.0,May
2025-05-26,choco dinosaur latte,Sans Coffee,1,Spoiled,35.0,35.0,5.0,May
2025-05-26,BFF (Better French fries) Large (cheese),Mini Bites,4,Expired,30.0,120.0,5.0,May
2025-05-26,matcha espresso fusion  (iced),Signature Kôfē,3,Over-prepared,35.0,105.0,5.0,May
2025-05-27,Brownies ,Sans Coffee,5,Spoiled,21.0,105.0,5.0,May
2025-05-27,iced creamy barako,Sans Coffee,3,Over-prepared,24.0,72.0,5.0,May
2025-05-27,drip coffee (8 bags/pouch) (barako),Sans Coffee,1,Over-prepared,37.0,37.0,5.0,May
2025-05-27,FFFF (large sc),Sans Coffee,1,Over-prepared,18.0,18.0,5.0,May
2025-05-27,americano (hot),Coffee Based,5,Spoiled,26.0,130.0,5.0,May
2025-05-28,BFF (Better French fries) Large (cheese ),Mini Bites,3,Over-prepared,28.0,84.0,5.0,May
2025-05-28,Chicken wings (3pcs),Mini Bites,5,Spoiled,45.0,225.0,5.0,May
2025-05-28,BFF (Better French fries) Large (sour cream),Mini Bites,5,Over-prepared,28.0,140.0,5.0,May
2025-05-28,belgian waffle plain ,Sans Coffee,3,Over-prepared,21.0,63.0,5.0,May
2025-05-28,Add_on (cheese),Sans Coffee,5,Spoiled,12.0,60.0,5.0,May
2025-05-29,Product Name (special a),Sans Coffee,3,Over-prepared,41.0,123.0,5.0,May
2025-05-29,americano (iced),Coffee Based,1,Spoiled,28.0,28.0,5.0,May
2025-05-29,sparkling berry,Sans Coffee,2,Over-prepared,31.0,62.0,5.0,May
2025-05-29,Add_on (seaweeds),Sans Coffee,4,Spoiled,8.0,32.0,5.0,May
2025-05-30,BFF (Better French fries)medium  (bbq ),Mini Bites,5,Spoiled,16.0,80.0,5.0,May
2025-05-30,hot cocoa latte ,Sans Coffee,3,Expired,32.0,96.0,5.0,May
2025-05-30,Chicken pops (bbq),Mini Bites,4,Over-prepared,50.0,200.0,5.0,May
2025-05-30,Add_on (ham),Sans Coffee,5,Spoiled,15.0,75.0,5.0,May
2025-05-30,Add_on (cheese),Sans Coffee,4,Over-prepared,12.0,48.0,5.0,May
2025-05-31,the super charged (25% more coffee)  (hot),Sans Coffee,4,Over-prepared,31.0,124.0,5.0,May
2025-05-31,Chicken wings (half dozen),Mini Bites,1,Quality issue,82.0,82.0,5.0,May
2025-05-31,white mocha  (iced),Coffee Based,2,Over-prepared,35.0,70.0,5.0,May
2025-05-31,Chiz melt (bacon),Mini Bites,3,Quality issue,30.0,90.0,5.0,May
2025-05-31,hot creamy barako,Sans Coffee,5,Spoiled,19.0,95.0,5.0,May
2025-05-31,FFFF (med sc),Sans Coffee,5,Over-prepared,8.0,40.0,5.0,May
2025-06-01,Chiz melt  (bacon),Mini Bites,2,Expired,28.0,56.0,6.0,June
2025-06-01,Spanish latte (iced),Coffee Based,5,Spoiled,32.0,160.0,6.0,June
2025-06-01,mango banana milk shake ,Kôfē Frappé,4,Over-prepared,35.0,140.0,6.0,June
2025-06-01,dirty coffee shake ,Kôfē Frappé,1,Over-prepared,38.0,38.0,6.0,June
2025-06-01,blended cappuccino ,Kôfē Frappé,4,Over-prepared,33.0,132.0,6.0,June
2025-06-01,Chicken wings (half dozen),Mini Bites,1,Quality issue,82.0,82.0,6.0,June
2025-06-02,hot citron tea,Sans Coffee,4,Expired,22.0,88.0,6.0,June
2025-06-02,white mocha  (hot),Coffee Based,3,Spoiled,32.0,96.0,6.0,June
2025-06-02,Brownies ,Sans Coffee,1,Quality issue,21.0,21.0,6.0,June
2025-06-02,Add_on (kimchi),Sans Coffee,1,Spoiled,15.0,15.0,6.0,June
2025-06-03,Add_on (ham),Sans Coffee,4,Expired,15.0,60.0,6.0,June
2025-06-03,Belgian waffle  (strawberry chocolate ),Sans Coffee,4,Expired,27.0,108.0,6.0,June
2025-06-03,mango banana milk shake ,Kôfē Frappé,5,Over-prepared,35.0,175.0,6.0,June
2025-06-03,iced premium barako,Sans Coffee,1,Quality issue,21.0,21.0,6.0,June
2025-06-04,Chicken wings (extra rice ),Mini Bites,4,Expired,4.0,16.0,6.0,June
2025-06-04,Cookies ,Sans Coffee,5,Over-prepared,18.0,90.0,6.0,June
2025-06-04,Sinagtala lomi 20 pax,Mini Bites,4,Over-prepared,360.0,1440.0,6.0,June
2025-06-04,dalgona ,Signature Kôfē,1,Expired,32.0,32.0,6.0,June
2025-06-04,white mocha (hot),Coffee Based,5,Expired,42.0,210.0,6.0,June
2025-06-05,brownie,Sans Coffee,3,Quality issue,21.0,63.0,6.0,June
2025-06-05,Whipped Americano,Signature Kôfē,2,Expired,36.0,72.0,6.0,June
2025-06-05,Add_on (egg),Sans Coffee,2,Over-prepared,10.0,20.0,6.0,June
2025-06-05,dirty coffee shake ,Kôfē Frappé,1,Over-prepared,38.0,38.0,6.0,June
2025-06-06,the super charged (25% more coffee)  (hot),Sans Coffee,4,Expired,31.0,124.0,6.0,June
2025-06-06,caramel macchiato  (hot),Coffee Based,1,Over-prepared,32.0,32.0,6.0,June
2025-06-06,BFF (Better French fries)medium  ( cheese ),Mini Bites,3,Spoiled,16.0,48.0,6.0,June
2025-06-06,the Christmas drink (hot ),Signature Kôfē,2,Expired,32.0,64.0,6.0,June
2025-06-06,French fries Spicy barbecue  (large ),Mini Bites,4,Expired,30.0,120.0,6.0,June
2025-06-07,hot creamy barako,Sans Coffee,4,Over-prepared,19.0,76.0,6.0,June
2025-06-07,Whipped Americano,Signature Kôfē,1,Expired,36.0,36.0,6.0,June
2025-06-07,Spanish latte (hot),Coffee Based,3,Spoiled,29.0,87.0,6.0,June
2025-06-07,drip coffee (8 bags/pouch) (arabica),Sans Coffee,1,Expired,62.0,62.0,6.0,June
2025-06-07,FFFF (large bbq),Sans Coffee,5,Over-prepared,18.0,90.0,6.0,June
2025-06-07,choco coated waffle,Sans Coffee,4,Over-prepared,21.0,84.0,6.0,June
2025-06-08,Coffee Syphon (arabica),Sans Coffee,1,Expired,30.0,30.0,6.0,June
2025-06-08,Chicken wings (3pcs),Mini Bites,3,Quality issue,45.0,135.0,6.0,June
2025-06-08,FFFF (large cheese ),Sans Coffee,4,Over-prepared,18.0,72.0,6.0,June
2025-06-08,latte,Coffee Based,1,Over-prepared,42.0,42.0,6.0,June
2025-06-08,BFF (Better French fries)medium  ( cheese ),Mini Bites,4,Expired,16.0,64.0,6.0,June
2025-06-08,simple milk tea ,Sans Coffee,1,Over-prepared,28.0,28.0,6.0,June
2025-06-08,Cold brew with foamy vanilla ,Sans Coffee,3,Spoiled,31.0,93.0,6.0,June
2025-06-09,caramel macchiato (iced),Coffee Based,1,Over-prepared,45.0,45.0,6.0,June
2025-06-09,Iced honey shaken espresso ,Signature Kôfē,2,Quality issue,36.0,72.0,6.0,June
2025-06-09,Cold brew with foamy vanilla ,Sans Coffee,3,Expired,31.0,93.0,6.0,June
2025-06-09,Add_on (cheese),Sans Coffee,3,Over-prepared,12.0,36.0,6.0,June
2025-06-10,drip coffee (8 bags/pouch) (barako),Sans Coffee,1,Spoiled,37.0,37.0,6.0,June
2025-06-10,americano (hot),Coffee Based,3,Spoiled,26.0,78.0,6.0,June
2025-06-10,Belgian waffle  (strawberry chocolate ),Sans Coffee,4,Expired,27.0,108.0,6.0,June
2025-06-10,hot creamy barako,Sans Coffee,3,Spoiled,19.0,57.0,6.0,June
2025-06-11,white mocha (hot),Coffee Based,2,Quality issue,42.0,84.0,6.0,June
2025-06-11,premium barako,Sans Coffee,2,Spoiled,15.0,30.0,6.0,June
2025-06-11,BFF (Better French fries) Large (bbq),Mini Bites,5,Quality issue,28.0,140.0,6.0,June
2025-06-11,street food sampler (medium),Sans Coffee,1,Over-prepared,16.0,16.0,6.0,June
2025-06-11,Spanish latte (iced),Coffee Based,2,Over-prepared,32.0,64.0,6.0,June
2025-06-12,premium barako,Sans Coffee,2,Quality issue,15.0,30.0,6.0,June
2025-06-12,Product Name (regular ),Sans Coffee,1,Spoiled,18.0,18.0,6.0,June
2025-06-12,Belgian waffle  (strawberry chocolate ),Sans Coffee,2,Quality issue,27.0,54.0,6.0,June
2025-06-12,white mocha (hot),Coffee Based,4,Over-prepared,42.0,168.0,6.0,June
2025-06-12,BFF (Better French fries) Large (sour cream),Mini Bites,2,Over-prepared,28.0,56.0,6.0,June
2025-06-13,white mocha (hot),Coffee Based,5,Expired,42.0,210.0,6.0,June
2025-06-13,dalgona ,Signature Kôfē,3,Over-prepared,32.0,96.0,6.0,June
2025-06-13,americano (hot),Coffee Based,1,Spoiled,26.0,26.0,6.0,June
2025-06-13,Spanish latte (iced),Coffee Based,1,Spoiled,32.0,32.0,6.0,June
2025-06-13,caramel macchiato (iced),Coffee Based,4,Over-prepared,45.0,180.0,6.0,June
2025-06-14,BFF (Better French fries) Large (bbq),Mini Bites,5,Quality issue,28.0,140.0,6.0,June
2025-06-14,Chicken pops (bbq),Mini Bites,4,Over-prepared,50.0,200.0,6.0,June
2025-06-14,Add_on (seaweeds),Sans Coffee,3,Quality issue,8.0,24.0,6.0,June
2025-06-14,French fries plain (large),Mini Bites,4,Expired,90.0,360.0,6.0,June
2025-06-14,FFFF (med sc),Sans Coffee,3,Over-prepared,8.0,24.0,6.0,June
2025-06-15,oreo overload Frappe ,Kôfē Frappé,4,Over-prepared,37.0,148.0,6.0,June
2025-06-15,white mocha  (hot),Coffee Based,1,Over-prepared,32.0,32.0,6.0,June
2025-06-15,the Christmas drink (hot ),Signature Kôfē,1,Spoiled,32.0,32.0,6.0,June
2025-06-15,the super charged (25% more coffee)  (hot),Sans Coffee,3,Over-prepared,31.0,93.0,6.0,June
2025-06-15,matcha espresso fusion  (iced),Signature Kôfē,2,Expired,35.0,70.0,6.0,June
2025-06-16,Chiz melt  (bacon),Mini Bites,4,Over-prepared,28.0,112.0,6.0,June
2025-06-16,Chicken wings (1 dozen),Mini Bites,4,Over-prepared,165.0,660.0,6.0,June
2025-06-16,white mocha  (iced),Coffee Based,3,Over-prepared,35.0,105.0,6.0,June
2025-06-16,the Christmas drink (hot ),Signature Kôfē,3,Spoiled,32.0,96.0,6.0,June
2025-06-16,Overload lomi (malapot),Mini Bites,4,Spoiled,99.0,396.0,6.0,June
2025-06-17,drip coffee (8 bags/pouch) (barako),Sans Coffee,4,Over-prepared,37.0,148.0,6.0,June
2025-06-17,BFF (Better French fries) Large (sour cream),Mini Bites,2,Spoiled,28.0,56.0,6.0,June
2025-06-17,strawberry latte,Sans Coffee,2,Expired,36.0,72.0,6.0,June
2025-06-17,triple caramel ,Kôfē Frappé,4,Expired,38.0,152.0,6.0,June
2025-06-17,Sinagtala lomi 20 pax,Mini Bites,2,Spoiled,360.0,720.0,6.0,June
2025-06-18,Add_on (ham),Sans Coffee,2,Over-prepared,15.0,30.0,6.0,June
2025-06-18,Ramen (regular),Mini Bites,1,Quality issue,17.0,17.0,6.0,June
2025-06-18,white mocha (iced),Coffee Based,3,Over-prepared,45.0,135.0,6.0,June
2025-06-18,brownie,Sans Coffee,4,Over-prepared,21.0,84.0,6.0,June
2025-06-19,americano (iced),Coffee Based,3,Expired,28.0,84.0,6.0,June
2025-06-19,Drip coffee  (barako),Sans Coffee,1,Spoiled,17.0,17.0,6.0,June
2025-06-19,Chicken wings (half dozen),Mini Bites,3,Over-prepared,82.0,246.0,6.0,June
2025-06-19,triple caramel,Kôfē Frappé,3,Spoiled,48.0,144.0,6.0,June
2025-06-20,BFF (Better French fries)medium  (large),Mini Bites,3,Over-prepared,27.0,81.0,6.0,June
2025-06-20,Chiz melt  (ham),Mini Bites,4,Quality issue,26.0,104.0,6.0,June
2025-06-20,Chicken wings (3pcs),Mini Bites,2,Spoiled,45.0,90.0,6.0,June
2025-06-20,super mocha ,Kôfē Frappé,4,Spoiled,38.0,152.0,6.0,June
2025-06-20,French fries Spicy barbecue  (medium ),Mini Bites,3,Over-prepared,18.0,54.0,6.0,June
2025-06-21,Chiz melt  (ham),Mini Bites,5,Expired,26.0,130.0,6.0,June
2025-06-21,Chicken pops (bbq),Mini Bites,4,Over-prepared,50.0,200.0,6.0,June
2025-06-21,caramel macchiato (iced),Coffee Based,3,Over-prepared,45.0,135.0,6.0,June
2025-06-21,triple caramel,Kôfē Frappé,2,Over-prepared,48.0,96.0,6.0,June
2025-06-21,BFF (Better French fries)medium  (medium ),Mini Bites,2,Over-prepared,15.0,30.0,6.0,June
2025-06-22,white mocha  (hot),Coffee Based,3,Over-prepared,32.0,96.0,6.0,June
2025-06-22,FFFF (large sc),Sans Coffee,4,Quality issue,18.0,72.0,6.0,June
2025-06-22,choco coated waffle,Sans Coffee,5,Over-prepared,21.0,105.0,6.0,June
2025-06-22,Add_on (egg),Sans Coffee,1,Expired,10.0,10.0,6.0,June
2025-06-22,matcha espresso fusion  (hot),Signature Kôfē,4,Over-prepared,32.0,128.0,6.0,June
2025-06-22,cappuccino  (hot),Coffee Based,3,Spoiled,29.0,87.0,6.0,June
2025-06-23,Overload lomi (malabnaw),Mini Bites,2,Expired,99.0,198.0,6.0,June
2025-06-23,Cookies ,Sans Coffee,2,Over-prepared,18.0,36.0,6.0,June
2025-06-23,iced creamy barako,Sans Coffee,1,Spoiled,24.0,24.0,6.0,June
2025-06-23,BFF (Better French fries) Large (cheese ),Mini Bites,4,Over-prepared,28.0,112.0,6.0,June
2025-06-24,cappuccino  (ice),Coffee Based,3,Spoiled,32.0,96.0,6.0,June
2025-06-24,Spanish latte (hot),Coffee Based,3,Expired,29.0,87.0,6.0,June
2025-06-24,extra shot,Sans Coffee,1,Expired,16.0,16.0,6.0,June
2025-06-24,white mocha (hot),Coffee Based,1,Expired,42.0,42.0,6.0,June
2025-06-25,Chiz melt  (ham),Mini Bites,3,Expired,26.0,78.0,6.0,June
2025-06-25,blended cappuccino ,Kôfē Frappé,3,Over-prepared,33.0,99.0,6.0,June
2025-06-25,Belgian waffle  (strawberry chocolate ),Sans Coffee,1,Quality issue,27.0,27.0,6.0,June
2025-06-25,brownie,Sans Coffee,3,Over-prepared,21.0,63.0,6.0,June
2025-06-25,Chicken wings (half dozen),Mini Bites,3,Over-prepared,82.0,246.0,6.0,June
2025-06-26,French fries Spicy barbecue  (large ),Mini Bites,5,Over-prepared,30.0,150.0,6.0,June
2025-06-26,Strawberry Reverie ,Sans Coffee,3,Over-prepared,39.0,117.0,6.0,June
2025-06-26,hot creamy barako,Sans Coffee,3,Expired,19.0,57.0,6.0,June
2025-06-26,triple caramel ,Kôfē Frappé,4,Over-prepared,38.0,152.0,6.0,June
2025-06-27,premium barako,Sans Coffee,3,Quality issue,15.0,45.0,6.0,June
2025-06-27,6 Chicken wings ,Mini Bites,3,Spoiled,82.0,246.0,6.0,June
2025-06-27,drip coffee (8 bags/pouch) (arabica),Sans Coffee,4,Over-prepared,62.0,248.0,6.0,June
2025-06-27,BFF (Better French fries)medium  (sour cream),Mini Bites,2,Expired,16.0,32.0,6.0,June
2025-06-28,drip coffee (8 bags/pouch) (arabica),Sans Coffee,3,Over-prepared,62.0,186.0,6.0,June
2025-06-28,Chiz melt  (ham),Mini Bites,3,Over-prepared,26.0,78.0,6.0,June
2025-06-28,French fries Spicy barbecue  (medium ),Mini Bites,4,Over-prepared,18.0,72.0,6.0,June
2025-06-28,Iced honey shaken espresso ,Signature Kôfē,4,Over-prepared,36.0,144.0,6.0,June
2025-06-28,street food sampler (medium),Sans Coffee,5,Over-prepared,16.0,80.0,6.0,June
2025-06-28,Chicken fillet,Mini Bites,4,Spoiled,45.0,180.0,6.0,June
2025-06-29,Add_on (seaweeds),Sans Coffee,3,Expired,8.0,24.0,6.0,June
2025-06-29,Spanish latte (iced),Coffee Based,5,Spoiled,32.0,160.0,6.0,June
2025-06-29,white mocha (hot),Coffee Based,4,Over-prepared,42.0,168.0,6.0,June
2025-06-29,the super charged (25% more coffee)  (hot),Sans Coffee,3,Over-prepared,31.0,93.0,6.0,June
2025-06-29,iced premium barako,Sans Coffee,4,Over-prepared,21.0,84.0,6.0,June
2025-06-29,matcha espresso fusion  (hot),Signature Kôfē,3,Expired,32.0,96.0,6.0,June
2025-06-30,Add_on (egg),Sans Coffee,1,Over-prepared,10.0,10.0,6.0,June
2025-06-30,matcha Supreme latte (iced),Sans Coffee,5,Expired,35.0,175.0,6.0,June
2025-06-30,caramel macchiato  (hot),Coffee Based,3,Spoiled,32.0,96.0,6.0,June
2025-06-30,matcha espresso fusion  (hot),Signature Kôfē,2,Expired,32.0,64.0,6.0,June
2025-07-01,Sinagtala lomi 20 pax,Mini Bites,5,Over-prepared,360.0,1800.0,7.0,July
2025-07-01,the SM tea,Sans Coffee,5,Expired,37.0,185.0,7.0,July
2025-07-01,Iced honey shaken espresso ,Signature Kôfē,5,Expired,36.0,180.0,7.0,July
2025-07-01,Overload lomi (malapot),Mini Bites,2,Over-prepared,99.0,198.0,7.0,July
2025-07-01,premium barako,Sans Coffee,1,Expired,15.0,15.0,7.0,July
2025-07-02,FFFF (large bbq),Sans Coffee,1,Over-prepared,18.0,18.0,7.0,July
2025-07-02,BFF (Better French fries) Large (cheese),Mini Bites,3,Over-prepared,30.0,90.0,7.0,July
2025-07-02,triple caramel ,Kôfē Frappé,1,Spoiled,38.0,38.0,7.0,July
2025-07-02,oreo overload Frappe,Kôfē Frappé,1,Over-prepared,48.0,48.0,7.0,July
2025-07-03,BFF (Better French fries)medium  ( cheese ),Mini Bites,5,Over-prepared,16.0,80.0,7.0,July
2025-07-03,the super charged (25% more coffee)  (iced),Sans Coffee,1,Quality issue,34.0,34.0,7.0,July
2025-07-03,dirty coffee shake ,Kôfē Frappé,3,Expired,38.0,114.0,7.0,July
2025-07-03,americano (iced),Coffee Based,2,Over-prepared,28.0,56.0,7.0,July
2025-07-04,Spanish latte (iced),Coffee Based,5,Spoiled,32.0,160.0,7.0,July
2025-07-04,latte,Coffee Based,1,Quality issue,42.0,42.0,7.0,July
2025-07-04,matcha Supreme latte (iced),Sans Coffee,3,Over-prepared,35.0,105.0,7.0,July
2025-07-04,drip coffee (8 bags/pouch) (barako),Sans Coffee,3,Expired,37.0,111.0,7.0,July
2025-07-04,belgian waffle plain ,Sans Coffee,4,Quality issue,21.0,84.0,7.0,July
2025-07-05,super mocha ,Kôfē Frappé,3,Spoiled,38.0,114.0,7.0,July
2025-07-05,Chicken wings (3pcs),Mini Bites,3,Quality issue,45.0,135.0,7.0,July
2025-07-05,Chiz melt (bacon),Mini Bites,3,Spoiled,30.0,90.0,7.0,July
2025-07-05,white mocha  (iced),Coffee Based,2,Spoiled,35.0,70.0,7.0,July
2025-07-05,oreo overload Frappe ,Kôfē Frappé,3,Spoiled,37.0,111.0,7.0,July
2025-07-05,hot creamy barako,Sans Coffee,3,Over-prepared,19.0,57.0,7.0,July
2025-07-06,Cold brew with foamy vanilla ,Sans Coffee,1,Over-prepared,31.0,31.0,7.0,July
2025-07-06,hot cocoa latte ,Sans Coffee,1,Spoiled,32.0,32.0,7.0,July
2025-07-06,caramel macchiato  (iced),Coffee Based,4,Quality issue,35.0,140.0,7.0,July
2025-07-06,iced creamy barako,Sans Coffee,4,Quality issue,24.0,96.0,7.0,July
2025-07-06,6 Chicken wings ,Mini Bites,4,Over-prepared,82.0,328.0,7.0,July
2025-07-07,hot creamy barako,Sans Coffee,4,Spoiled,19.0,76.0,7.0,July
2025-07-07,dirty coffee shake ,Kôfē Frappé,3,Over-prepared,38.0,114.0,7.0,July
2025-07-07,BFF (Better French fries) Large (cheese),Mini Bites,4,Over-prepared,30.0,120.0,7.0,July
2025-07-07,BFF (Better French fries) Large (cheese ),Mini Bites,4,Spoiled,28.0,112.0,7.0,July
2025-07-07,Chiz melt (bacon),Mini Bites,4,Spoiled,30.0,120.0,7.0,July
2025-07-08,the SM tea,Sans Coffee,3,Expired,37.0,111.0,7.0,July
2025-07-08,sparkling berry,Sans Coffee,3,Expired,31.0,93.0,7.0,July
2025-07-08,strawberry latte,Sans Coffee,2,Spoiled,36.0,72.0,7.0,July
2025-07-08,FFFF (large bbq),Sans Coffee,5,Expired,18.0,90.0,7.0,July
2025-07-09,Chiz melt  (spam lite),Mini Bites,5,Over-prepared,27.0,135.0,7.0,July
2025-07-09,strawberry latte,Sans Coffee,4,Over-prepared,36.0,144.0,7.0,July
2025-07-09,Cold brew with foamy vanilla ,Sans Coffee,4,Over-prepared,31.0,124.0,7.0,July
2025-07-09,Add_on (kimchi),Sans Coffee,3,Spoiled,15.0,45.0,7.0,July
2025-07-10,Chicken wings (half dozen),Mini Bites,3,Over-prepared,82.0,246.0,7.0,July
2025-07-10,Belgian waffle  (mango caramel ),Sans Coffee,3,Expired,27.0,81.0,7.0,July
2025-07-10,matcha Supreme latte (hot),Sans Coffee,4,Over-prepared,32.0,128.0,7.0,July
2025-07-10,Cookies ,Sans Coffee,5,Expired,18.0,90.0,7.0,July
2025-07-11,caramel macchiato (iced),Coffee Based,1,Expired,45.0,45.0,7.0,July
2025-07-11,mocha (iced),Coffee Based,4,Over-prepared,35.0,140.0,7.0,July
2025-07-11,Chicken pops (bbq),Mini Bites,5,Expired,50.0,250.0,7.0,July
2025-07-11,Whipped Americano,Signature Kôfē,4,Expired,36.0,144.0,7.0,July
2025-07-12,Overload lomi (malabnaw),Mini Bites,2,Over-prepared,99.0,198.0,7.0,July
2025-07-12,mango banana milk shake ,Kôfē Frappé,3,Over-prepared,35.0,105.0,7.0,July
2025-07-12,Spanish latte (iced),Coffee Based,5,Expired,32.0,160.0,7.0,July
2025-07-12,matcha espresso fusion  (hot),Signature Kôfē,3,Over-prepared,32.0,96.0,7.0,July
2025-07-12,oreo overload Frappe,Kôfē Frappé,3,Over-prepared,48.0,144.0,7.0,July
2025-07-13,americano (iced),Coffee Based,3,Spoiled,28.0,84.0,7.0,July
2025-07-13,Strawberry Reverie ,Sans Coffee,1,Over-prepared,39.0,39.0,7.0,July
2025-07-13,iced creamy barako,Sans Coffee,1,Over-prepared,24.0,24.0,7.0,July
2025-07-13,BFF (Better French fries)medium  (sour cream),Mini Bites,3,Quality issue,16.0,48.0,7.0,July
2025-07-13,matcha Supreme latte (hot),Sans Coffee,2,Spoiled,32.0,64.0,7.0,July
2025-07-13,French fries Spicy barbecue  (large ),Mini Bites,3,Over-prepared,30.0,90.0,7.0,July
2025-07-14,BFF (Better French fries)medium  (large),Mini Bites,3,Spoiled,27.0,81.0,7.0,July
2025-07-14,Choco caramel decadence,Sans Coffee,5,Over-prepared,45.0,225.0,7.0,July
2025-07-14,drip coffee (8 bags/pouch) (barako),Sans Coffee,1,Over-prepared,37.0,37.0,7.0,July
2025-07-14,strawberry latte,Sans Coffee,3,Over-prepared,36.0,108.0,7.0,July
2025-07-15,Product Name (special b),Sans Coffee,1,Over-prepared,46.0,46.0,7.0,July
2025-07-15,hot creamy barako,Sans Coffee,3,Quality issue,19.0,57.0,7.0,July
2025-07-15,dirty coffee shake ,Kôfē Frappé,3,Expired,38.0,114.0,7.0,July
2025-07-15,Belgian waffle  (strawberry chocolate ),Sans Coffee,1,Over-prepared,27.0,27.0,7.0,July
2025-07-16,Product Name (regular ),Sans Coffee,3,Spoiled,18.0,54.0,7.0,July
2025-07-16,caramel macchiato  (iced),Coffee Based,3,Over-prepared,35.0,105.0,7.0,July
2025-07-16,Chicken wings (half dozen),Mini Bites,3,Over-prepared,82.0,246.0,7.0,July
2025-07-16,the super charged (25% more coffee)  (iced),Sans Coffee,4,Expired,34.0,136.0,7.0,July
2025-07-16,drip coffee (8 bags/pouch) (barako),Sans Coffee,1,Over-prepared,37.0,37.0,7.0,July
2025-07-17,white mocha  (iced),Coffee Based,2,Over-prepared,35.0,70.0,7.0,July
2025-07-17,BFF (Better French fries)medium  (sour cream),Mini Bites,3,Over-prepared,16.0,48.0,7.0,July
2025-07-17,Product Name (special a),Sans Coffee,3,Quality issue,41.0,123.0,7.0,July
2025-07-17,Choco caramel decadence,Sans Coffee,1,Expired,45.0,45.0,7.0,July
2025-07-18,dalgona ,Signature Kôfē,1,Expired,32.0,32.0,7.0,July
2025-07-18, latte ,Coffee Based,2,Quality issue,29.0,58.0,7.0,July
2025-07-18,street food sampler (medium),Sans Coffee,3,Quality issue,16.0,48.0,7.0,July
2025-07-18,cappuccino  (ice),Coffee Based,4,Over-prepared,32.0,128.0,7.0,July
2025-07-18,choco coated waffle,Sans Coffee,3,Spoiled,21.0,63.0,7.0,July
2025-07-19,Overload lomi (malapot),Mini Bites,3,Expired,99.0,297.0,7.0,July
2025-07-19,kofetala special blend ,Sans Coffee,3,Over-prepared,34.0,102.0,7.0,July
2025-07-19,Belgian waffle  (peanut butter ),Sans Coffee,1,Over-prepared,25.0,25.0,7.0,July
2025-07-19,blended cappuccino ,Kôfē Frappé,3,Over-prepared,33.0,99.0,7.0,July
2025-07-19,Belgian waffle  (strawberry chocolate ),Sans Coffee,1,Spoiled,27.0,27.0,7.0,July
2025-07-20,cappuccino  (hot),Coffee Based,4,Spoiled,29.0,116.0,7.0,July
2025-07-20,hot citron tea,Sans Coffee,3,Quality issue,22.0,66.0,7.0,July
2025-07-20,simple milk tea ,Sans Coffee,3,Quality issue,28.0,84.0,7.0,July
2025-07-20,BFF (Better French fries)medium  (medium ),Mini Bites,5,Over-prepared,15.0,75.0,7.0,July
2025-07-20,Chicken fillet,Mini Bites,3,Spoiled,45.0,135.0,7.0,July
2025-07-21,Drip coffee  (barako),Sans Coffee,2,Expired,17.0,34.0,7.0,July
2025-07-21,hot citron tea,Sans Coffee,4,Over-prepared,22.0,88.0,7.0,July
2025-07-21,blended cappuccino ,Kôfē Frappé,3,Expired,33.0,99.0,7.0,July
2025-07-21,Iced honey shaken espresso ,Signature Kôfē,3,Quality issue,36.0,108.0,7.0,July
2025-07-21,cappuccino  (ice),Coffee Based,5,Over-prepared,32.0,160.0,7.0,July
2025-07-22,kofetala special blend ,Sans Coffee,1,Over-prepared,34.0,34.0,7.0,July
2025-07-22,Add_on (ham),Sans Coffee,1,Expired,15.0,15.0,7.0,July
2025-07-22,the super charged (25% more coffee)  (hot),Sans Coffee,3,Expired,31.0,93.0,7.0,July
2025-07-22,oreo overload Frappe,Kôfē Frappé,4,Over-prepared,48.0,192.0,7.0,July
2025-07-22,BFF (Better French fries) Large (sour cream),Mini Bites,1,Expired,28.0,28.0,7.0,July
2025-07-23,FFFF (plain with catsup medium),Sans Coffee,1,Expired,8.0,8.0,7.0,July
2025-07-23,Sinagtala lomi 20 pax,Mini Bites,5,Expired,360.0,1800.0,7.0,July
2025-07-23,oreo overload Frappe ,Kôfē Frappé,3,Expired,37.0,111.0,7.0,July
2025-07-23,Chicken wings (1 dozen),Mini Bites,4,Over-prepared,165.0,660.0,7.0,July
2025-07-24,hot citron tea,Sans Coffee,4,Over-prepared,22.0,88.0,7.0,July
2025-07-24,cappuccino  (hot),Coffee Based,4,Quality issue,29.0,116.0,7.0,July
2025-07-24,mocha (hot),Coffee Based,4,Expired,31.0,124.0,7.0,July
2025-07-24,americano (hot),Coffee Based,4,Expired,26.0,104.0,7.0,July
2025-07-25, latte ,Coffee Based,3,Over-prepared,29.0,87.0,7.0,July
2025-07-25,French fries Spicy barbecue  (medium ),Mini Bites,4,Expired,18.0,72.0,7.0,July
2025-07-25,BFF (Better French fries)medium  (large),Mini Bites,5,Spoiled,27.0,135.0,7.0,July
2025-07-25,Iced honey shaken espresso ,Signature Kôfē,1,Spoiled,36.0,36.0,7.0,July
2025-07-26,simple milk tea ,Sans Coffee,1,Expired,28.0,28.0,7.0,July
2025-07-26,Choco caramel decadence,Sans Coffee,1,Over-prepared,45.0,45.0,7.0,July
2025-07-26,Extra Rice,Sans Coffee,3,Expired,5.0,15.0,7.0,July
2025-07-26,hot cocoa latte ,Sans Coffee,3,Over-prepared,32.0,96.0,7.0,July
2025-07-26,the super charged (25% more coffee)  (hot),Sans Coffee,3,Spoiled,31.0,93.0,7.0,July
2025-07-27,Overload lomi (malapot),Mini Bites,4,Over-prepared,99.0,396.0,7.0,July
2025-07-27,Belgian waffle  (peanut butter ),Sans Coffee,4,Quality issue,25.0,100.0,7.0,July
2025-07-27,choco dinosaur latte,Sans Coffee,3,Expired,35.0,105.0,7.0,July
2025-07-27,French fries Spicy barbecue  (large ),Mini Bites,3,Expired,30.0,90.0,7.0,July
2025-07-27,white mocha  (hot),Coffee Based,2,Expired,32.0,64.0,7.0,July
2025-07-27,BFF (Better French fries) Large (cheese ),Mini Bites,3,Spoiled,28.0,84.0,7.0,July
2025-07-28,BFF (Better French fries) Large (cheese),Mini Bites,3,Spoiled,30.0,90.0,7.0,July
2025-07-28,the super charged (25% more coffee)  (hot),Sans Coffee,1,Spoiled,31.0,31.0,7.0,July
2025-07-28,dalgona ,Signature Kôfē,2,Over-prepared,32.0,64.0,7.0,July
2025-07-28,matcha espresso fusion  (iced),Signature Kôfē,3,Over-prepared,35.0,105.0,7.0,July
2025-07-29,Spanish latte (iced),Coffee Based,1,Quality issue,32.0,32.0,7.0,July
2025-07-29,cappuccino  (ice),Coffee Based,1,Spoiled,32.0,32.0,7.0,July
2025-07-29,kofetala special blend ,Sans Coffee,3,Over-prepared,34.0,102.0,7.0,July
2025-07-29,mango banana milk shake ,Kôfē Frappé,2,Over-prepared,35.0,70.0,7.0,July
2025-07-30,drip coffee (8 bags/pouch) (barako),Sans Coffee,2,Over-prepared,37.0,74.0,7.0,July
2025-07-30,street food sampler (large),Sans Coffee,1,Expired,28.0,28.0,7.0,July
2025-07-30,FFFF (med sc),Sans Coffee,1,Expired,8.0,8.0,7.0,July
2025-07-30,the Christmas drink (iced),Signature Kôfē,3,Over-prepared,34.0,102.0,7.0,July
2025-07-31,Whipped Americano,Signature Kôfē,3,Spoiled,36.0,108.0,7.0,July
2025-07-31,caramel macchiato (hot),Coffee Based,5,Expired,42.0,210.0,7.0,July
2025-07-31,the Christmas drink (iced),Signature Kôfē,3,Quality issue,34.0,102.0,7.0,July
2025-07-31,premium barako,Sans Coffee,5,Spoiled,15.0,75.0,7.0,July
2025-07-31,Chicken wings (half dozen),Mini Bites,1,Expired,82.0,82.0,7.0,July
2025-08-01,Chicken wings (extra rice ),Mini Bites,3,Over-prepared,4.0,12.0,8.0,August
2025-08-01,Chiz melt (bacon),Mini Bites,2,Quality issue,30.0,60.0,8.0,August
2025-08-01,Chicken pops (bbq),Mini Bites,3,Over-prepared,50.0,150.0,8.0,August
2025-08-01,Add_on (cheese),Sans Coffee,5,Over-prepared,12.0,60.0,8.0,August
2025-08-02,Product Name (regular ),Sans Coffee,2,Spoiled,18.0,36.0,8.0,August
2025-08-02,Ramen (regular),Mini Bites,3,Quality issue,17.0,51.0,8.0,August
2025-08-02,BFF (Better French fries)medium  (medium ),Mini Bites,4,Spoiled,15.0,60.0,8.0,August
2025-08-02, latte ,Coffee Based,2,Over-prepared,29.0,58.0,8.0,August
2025-08-02,drip coffee (8 bags/pouch) (arabica),Sans Coffee,3,Expired,62.0,186.0,8.0,August
2025-08-03,French fries plain (large),Mini Bites,1,Expired,90.0,90.0,8.0,August
2025-08-03,drip coffee (8 bags/pouch) (arabica),Sans Coffee,3,Over-prepared,62.0,186.0,8.0,August
2025-08-03,cappuccino  (hot),Coffee Based,1,Expired,29.0,29.0,8.0,August
2025-08-03,BFF (Better French fries) Large (cheese),Mini Bites,3,Over-prepared,30.0,90.0,8.0,August
2025-08-04,extra shot,Sans Coffee,3,Quality issue,16.0,48.0,8.0,August
2025-08-04,Chiz melt  (bacon),Mini Bites,1,Quality issue,28.0,28.0,8.0,August
2025-08-04,choco coated waffle,Sans Coffee,2,Spoiled,21.0,42.0,8.0,August
2025-08-04,caramel macchiato  (iced),Coffee Based,3,Quality issue,35.0,105.0,8.0,August
2025-08-05,triple caramel,Kôfē Frappé,5,Over-prepared,48.0,240.0,8.0,August
2025-08-05,cappuccino  (hot),Coffee Based,3,Expired,29.0,87.0,8.0,August
2025-08-05,Sinagtala lomi 20 pax,Mini Bites,1,Spoiled,360.0,360.0,8.0,August
2025-08-05,Add_on (seaweeds),Sans Coffee,4,Over-prepared,8.0,32.0,8.0,August
2025-08-06,Iced honey shaken espresso ,Signature Kôfē,3,Spoiled,36.0,108.0,8.0,August
2025-08-06,oreo overload Frappe,Kôfē Frappé,2,Over-prepared,48.0,96.0,8.0,August
2025-08-06,French fries Spicy barbecue  (medium ),Mini Bites,5,Spoiled,18.0,90.0,8.0,August
2025-08-06,6 Chicken wings ,Mini Bites,3,Expired,82.0,246.0,8.0,August
2025-08-07,brownie,Sans Coffee,4,Quality issue,21.0,84.0,8.0,August
2025-08-07,Coffee Syphon (arabica),Sans Coffee,2,Spoiled,30.0,60.0,8.0,August
2025-08-07,mocha (hot),Coffee Based,5,Over-prepared,31.0,155.0,8.0,August
2025-08-07,Chicken wings (1 dozen),Mini Bites,3,Spoiled,165.0,495.0,8.0,August
2025-08-08,BFF (Better French fries)medium  (large),Mini Bites,1,Expired,27.0,27.0,8.0,August
2025-08-08,hot cocoa latte ,Sans Coffee,1,Spoiled,32.0,32.0,8.0,August
2025-08-08,mango banana milk shake ,Kôfē Frappé,5,Quality issue,35.0,175.0,8.0,August
2025-08-08,Product Name (regular ),Sans Coffee,3,Spoiled,18.0,54.0,8.0,August
2025-08-09,simple milk tea ,Sans Coffee,2,Expired,28.0,56.0,8.0,August
2025-08-09,BFF (Better French fries)medium  ( cheese ),Mini Bites,3,Over-prepared,16.0,48.0,8.0,August
2025-08-09, latte ,Coffee Based,2,Expired,29.0,58.0,8.0,August
2025-08-09,sparkling berry,Sans Coffee,3,Over-prepared,31.0,93.0,8.0,August
2025-08-09,French fries plain (large),Mini Bites,3,Expired,90.0,270.0,8.0,August
2025-08-10, latte ,Coffee Based,5,Over-prepared,29.0,145.0,8.0,August
2025-08-10,FFFF (plain with catsup medium),Sans Coffee,2,Over-prepared,8.0,16.0,8.0,August
2025-08-10,oreo overload Frappe,Kôfē Frappé,4,Over-prepared,48.0,192.0,8.0,August
2025-08-10,Chicken wings (1 dozen),Mini Bites,4,Spoiled,165.0,660.0,8.0,August
2025-08-11,Chicken wings (1 dozen),Mini Bites,2,Over-prepared,165.0,330.0,8.0,August
2025-08-11,the super charged (25% more coffee)  (hot),Sans Coffee,2,Over-prepared,31.0,62.0,8.0,August
2025-08-11,the Christmas drink (iced),Signature Kôfē,2,Spoiled,34.0,68.0,8.0,August
2025-08-12,white mocha (hot),Coffee Based,3,Over-prepared,42.0,126.0,8.0,August
2025-08-12,white mocha (iced),Coffee Based,3,Over-prepared,45.0,135.0,8.0,August
2025-08-12,Add_on (egg),Sans Coffee,4,Over-prepared,10.0,40.0,8.0,August
2025-08-12,Sinagtala lomi 20 pax,Mini Bites,2,Over-prepared,360.0,720.0,8.0,August
2025-08-13,matcha espresso fusion  (hot),Signature Kôfē,3,Expired,32.0,96.0,8.0,August
2025-08-13,caramel macchiato (iced),Coffee Based,2,Over-prepared,45.0,90.0,8.0,August
2025-08-13,drip coffee (8 bags/pouch) (barako),Sans Coffee,5,Over-prepared,37.0,185.0,8.0,August
2025-08-13,cappuccino  (ice),Coffee Based,3,Over-prepared,32.0,96.0,8.0,August
2025-08-14,belgian waffle plain ,Sans Coffee,2,Expired,21.0,42.0,8.0,August
2025-08-14,cappuccino  (hot),Coffee Based,3,Quality issue,29.0,87.0,8.0,August
2025-08-14,caramel macchiato  (iced),Coffee Based,5,Over-prepared,35.0,175.0,8.0,August
2025-08-14,BFF (Better French fries) Large (cheese ),Mini Bites,1,Expired,28.0,28.0,8.0,August
2025-08-15,matcha Supreme latte (hot),Sans Coffee,3,Spoiled,32.0,96.0,8.0,August
2025-08-15,the SM tea,Sans Coffee,3,Over-prepared,37.0,111.0,8.0,August
2025-08-15,blended cappuccino ,Kôfē Frappé,3,Quality issue,33.0,99.0,8.0,August
2025-08-16,dirty coffee shake ,Kôfē Frappé,5,Spoiled,38.0,190.0,8.0,August
2025-08-16,caramel macchiato  (iced),Coffee Based,5,Over-prepared,35.0,175.0,8.0,August
2025-08-16,mango banana milk shake ,Kôfē Frappé,3,Quality issue,35.0,105.0,8.0,August
2025-08-16,Add_on (cheese),Sans Coffee,5,Expired,12.0,60.0,8.0,August
2025-08-16,strawberry latte,Sans Coffee,1,Over-prepared,36.0,36.0,8.0,August
2025-08-16,super mocha ,Kôfē Frappé,3,Spoiled,38.0,114.0,8.0,August
2025-08-17,BFF (Better French fries)medium  ( cheese ),Mini Bites,3,Over-prepared,16.0,48.0,8.0,August
2025-08-17,extra shot,Sans Coffee,1,Quality issue,16.0,16.0,8.0,August
2025-08-17,mocha (iced),Coffee Based,5,Over-prepared,35.0,175.0,8.0,August
2025-08-17,drip coffee (8 bags/pouch) (barako),Sans Coffee,3,Spoiled,37.0,111.0,8.0,August
2025-08-17,iced premium barako,Sans Coffee,3,Over-prepared,21.0,63.0,8.0,August
2025-08-18,BFF (Better French fries)medium  (sour cream),Mini Bites,3,Spoiled,16.0,48.0,8.0,August
2025-08-18,French fries Spicy barbecue  (large ),Mini Bites,3,Over-prepared,30.0,90.0,8.0,August
2025-08-18,hot cocoa latte ,Sans Coffee,3,Over-prepared,32.0,96.0,8.0,August
2025-08-18,iced premium barako,Sans Coffee,1,Expired,21.0,21.0,8.0,August
2025-08-19,street food sampler (large),Sans Coffee,4,Expired,28.0,112.0,8.0,August
2025-08-19, latte ,Coffee Based,4,Over-prepared,29.0,116.0,8.0,August
2025-08-19,latte,Coffee Based,3,Spoiled,42.0,126.0,8.0,August
2025-08-19,BFF (Better French fries)medium  ( cheese ),Mini Bites,3,Over-prepared,16.0,48.0,8.0,August
2025-08-20,sparkling berry,Sans Coffee,1,Spoiled,31.0,31.0,8.0,August
2025-08-20,Add_on (seaweeds),Sans Coffee,3,Over-prepared,8.0,24.0,8.0,August
2025-08-20,Chiz melt  (bacon),Mini Bites,5,Quality issue,28.0,140.0,8.0,August
2025-08-20,hot cocoa latte ,Sans Coffee,5,Over-prepared,32.0,160.0,8.0,August
2025-08-21,BFF (Better French fries)medium  ( cheese ),Mini Bites,2,Over-prepared,16.0,32.0,8.0,August
2025-08-21,super mocha ,Kôfē Frappé,1,Expired,38.0,38.0,8.0,August
2025-08-21,oreo overload Frappe ,Kôfē Frappé,1,Over-prepared,37.0,37.0,8.0,August
2025-08-21,Ramen (regular),Mini Bites,4,Expired,17.0,68.0,8.0,August
2025-08-22,BFF (Better French fries) Large (sour cream),Mini Bites,1,Over-prepared,28.0,28.0,8.0,August
2025-08-22,latte,Coffee Based,1,Over-prepared,42.0,42.0,8.0,August
2025-08-22,Add_on (ham),Sans Coffee,3,Expired,15.0,45.0,8.0,August
2025-08-23,belgian waffle plain ,Sans Coffee,4,Quality issue,21.0,84.0,8.0,August
2025-08-23,Cold brew with foamy vanilla ,Sans Coffee,4,Over-prepared,31.0,124.0,8.0,August
2025-08-23,caramel macchiato  (hot),Coffee Based,3,Over-prepared,32.0,96.0,8.0,August
2025-08-23,matcha espresso fusion  (hot),Signature Kôfē,2,Expired,32.0,64.0,8.0,August
2025-08-23,French fries Spicy barbecue  (medium ),Mini Bites,3,Over-prepared,18.0,54.0,8.0,August
2025-08-24,Spanish latte (iced),Coffee Based,5,Spoiled,32.0,160.0,8.0,August
2025-08-24,dalgona ,Signature Kôfē,1,Over-prepared,32.0,32.0,8.0,August
2025-08-24,BFF (Better French fries) Large (sour cream),Mini Bites,2,Over-prepared,28.0,56.0,8.0,August
2025-08-24,oreo overload Frappe,Kôfē Frappé,2,Over-prepared,48.0,96.0,8.0,August
2025-08-24,Drip coffee  (barako),Sans Coffee,4,Over-prepared,17.0,68.0,8.0,August
2025-08-25,matcha Supreme latte (hot),Sans Coffee,1,Over-prepared,32.0,32.0,8.0,August
2025-08-25,Add_on (kimchi),Sans Coffee,3,Expired,15.0,45.0,8.0,August
2025-08-25,sparkling berry,Sans Coffee,3,Over-prepared,31.0,93.0,8.0,August
2025-08-25,Chiz melt (bacon),Mini Bites,5,Expired,30.0,150.0,8.0,August
2025-08-26,cappuccino  (ice),Coffee Based,3,Over-prepared,32.0,96.0,8.0,August
2025-08-26,blended cappuccino ,Kôfē Frappé,4,Spoiled,33.0,132.0,8.0,August
2025-08-26,street food sampler (large),Sans Coffee,1,Spoiled,28.0,28.0,8.0,August
2025-08-26,belgian waffle plain ,Sans Coffee,4,Spoiled,21.0,84.0,8.0,August
2025-08-27,white mocha (iced),Coffee Based,1,Over-prepared,45.0,45.0,8.0,August
2025-08-27,French fries Spicy barbecue  (large ),Mini Bites,4,Over-prepared,30.0,120.0,8.0,August
2025-08-27,hot cocoa latte ,Sans Coffee,3,Spoiled,32.0,96.0,8.0,August
2025-08-27,Chiz melt  (bacon),Mini Bites,1,Spoiled,28.0,28.0,8.0,August
2025-08-28,BFF (Better French fries) Large (cheese),Mini Bites,1,Over-prepared,30.0,30.0,8.0,August
2025-08-28,drip coffee (8 bags/pouch) (barako),Sans Coffee,5,Expired,37.0,185.0,8.0,August
2025-08-28,cappuccino  (hot),Coffee Based,4,Expired,29.0,116.0,8.0,August
2025-08-28,Chicken wings (extra rice ),Mini Bites,5,Over-prepared,4.0,20.0,8.0,August
2025-08-29,premium barako,Sans Coffee,1,Over-prepared,15.0,15.0,8.0,August
2025-08-29,FFFF (large sc),Sans Coffee,4,Over-prepared,18.0,72.0,8.0,August
2025-08-29,FFFF (med sc),Sans Coffee,1,Expired,8.0,8.0,8.0,August
2025-08-29,kofetala special blend ,Sans Coffee,4,Over-prepared,34.0,136.0,8.0,August
2025-08-30,super mocha ,Kôfē Frappé,3,Over-prepared,38.0,114.0,8.0,August
2025-08-30,Add_on (seaweeds),Sans Coffee,1,Quality issue,8.0,8.0,8.0,August
2025-08-30,Overload lomi (malabnaw),Mini Bites,4,Over-prepared,99.0,396.0,8.0,August
2025-08-30,latte,Coffee Based,3,Expired,42.0,126.0,8.0,August
2025-08-31,Iced honey shaken espresso ,Signature Kôfē,5,Quality issue,36.0,180.0,8.0,August
2025-08-31,iced premium barako,Sans Coffee,1,Over-prepared,21.0,21.0,8.0,August
2025-08-31,drip coffee (8 bags/pouch) (arabica),Sans Coffee,3,Over-prepared,62.0,186.0,8.0,August
2025-08-31,matcha Supreme latte (iced),Sans Coffee,2,Over-prepared,35.0,70.0,8.0,August
2025-08-31,Add_on (seaweeds),Sans Coffee,5,Spoiled,8.0,40.0,8.0,August
2025-09-01,Belgian waffle  (strawberry chocolate ),Sans Coffee,2,Spoiled,27.0,54.0,9.0,September
2025-09-01,americano (iced),Coffee Based,3,Over-prepared,28.0,84.0,9.0,September
2025-09-01,Add_on (ham),Sans Coffee,2,Over-prepared,15.0,30.0,9.0,September
2025-09-01, latte ,Coffee Based,3,Expired,29.0,87.0,9.0,September
2025-09-02,caramel macchiato (hot),Coffee Based,2,Expired,42.0,84.0,9.0,September
2025-09-02,BFF (Better French fries)medium  (sour cream),Mini Bites,5,Expired,16.0,80.0,9.0,September
2025-09-02,BFF (Better French fries)medium  (bbq ),Mini Bites,3,Over-prepared,16.0,48.0,9.0,September
2025-09-03,cappuccino  (hot),Coffee Based,2,Spoiled,29.0,58.0,9.0,September
2025-09-03,Overload lomi (malapot),Mini Bites,5,Expired,99.0,495.0,9.0,September
2025-09-03,Drip coffee  (barako),Sans Coffee,4,Expired,17.0,68.0,9.0,September
2025-09-03,Whipped Americano,Signature Kôfē,4,Spoiled,36.0,144.0,9.0,September
2025-09-04,Sinagtala lomi 20 pax,Mini Bites,3,Expired,360.0,1080.0,9.0,September
2025-09-04,Chicken fillet,Mini Bites,1,Expired,45.0,45.0,9.0,September
2025-09-04,Brownies ,Sans Coffee,2,Spoiled,21.0,42.0,9.0,September
2025-09-04,dalgona ,Signature Kôfē,3,Quality issue,32.0,96.0,9.0,September
2025-09-05,BFF (Better French fries) Large (cheese ),Mini Bites,4,Spoiled,28.0,112.0,9.0,September
2025-09-05,belgian waffle plain ,Sans Coffee,5,Spoiled,21.0,105.0,9.0,September
2025-09-05,triple caramel ,Kôfē Frappé,5,Over-prepared,38.0,190.0,9.0,September
2025-09-05,FFFF (plain with catsup medium),Sans Coffee,4,Expired,8.0,32.0,9.0,September
2025-09-06,FFFF (med sc),Sans Coffee,3,Over-prepared,8.0,24.0,9.0,September
2025-09-06,Chiz melt (bacon),Mini Bites,5,Spoiled,30.0,150.0,9.0,September
2025-09-06,FFFF (plain with catsup medium),Sans Coffee,3,Expired,8.0,24.0,9.0,September
2025-09-06,Chicken pops (bbq),Mini Bites,2,Spoiled,50.0,100.0,9.0,September
2025-09-07,Cold brew with foamy vanilla ,Sans Coffee,4,Expired,31.0,124.0,9.0,September
2025-09-07,Chiz melt  (bacon),Mini Bites,3,Expired,28.0,84.0,9.0,September
2025-09-07,Overload lomi (malabnaw),Mini Bites,4,Spoiled,99.0,396.0,9.0,September
2025-09-07,americano (iced),Coffee Based,4,Over-prepared,28.0,112.0,9.0,September
2025-09-08,Chicken pops (bbq),Mini Bites,5,Quality issue,50.0,250.0,9.0,September
2025-09-08,mocha (hot),Coffee Based,3,Over-prepared,31.0,93.0,9.0,September
2025-09-08,triple caramel,Kôfē Frappé,5,Over-prepared,48.0,240.0,9.0,September
2025-09-08,dirty coffee shake ,Kôfē Frappé,2,Spoiled,38.0,76.0,9.0,September
2025-09-09,blended cappuccino ,Kôfē Frappé,4,Expired,33.0,132.0,9.0,September
2025-09-09,choco coated waffle,Sans Coffee,2,Over-prepared,21.0,42.0,9.0,September
2025-09-09,Choco caramel decadence,Sans Coffee,1,Over-prepared,45.0,45.0,9.0,September
2025-09-09,americano (hot),Coffee Based,1,Spoiled,26.0,26.0,9.0,September
2025-09-10,Chiz melt  (bacon),Mini Bites,5,Over-prepared,28.0,140.0,9.0,September
2025-09-10,the super charged (25% more coffee)  (iced),Sans Coffee,1,Spoiled,34.0,34.0,9.0,September
2025-09-10,FFFF (large bbq),Sans Coffee,1,Spoiled,18.0,18.0,9.0,September
2025-09-10,BFF (Better French fries) Large (bbq),Mini Bites,4,Expired,28.0,112.0,9.0,September
2025-09-11,Chicken wings (1 dozen),Mini Bites,2,Quality issue,165.0,330.0,9.0,September
2025-09-11,Sinagtala lomi 20 pax,Mini Bites,5,Spoiled,360.0,1800.0,9.0,September
2025-09-11,Add_on (egg),Sans Coffee,1,Quality issue,10.0,10.0,9.0,September
2025-09-11,Extra Rice,Sans Coffee,5,Expired,5.0,25.0,9.0,September
2025-09-12,Iced honey shaken espresso ,Signature Kôfē,2,Spoiled,36.0,72.0,9.0,September
2025-09-12,caramel macchiato (hot),Coffee Based,3,Quality issue,42.0,126.0,9.0,September
2025-09-12,Chiz melt  (ham),Mini Bites,3,Spoiled,26.0,78.0,9.0,September
2025-09-12, latte ,Coffee Based,1,Expired,29.0,29.0,9.0,September
2025-09-13,the Christmas drink (iced),Signature Kôfē,3,Expired,34.0,102.0,9.0,September
2025-09-13, latte ,Coffee Based,3,Expired,29.0,87.0,9.0,September
2025-09-13,French fries Spicy barbecue  (large ),Mini Bites,2,Over-prepared,30.0,60.0,9.0,September
2025-09-13,brownie,Sans Coffee,1,Over-prepared,21.0,21.0,9.0,September
2025-09-14,triple caramel ,Kôfē Frappé,5,Expired,38.0,190.0,9.0,September
2025-09-14,6 Chicken wings ,Mini Bites,3,Spoiled,82.0,246.0,9.0,September
2025-09-14,white mocha  (iced),Coffee Based,5,Quality issue,35.0,175.0,9.0,September
2025-09-14,the super charged (25% more coffee)  (hot),Sans Coffee,3,Spoiled,31.0,93.0,9.0,September
2025-09-14,simple milk tea ,Sans Coffee,3,Spoiled,28.0,84.0,9.0,September
2025-09-15,the super charged (25% more coffee)  (hot),Sans Coffee,3,Over-prepared,31.0,93.0,9.0,September
2025-09-15,oreo overload Frappe ,Kôfē Frappé,3,Over-prepared,37.0,111.0,9.0,September
2025-09-15,Cookies ,Sans Coffee,2,Over-prepared,18.0,36.0,9.0,September
2025-09-16,white mocha (iced),Coffee Based,3,Over-prepared,45.0,135.0,9.0,September
2025-09-16,Product Name (regular ),Sans Coffee,1,Over-prepared,18.0,18.0,9.0,September
2025-09-16,the Christmas drink (iced),Signature Kôfē,3,Spoiled,34.0,102.0,9.0,September
2025-09-16,street food sampler (large),Sans Coffee,2,Quality issue,28.0,56.0,9.0,September
2025-09-17,Chicken pops (bbq),Mini Bites,3,Expired,50.0,150.0,9.0,September
2025-09-17,super mocha ,Kôfē Frappé,5,Quality issue,38.0,190.0,9.0,September
2025-09-17,Coffee Syphon (arabica),Sans Coffee,5,Over-prepared,30.0,150.0,9.0,September
2025-09-17,Chicken wings (half dozen),Mini Bites,4,Over-prepared,82.0,328.0,9.0,September
2025-09-18,matcha espresso fusion  (hot),Signature Kôfē,2,Over-prepared,32.0,64.0,9.0,September
2025-09-18,Chicken wings (1 dozen),Mini Bites,2,Expired,165.0,330.0,9.0,September
2025-09-18,FFFF (large sc),Sans Coffee,1,Over-prepared,18.0,18.0,9.0,September
2025-09-19,Strawberry Reverie ,Sans Coffee,4,Over-prepared,39.0,156.0,9.0,September
2025-09-19,Iced honey shaken espresso ,Signature Kôfē,3,Over-prepared,36.0,108.0,9.0,September
2025-09-19,Add_on (cheese),Sans Coffee,3,Expired,12.0,36.0,9.0,September
2025-09-20,Product Name (special b),Sans Coffee,2,Quality issue,46.0,92.0,9.0,September
2025-09-20,cappuccino  (hot),Coffee Based,3,Over-prepared,29.0,87.0,9.0,September
2025-09-20,Chicken wings (3pcs),Mini Bites,4,Over-prepared,45.0,180.0,9.0,September
2025-09-20,6 Chicken wings ,Mini Bites,2,Spoiled,82.0,164.0,9.0,September
2025-09-20,mango banana milk shake ,Kôfē Frappé,5,Spoiled,35.0,175.0,9.0,September
2025-09-21,French fries Spicy barbecue  (medium ),Mini Bites,3,Over-prepared,18.0,54.0,9.0,September
2025-09-21,hot cocoa latte ,Sans Coffee,4,Over-prepared,32.0,128.0,9.0,September
2025-09-21,Add_on (egg),Sans Coffee,4,Spoiled,10.0,40.0,9.0,September
2025-09-21,BFF (Better French fries)medium  (sour cream),Mini Bites,4,Spoiled,16.0,64.0,9.0,September
2025-09-22,triple caramel,Kôfē Frappé,3,Over-prepared,48.0,144.0,9.0,September
2025-09-22,white mocha (hot),Coffee Based,5,Expired,42.0,210.0,9.0,September
2025-09-22,street food sampler (medium),Sans Coffee,3,Over-prepared,16.0,48.0,9.0,September
2025-09-22,hot cocoa latte ,Sans Coffee,2,Over-prepared,32.0,64.0,9.0,September
2025-09-23,blended cappuccino ,Kôfē Frappé,2,Spoiled,33.0,66.0,9.0,September
2025-09-23,Belgian waffle  (mango caramel ),Sans Coffee,4,Over-prepared,27.0,108.0,9.0,September
2025-09-23,FFFF (large bbq),Sans Coffee,1,Over-prepared,18.0,18.0,9.0,September
2025-09-24,Add_on (ham),Sans Coffee,3,Over-prepared,15.0,45.0,9.0,September
2025-09-24,BFF (Better French fries)medium  (sour cream),Mini Bites,3,Expired,16.0,48.0,9.0,September
2025-09-24,Cold brew with foamy vanilla ,Sans Coffee,5,Quality issue,31.0,155.0,9.0,September
2025-09-24,white mocha  (hot),Coffee Based,2,Spoiled,32.0,64.0,9.0,September
2025-09-25,Cookies ,Sans Coffee,5,Expired,18.0,90.0,9.0,September
2025-09-25,Add_on (egg),Sans Coffee,1,Over-prepared,10.0,10.0,9.0,September
2025-09-25,triple caramel ,Kôfē Frappé,5,Expired,38.0,190.0,9.0,September
2025-09-26,white mocha  (hot),Coffee Based,2,Over-prepared,32.0,64.0,9.0,September
2025-09-26,oreo overload Frappe ,Kôfē Frappé,2,Spoiled,37.0,74.0,9.0,September
2025-09-26,matcha Supreme latte (iced),Sans Coffee,4,Over-prepared,35.0,140.0,9.0,September
2025-09-27,matcha Supreme latte (iced),Sans Coffee,4,Spoiled,35.0,140.0,9.0,September
2025-09-27,hot creamy barako,Sans Coffee,4,Over-prepared,19.0,76.0,9.0,September
2025-09-27,cappuccino  (hot),Coffee Based,3,Expired,29.0,87.0,9.0,September
2025-09-27,white mocha (hot),Coffee Based,1,Quality issue,42.0,42.0,9.0,September
2025-09-28,latte,Coffee Based,3,Over-prepared,42.0,126.0,9.0,September
2025-09-28,Product Name (special a),Sans Coffee,4,Expired,41.0,164.0,9.0,September
2025-09-28,FFFF (large cheese ),Sans Coffee,2,Over-prepared,18.0,36.0,9.0,September
2025-09-28,FFFF (plain with catsup medium),Sans Coffee,5,Expired,8.0,40.0,9.0,September
2025-09-28,Iced honey shaken espresso ,Signature Kôfē,5,Over-prepared,36.0,180.0,9.0,September
2025-09-29,dirty coffee shake ,Kôfē Frappé,1,Spoiled,38.0,38.0,9.0,September
2025-09-29,Sinagtala lomi 20 pax,Mini Bites,3,Spoiled,360.0,1080.0,9.0,September
2025-09-29,Overload lomi (malabnaw),Mini Bites,5,Over-prepared,99.0,495.0,9.0,September
2025-09-29,BFF (Better French fries)medium  (large),Mini Bites,4,Over-prepared,27.0,108.0,9.0,September
2025-09-30,Chicken pops (bbq),Mini Bites,2,Quality issue,50.0,100.0,9.0,September
2025-09-30,sparkling berry,Sans Coffee,3,Expired,31.0,93.0,9.0,September
2025-09-30,matcha espresso fusion  (iced),Signature Kôfē,3,Over-prepared,35.0,105.0,9.0,September
2025-10-01,Chiz melt  (spam lite),Mini Bites,1,Over-prepared,27.0,27.0,10.0,October
2025-10-01,sparkling berry,Sans Coffee,5,Expired,31.0,155.0,10.0,October
2025-10-01,Add_on (ham),Sans Coffee,1,Spoiled,15.0,15.0,10.0,October
2025-10-01,white mocha  (iced),Coffee Based,3,Expired,35.0,105.0,10.0,October
2025-10-02,Chicken wings (half dozen),Mini Bites,4,Over-prepared,82.0,328.0,10.0,October
2025-10-02,Cold brew with foamy vanilla ,Sans Coffee,3,Over-prepared,31.0,93.0,10.0,October
2025-10-02,the super charged (25% more coffee)  (hot),Sans Coffee,2,Over-prepared,31.0,62.0,10.0,October
2025-10-02,mocha (iced),Coffee Based,4,Spoiled,35.0,140.0,10.0,October
2025-10-03,Brownies ,Sans Coffee,3,Over-prepared,21.0,63.0,10.0,October
2025-10-03,matcha Supreme latte (hot),Sans Coffee,5,Expired,32.0,160.0,10.0,October
2025-10-03,sparkling berry,Sans Coffee,3,Spoiled,31.0,93.0,10.0,October
2025-10-03,strawberry latte,Sans Coffee,5,Over-prepared,36.0,180.0,10.0,October
2025-10-04,BFF (Better French fries)medium  (medium ),Mini Bites,1,Over-prepared,15.0,15.0,10.0,October
2025-10-04,6 Chicken wings ,Mini Bites,1,Over-prepared,82.0,82.0,10.0,October
2025-10-04,Overload lomi (malapot),Mini Bites,3,Over-prepared,99.0,297.0,10.0,October
2025-10-04,BFF (Better French fries)medium  (sour cream),Mini Bites,2,Over-prepared,16.0,32.0,10.0,October
2025-10-05,Chicken pops (bbq),Mini Bites,3,Over-prepared,50.0,150.0,10.0,October
2025-10-05,iced premium barako,Sans Coffee,2,Expired,21.0,42.0,10.0,October
2025-10-05,caramel macchiato (iced),Coffee Based,3,Expired,45.0,135.0,10.0,October
2025-10-05,matcha Supreme latte (hot),Sans Coffee,3,Over-prepared,32.0,96.0,10.0,October
2025-10-05,super mocha ,Kôfē Frappé,1,Quality issue,38.0,38.0,10.0,October
2025-10-06,Cookies ,Sans Coffee,3,Over-prepared,18.0,54.0,10.0,October
2025-10-06,hot creamy barako,Sans Coffee,3,Over-prepared,19.0,57.0,10.0,October
2025-10-06,BFF (Better French fries) Large (cheese ),Mini Bites,3,Spoiled,28.0,84.0,10.0,October
2025-10-06,Iced honey shaken espresso ,Signature Kôfē,4,Expired,36.0,144.0,10.0,October
2025-10-07,matcha Supreme latte (hot),Sans Coffee,2,Spoiled,32.0,64.0,10.0,October
2025-10-07,hot citron tea,Sans Coffee,1,Expired,22.0,22.0,10.0,October
2025-10-07,americano (hot),Coffee Based,2,Expired,26.0,52.0,10.0,October
2025-10-07,Chicken fillet,Mini Bites,3,Over-prepared,45.0,135.0,10.0,October
2025-10-08,simple milk tea ,Sans Coffee,3,Over-prepared,28.0,84.0,10.0,October
2025-10-08,oreo overload Frappe ,Kôfē Frappé,2,Over-prepared,37.0,74.0,10.0,October
2025-10-08,FFFF (large sc),Sans Coffee,2,Spoiled,18.0,36.0,10.0,October
2025-10-09,French fries Spicy barbecue  (medium ),Mini Bites,5,Spoiled,18.0,90.0,10.0,October
2025-10-09,FFFF (large sc),Sans Coffee,5,Over-prepared,18.0,90.0,10.0,October
2025-10-09,choco coated waffle,Sans Coffee,2,Spoiled,21.0,42.0,10.0,October
2025-10-09,FFFF (med sc),Sans Coffee,4,Over-prepared,8.0,32.0,10.0,October
2025-10-10,matcha Supreme latte (iced),Sans Coffee,4,Over-prepared,35.0,140.0,10.0,October
2025-10-10,Add_on (cheese),Sans Coffee,5,Over-prepared,12.0,60.0,10.0,October
2025-10-10,caramel macchiato (hot),Coffee Based,3,Over-prepared,42.0,126.0,10.0,October
2025-10-11,Chiz melt (bacon),Mini Bites,4,Over-prepared,30.0,120.0,10.0,October
2025-10-11,Add_on (cheese),Sans Coffee,5,Over-prepared,12.0,60.0,10.0,October
2025-10-11,drip coffee (8 bags/pouch) (arabica),Sans Coffee,5,Over-prepared,62.0,310.0,10.0,October
2025-10-11,belgian waffle plain ,Sans Coffee,1,Spoiled,21.0,21.0,10.0,October
2025-10-11,Extra Rice,Sans Coffee,3,Spoiled,5.0,15.0,10.0,October
2025-10-12,the Christmas drink (iced),Signature Kôfē,2,Expired,34.0,68.0,10.0,October
2025-10-12,triple caramel,Kôfē Frappé,4,Expired,48.0,192.0,10.0,October
2025-10-12,Chicken wings (extra rice ),Mini Bites,2,Over-prepared,4.0,8.0,10.0,October
2025-10-12,caramel macchiato (iced),Coffee Based,2,Spoiled,45.0,90.0,10.0,October
2025-10-12,Choco caramel decadence,Sans Coffee,3,Expired,45.0,135.0,10.0,October
2025-10-13,dalgona ,Signature Kôfē,5,Expired,32.0,160.0,10.0,October
2025-10-13,Drip coffee  (barako),Sans Coffee,3,Expired,17.0,51.0,10.0,October
2025-10-13,BFF (Better French fries)medium  (medium ),Mini Bites,1,Over-prepared,15.0,15.0,10.0,October
2025-10-14,street food sampler (large),Sans Coffee,5,Spoiled,28.0,140.0,10.0,October
2025-10-14,BFF (Better French fries)medium  (medium ),Mini Bites,1,Expired,15.0,15.0,10.0,October
2025-10-14,choco coated waffle,Sans Coffee,3,Expired,21.0,63.0,10.0,October
2025-10-14,americano (iced),Coffee Based,1,Expired,28.0,28.0,10.0,October
2025-10-15,Brownies ,Sans Coffee,1,Expired,21.0,21.0,10.0,October
2025-10-15,mango banana milk shake ,Kôfē Frappé,3,Spoiled,35.0,105.0,10.0,October
2025-10-15,6 Chicken wings ,Mini Bites,5,Expired,82.0,410.0,10.0,October
2025-10-16,extra shot,Sans Coffee,3,Quality issue,16.0,48.0,10.0,October
2025-10-16,Overload lomi (malapot),Mini Bites,3,Over-prepared,99.0,297.0,10.0,October
2025-10-16,Overload lomi (malabnaw),Mini Bites,3,Over-prepared,99.0,297.0,10.0,October
2025-10-16,matcha Supreme latte (iced),Sans Coffee,3,Expired,35.0,105.0,10.0,October
2025-10-17,Add_on (kimchi),Sans Coffee,3,Expired,15.0,45.0,10.0,October
2025-10-17,BFF (Better French fries)medium  (sour cream),Mini Bites,2,Spoiled,16.0,32.0,10.0,October
2025-10-17,the super charged (25% more coffee)  (hot),Sans Coffee,3,Over-prepared,31.0,93.0,10.0,October
2025-10-17,Overload lomi (malapot),Mini Bites,5,Over-prepared,99.0,495.0,10.0,October
2025-10-18,Spanish latte (hot),Coffee Based,3,Spoiled,29.0,87.0,10.0,October
2025-10-18,belgian waffle plain ,Sans Coffee,2,Quality issue,21.0,42.0,10.0,October
2025-10-18,brownie,Sans Coffee,2,Spoiled,21.0,42.0,10.0,October
2025-10-18,latte,Coffee Based,5,Quality issue,42.0,210.0,10.0,October
2025-10-18,cappuccino  (ice),Coffee Based,1,Quality issue,32.0,32.0,10.0,October
2025-10-19,BFF (Better French fries)medium  (bbq ),Mini Bites,4,Over-prepared,16.0,64.0,10.0,October
2025-10-19,FFFF (large sc),Sans Coffee,1,Expired,18.0,18.0,10.0,October
2025-10-19,Add_on (ham),Sans Coffee,4,Expired,15.0,60.0,10.0,October
2025-10-19,Product Name (special b),Sans Coffee,3,Expired,46.0,138.0,10.0,October
2025-10-20,Chicken wings (extra rice ),Mini Bites,4,Spoiled,4.0,16.0,10.0,October
2025-10-20,matcha espresso fusion  (iced),Signature Kôfē,5,Over-prepared,35.0,175.0,10.0,October
2025-10-20,Cookies ,Sans Coffee,3,Spoiled,18.0,54.0,10.0,October
2025-10-20,Coffee Syphon (arabica),Sans Coffee,5,Over-prepared,30.0,150.0,10.0,October
2025-10-21,cappuccino  (hot),Coffee Based,5,Over-prepared,29.0,145.0,10.0,October
2025-10-21,blended cappuccino ,Kôfē Frappé,2,Over-prepared,33.0,66.0,10.0,October
2025-10-21,Overload lomi (malabnaw),Mini Bites,3,Spoiled,99.0,297.0,10.0,October
2025-10-21,drip coffee (8 bags/pouch) (barako),Sans Coffee,1,Over-prepared,37.0,37.0,10.0,October
2025-10-22,white mocha (hot),Coffee Based,3,Over-prepared,42.0,126.0,10.0,October
2025-10-22,Product Name (special a),Sans Coffee,1,Spoiled,41.0,41.0,10.0,October
2025-10-22,French fries plain (large),Mini Bites,5,Expired,90.0,450.0,10.0,October
2025-10-22,Chiz melt  (ham),Mini Bites,4,Quality issue,26.0,104.0,10.0,October
2025-10-23,Product Name (special a),Sans Coffee,2,Expired,41.0,82.0,10.0,October
2025-10-23,mocha (hot),Coffee Based,3,Over-prepared,31.0,93.0,10.0,October
2025-10-23,Product Name (regular ),Sans Coffee,4,Spoiled,18.0,72.0,10.0,October
2025-10-23,Belgian waffle  (peanut butter ),Sans Coffee,3,Spoiled,25.0,75.0,10.0,October
2025-10-24,Add_on (cheese),Sans Coffee,2,Over-prepared,12.0,24.0,10.0,October
2025-10-24,Belgian waffle  (peanut butter ),Sans Coffee,5,Quality issue,25.0,125.0,10.0,October
2025-10-24,latte,Coffee Based,1,Spoiled,42.0,42.0,10.0,October
2025-10-25,Add_on (seaweeds),Sans Coffee,5,Over-prepared,8.0,40.0,10.0,October
2025-10-25,Extra Rice,Sans Coffee,5,Spoiled,5.0,25.0,10.0,October
2025-10-25,Spanish latte (hot),Coffee Based,5,Expired,29.0,145.0,10.0,October
2025-10-25,BFF (Better French fries) Large (cheese),Mini Bites,5,Over-prepared,30.0,150.0,10.0,October
2025-10-25,dirty coffee shake ,Kôfē Frappé,3,Spoiled,38.0,114.0,10.0,October
2025-10-26,French fries plain (large),Mini Bites,3,Expired,90.0,270.0,10.0,October
2025-10-26,mango banana milk shake ,Kôfē Frappé,3,Over-prepared,35.0,105.0,10.0,October
2025-10-26,Ramen (regular),Mini Bites,3,Expired,17.0,51.0,10.0,October
2025-10-26,Chicken pops (bbq),Mini Bites,1,Expired,50.0,50.0,10.0,October
2025-10-26,Extra Rice,Sans Coffee,3,Expired,5.0,15.0,10.0,October
2025-10-27,Ramen (regular),Mini Bites,4,Expired,17.0,68.0,10.0,October
2025-10-27,Product Name (special b),Sans Coffee,3,Over-prepared,46.0,138.0,10.0,October
2025-10-27,BFF (Better French fries)medium  (sour cream),Mini Bites,3,Spoiled,16.0,48.0,10.0,October
2025-10-27,Chicken pops (bbq),Mini Bites,3,Spoiled,50.0,150.0,10.0,October
2025-10-28,hot citron tea,Sans Coffee,4,Expired,22.0,88.0,10.0,October
2025-10-28,BFF (Better French fries) Large (bbq),Mini Bites,2,Expired,28.0,56.0,10.0,October
2025-10-28,the super charged (25% more coffee)  (hot),Sans Coffee,3,Over-prepared,31.0,93.0,10.0,October
2025-10-28,French fries Spicy barbecue  (large ),Mini Bites,2,Quality issue,30.0,60.0,10.0,October
2025-10-29,Cold brew with foamy vanilla ,Sans Coffee,5,Spoiled,31.0,155.0,10.0,October
2025-10-29,caramel macchiato (iced),Coffee Based,2,Over-prepared,45.0,90.0,10.0,October
2025-10-29,caramel macchiato  (hot),Coffee Based,3,Over-prepared,32.0,96.0,10.0,October
2025-10-29,French fries plain (large),Mini Bites,5,Quality issue,90.0,450.0,10.0,October
2025-10-30, latte ,Coffee Based,3,Spoiled,29.0,87.0,10.0,October
2025-10-30,Chicken fillet,Mini Bites,3,Quality issue,45.0,135.0,10.0,October
2025-10-30,triple caramel,Kôfē Frappé,3,Over-prepared,48.0,144.0,10.0,October
2025-10-30,Brownies ,Sans Coffee,5,Expired,21.0,105.0,10.0,October
2025-10-31,French fries plain (large),Mini Bites,5,Expired,90.0,450.0,10.0,October
2025-10-31,americano (iced),Coffee Based,2,Over-prepared,28.0,56.0,10.0,October
2025-10-31,hot cocoa latte ,Sans Coffee,1,Over-prepared,32.0,32.0,10.0,October
2025-10-31, latte ,Coffee Based,2,Spoiled,29.0,58.0,10.0,October
2025-11-01,Spanish latte (hot),Coffee Based,2,Over-prepared,29.0,58.0,11.0,November
2025-11-01,the Christmas drink (hot ),Signature Kôfē,3,Over-prepared,32.0,96.0,11.0,November
2025-11-01,Chiz melt  (ham),Mini Bites,5,Over-prepared,26.0,130.0,11.0,November
2025-11-01,choco coated waffle,Sans Coffee,1,Over-prepared,21.0,21.0,11.0,November
2025-11-02,Product Name (special b),Sans Coffee,1,Spoiled,46.0,46.0,11.0,November
2025-11-02,Ramen (regular),Mini Bites,5,Spoiled,17.0,85.0,11.0,November
2025-11-02,Chiz melt  (spam lite),Mini Bites,4,Expired,27.0,108.0,11.0,November
2025-11-02,choco coated waffle,Sans Coffee,3,Quality issue,21.0,63.0,11.0,November
2025-11-02,French fries Spicy barbecue  (medium ),Mini Bites,4,Over-prepared,18.0,72.0,11.0,November
2025-11-03,matcha Supreme latte (hot),Sans Coffee,3,Expired,32.0,96.0,11.0,November
2025-11-03,BFF (Better French fries) Large (cheese ),Mini Bites,4,Expired,28.0,112.0,11.0,November
2025-11-03,BFF (Better French fries) Large (cheese),Mini Bites,3,Over-prepared,30.0,90.0,11.0,November
2025-11-03,6 Chicken wings ,Mini Bites,2,Over-prepared,82.0,164.0,11.0,November
2025-11-04,the super charged (25% more coffee)  (hot),Sans Coffee,2,Quality issue,31.0,62.0,11.0,November
2025-11-04,caramel macchiato  (hot),Coffee Based,4,Expired,32.0,128.0,11.0,November
2025-11-04,6 Chicken wings ,Mini Bites,2,Expired,82.0,164.0,11.0,November
2025-11-04,Whipped Americano,Signature Kôfē,3,Quality issue,36.0,108.0,11.0,November
2025-11-05,cappuccino  (ice),Coffee Based,4,Expired,32.0,128.0,11.0,November
2025-11-05,choco dinosaur latte,Sans Coffee,5,Over-prepared,35.0,175.0,11.0,November
2025-11-05,BFF (Better French fries) Large (cheese ),Mini Bites,4,Over-prepared,28.0,112.0,11.0,November
2025-11-05,Drip coffee  (barako),Sans Coffee,3,Spoiled,17.0,51.0,11.0,November
2025-11-06,latte,Coffee Based,3,Over-prepared,42.0,126.0,11.0,November
2025-11-06,French fries Spicy barbecue  (large ),Mini Bites,4,Spoiled,30.0,120.0,11.0,November
2025-11-06,extra shot,Sans Coffee,2,Expired,16.0,32.0,11.0,November
2025-11-06,caramel macchiato  (hot),Coffee Based,1,Over-prepared,32.0,32.0,11.0,November
2025-11-07,BFF (Better French fries)medium  ( cheese ),Mini Bites,2,Quality issue,16.0,32.0,11.0,November
2025-11-07,mocha (iced),Coffee Based,3,Spoiled,35.0,105.0,11.0,November
2025-11-07,super mocha ,Kôfē Frappé,3,Spoiled,38.0,114.0,11.0,November
2025-11-07,mango banana milk shake ,Kôfē Frappé,5,Expired,35.0,175.0,11.0,November
2025-11-08,drip coffee (8 bags/pouch) (barako),Sans Coffee,4,Over-prepared,37.0,148.0,11.0,November
2025-11-08,Overload lomi (malabnaw),Mini Bites,2,Expired,99.0,198.0,11.0,November
2025-11-08,matcha Supreme latte (hot),Sans Coffee,2,Spoiled,32.0,64.0,11.0,November
2025-11-08,Chiz melt  (ham),Mini Bites,3,Over-prepared,26.0,78.0,11.0,November
2025-11-08,BFF (Better French fries) Large (cheese),Mini Bites,3,Over-prepared,30.0,90.0,11.0,November
2025-11-09,super mocha ,Kôfē Frappé,1,Over-prepared,38.0,38.0,11.0,November
2025-11-09,Chiz melt  (bacon),Mini Bites,3,Expired,28.0,84.0,11.0,November
2025-11-09,BFF (Better French fries)medium  (sour cream),Mini Bites,5,Expired,16.0,80.0,11.0,November
2025-11-09,triple caramel ,Kôfē Frappé,4,Spoiled,38.0,152.0,11.0,November
2025-11-10,sparkling berry,Sans Coffee,1,Over-prepared,31.0,31.0,11.0,November
2025-11-10,6 Chicken wings ,Mini Bites,3,Over-prepared,82.0,246.0,11.0,November
2025-11-10,Chicken wings (1 dozen),Mini Bites,3,Expired,165.0,495.0,11.0,November
2025-11-10,matcha espresso fusion  (iced),Signature Kôfē,3,Expired,35.0,105.0,11.0,November
2025-11-11,Product Name (special b),Sans Coffee,3,Quality issue,46.0,138.0,11.0,November
2025-11-11,cappuccino  (ice),Coffee Based,5,Over-prepared,32.0,160.0,11.0,November
2025-11-11,super mocha ,Kôfē Frappé,2,Over-prepared,38.0,76.0,11.0,November
2025-11-12,latte,Coffee Based,3,Spoiled,42.0,126.0,11.0,November
2025-11-12,Add_on (egg),Sans Coffee,3,Expired,10.0,30.0,11.0,November
2025-11-12,Product Name (special a),Sans Coffee,2,Spoiled,41.0,82.0,11.0,November
2025-11-12,Sinagtala lomi 20 pax,Mini Bites,2,Expired,360.0,720.0,11.0,November
2025-11-13,Brownies ,Sans Coffee,1,Spoiled,21.0,21.0,11.0,November
2025-11-13,oreo overload Frappe ,Kôfē Frappé,1,Expired,37.0,37.0,11.0,November
2025-11-13,Belgian waffle  (peanut butter ),Sans Coffee,1,Over-prepared,25.0,25.0,11.0,November
2025-11-13,dalgona ,Signature Kôfē,4,Over-prepared,32.0,128.0,11.0,November
2025-11-14,Ramen (regular),Mini Bites,2,Over-prepared,17.0,34.0,11.0,November
2025-11-14,BFF (Better French fries) Large (cheese),Mini Bites,2,Expired,30.0,60.0,11.0,November
2025-11-14,the super charged (25% more coffee)  (iced),Sans Coffee,5,Expired,34.0,170.0,11.0,November
2025-11-14,FFFF (med sc),Sans Coffee,4,Over-prepared,8.0,32.0,11.0,November
2025-11-15,caramel macchiato (hot),Coffee Based,3,Spoiled,42.0,126.0,11.0,November
2025-11-15,6 Chicken wings ,Mini Bites,2,Expired,82.0,164.0,11.0,November
2025-11-15,matcha Supreme latte (iced),Sans Coffee,3,Over-prepared,35.0,105.0,11.0,November
2025-11-15,FFFF (large cheese ),Sans Coffee,5,Spoiled,18.0,90.0,11.0,November
2025-11-15,French fries Spicy barbecue  (large ),Mini Bites,5,Over-prepared,30.0,150.0,11.0,November
2025-11-15,caramel macchiato  (iced),Coffee Based,4,Spoiled,35.0,140.0,11.0,November
2025-11-16,Sinagtala lomi 20 pax,Mini Bites,1,Expired,360.0,360.0,11.0,November
2025-11-16,brownie,Sans Coffee,3,Expired,21.0,63.0,11.0,November
2025-11-16,cappuccino  (hot),Coffee Based,5,Quality issue,29.0,145.0,11.0,November
2025-11-16,hot citron tea,Sans Coffee,2,Expired,22.0,44.0,11.0,November
2025-11-16,the super charged (25% more coffee)  (hot),Sans Coffee,4,Quality issue,31.0,124.0,11.0,November
2025-11-17,premium barako,Sans Coffee,3,Over-prepared,15.0,45.0,11.0,November
2025-11-17, latte ,Coffee Based,3,Over-prepared,29.0,87.0,11.0,November
2025-11-17,Sinagtala lomi 20 pax,Mini Bites,4,Expired,360.0,1440.0,11.0,November
2025-11-17,cappuccino  (ice),Coffee Based,2,Over-prepared,32.0,64.0,11.0,November
2025-11-18,BFF (Better French fries) Large (bbq),Mini Bites,5,Over-prepared,28.0,140.0,11.0,November
2025-11-18,sparkling berry,Sans Coffee,2,Over-prepared,31.0,62.0,11.0,November
2025-11-18,triple caramel,Kôfē Frappé,1,Over-prepared,48.0,48.0,11.0,November
2025-11-18,Drip coffee  (barako),Sans Coffee,4,Spoiled,17.0,68.0,11.0,November
2025-11-19,Add_on (egg),Sans Coffee,3,Quality issue,10.0,30.0,11.0,November
2025-11-19,blended cappuccino ,Kôfē Frappé,3,Over-prepared,33.0,99.0,11.0,November
2025-11-19,brownie,Sans Coffee,3,Expired,21.0,63.0,11.0,November
2025-11-19,hot citron tea,Sans Coffee,3,Spoiled,22.0,66.0,11.0,November
2025-11-20,the Christmas drink (hot ),Signature Kôfē,4,Spoiled,32.0,128.0,11.0,November
2025-11-20,blended cappuccino ,Kôfē Frappé,3,Quality issue,33.0,99.0,11.0,November
2025-11-20,strawberry latte,Sans Coffee,4,Quality issue,36.0,144.0,11.0,November
2025-11-20,FFFF (large cheese ),Sans Coffee,4,Expired,18.0,72.0,11.0,November
2025-11-20,BFF (Better French fries) Large (cheese ),Mini Bites,1,Spoiled,28.0,28.0,11.0,November
2025-11-21,Sinagtala lomi 20 pax,Mini Bites,3,Spoiled,360.0,1080.0,11.0,November
2025-11-21,Chiz melt (bacon),Mini Bites,1,Expired,30.0,30.0,11.0,November
2025-11-21,Overload lomi (malapot),Mini Bites,3,Over-prepared,99.0,297.0,11.0,November
2025-11-21,street food sampler (large),Sans Coffee,2,Expired,28.0,56.0,11.0,November
2025-11-22,BFF (Better French fries)medium  (large),Mini Bites,3,Spoiled,27.0,81.0,11.0,November
2025-11-22,FFFF (large cheese ),Sans Coffee,3,Expired,18.0,54.0,11.0,November
2025-11-22,drip coffee (8 bags/pouch) (barako),Sans Coffee,3,Spoiled,37.0,111.0,11.0,November
2025-11-22,Chicken wings (1 dozen),Mini Bites,2,Expired,165.0,330.0,11.0,November
2025-11-22,white mocha (iced),Coffee Based,4,Over-prepared,45.0,180.0,11.0,November
2025-11-23,mocha (iced),Coffee Based,4,Expired,35.0,140.0,11.0,November
2025-11-23,caramel macchiato (hot),Coffee Based,5,Over-prepared,42.0,210.0,11.0,November
2025-11-23,Extra Rice,Sans Coffee,4,Over-prepared,5.0,20.0,11.0,November
2025-11-23,Chiz melt  (ham),Mini Bites,2,Expired,26.0,52.0,11.0,November
2025-11-23,choco coated waffle,Sans Coffee,2,Over-prepared,21.0,42.0,11.0,November
2025-11-24,BFF (Better French fries)medium  ( cheese ),Mini Bites,3,Over-prepared,16.0,48.0,11.0,November
2025-11-24,americano (hot),Coffee Based,3,Over-prepared,26.0,78.0,11.0,November
2025-11-24,caramel macchiato  (hot),Coffee Based,3,Over-prepared,32.0,96.0,11.0,November
2025-11-24,Choco caramel decadence,Sans Coffee,2,Quality issue,45.0,90.0,11.0,November
2025-11-25,BFF (Better French fries)medium  (sour cream),Mini Bites,2,Spoiled,16.0,32.0,11.0,November
2025-11-25,Chicken fillet,Mini Bites,4,Over-prepared,45.0,180.0,11.0,November
2025-11-25,dalgona ,Signature Kôfē,2,Over-prepared,32.0,64.0,11.0,November
2025-11-25,FFFF (med sc),Sans Coffee,2,Spoiled,8.0,16.0,11.0,November
2025-11-25,the super charged (25% more coffee)  (hot),Sans Coffee,3,Spoiled,31.0,93.0,11.0,November
2025-11-26,kofetala special blend ,Sans Coffee,2,Spoiled,34.0,68.0,11.0,November
2025-11-26,the super charged (25% more coffee)  (iced),Sans Coffee,2,Expired,34.0,68.0,11.0,November
2025-11-26,Product Name (regular ),Sans Coffee,3,Over-prepared,18.0,54.0,11.0,November
2025-11-26,extra shot,Sans Coffee,3,Over-prepared,16.0,48.0,11.0,November
2025-11-27,Choco caramel decadence,Sans Coffee,3,Over-prepared,45.0,135.0,11.0,November
2025-11-27,white mocha  (hot),Coffee Based,4,Expired,32.0,128.0,11.0,November
2025-11-27,Strawberry Reverie ,Sans Coffee,3,Over-prepared,39.0,117.0,11.0,November
2025-11-27,the super charged (25% more coffee)  (hot),Sans Coffee,3,Over-prepared,31.0,93.0,11.0,November
2025-11-28,mango banana milk shake ,Kôfē Frappé,4,Over-prepared,35.0,140.0,11.0,November
2025-11-28,mocha (hot),Coffee Based,3,Over-prepared,31.0,93.0,11.0,November
2025-11-28,BFF (Better French fries)medium  (sour cream),Mini Bites,5,Spoiled,16.0,80.0,11.0,November
2025-11-28,French fries plain (large),Mini Bites,1,Over-prepared,90.0,90.0,11.0,November
2025-11-29,brownie,Sans Coffee,3,Expired,21.0,63.0,11.0,November
2025-11-29,latte,Coffee Based,2,Expired,42.0,84.0,11.0,November
2025-11-29,BFF (Better French fries)medium  (sour cream),Mini Bites,5,Spoiled,16.0,80.0,11.0,November
2025-11-29,simple milk tea ,Sans Coffee,5,Over-prepared,28.0,140.0,11.0,November
2025-11-29,BFF (Better French fries)medium  ( cheese ),Mini Bites,5,Over-prepared,16.0,80.0,11.0,November
2025-11-30,Drip coffee  (barako),Sans Coffee,3,Quality issue,17.0,51.0,11.0,November
2025-11-30,FFFF (large bbq),Sans Coffee,5,Over-prepared,18.0,90.0,11.0,November
2025-11-30,Cold brew with foamy vanilla ,Sans Coffee,5,Over-prepared,31.0,155.0,11.0,November
2025-11-30,Add_on (ham),Sans Coffee,2,Expired,15.0,30.0,11.0,November
2025-11-30,Extra Rice,Sans Coffee,5,Over-prepared,5.0,25.0,11.0,November
2025-11-30,BFF (Better French fries) Large (sour cream),Mini Bites,4,Spoiled,28.0,112.0,11.0,November
2025-12-01,americano (iced),Coffee Based,3,Expired,28.0,84.0,12.0,December
2025-12-01,BFF (Better French fries) Large (cheese ),Mini Bites,3,Spoiled,28.0,84.0,12.0,December
2025-12-01,hot citron tea,Sans Coffee,1,Expired,22.0,22.0,12.0,December
2025-12-01,iced premium barako,Sans Coffee,1,Expired,21.0,21.0,12.0,December
2025-12-02,Sinagtala lomi 20 pax,Mini Bites,2,Spoiled,360.0,720.0,12.0,December
2025-12-02,white mocha (hot),Coffee Based,5,Over-prepared,42.0,210.0,12.0,December
2025-12-02,Coffee Syphon (arabica),Sans Coffee,2,Over-prepared,30.0,60.0,12.0,December
2025-12-02,French fries Spicy barbecue  (large ),Mini Bites,5,Spoiled,30.0,150.0,12.0,December
2025-12-02,Add_on (cheese),Sans Coffee,2,Quality issue,12.0,24.0,12.0,December
2025-12-03,triple caramel,Kôfē Frappé,5,Quality issue,48.0,240.0,12.0,December
2025-12-03,Spanish latte (iced),Coffee Based,3,Spoiled,32.0,96.0,12.0,December
2025-12-03,Coffee Syphon (arabica),Sans Coffee,4,Expired,30.0,120.0,12.0,December
2025-12-03,caramel macchiato (hot),Coffee Based,2,Over-prepared,42.0,84.0,12.0,December
2025-12-03,FFFF (large sc),Sans Coffee,5,Spoiled,18.0,90.0,12.0,December
2025-12-04,Belgian waffle  (mango caramel ),Sans Coffee,5,Expired,27.0,135.0,12.0,December
2025-12-04,Overload lomi (malabnaw),Mini Bites,5,Spoiled,99.0,495.0,12.0,December
2025-12-04,sparkling berry,Sans Coffee,2,Quality issue,31.0,62.0,12.0,December
2025-12-04,mocha (hot),Coffee Based,3,Over-prepared,31.0,93.0,12.0,December
2025-12-04,BFF (Better French fries) Large (cheese ),Mini Bites,4,Spoiled,28.0,112.0,12.0,December
2025-12-05,cappuccino  (hot),Coffee Based,5,Quality issue,29.0,145.0,12.0,December
2025-12-05,americano (iced),Coffee Based,3,Expired,28.0,84.0,12.0,December
2025-12-05,Overload lomi (malapot),Mini Bites,4,Over-prepared,99.0,396.0,12.0,December
2025-12-05,BFF (Better French fries)medium  ( cheese ),Mini Bites,5,Spoiled,16.0,80.0,12.0,December
2025-12-06,Chicken wings (extra rice ),Mini Bites,2,Spoiled,4.0,8.0,12.0,December
2025-12-06,drip coffee (8 bags/pouch) (barako),Sans Coffee,3,Over-prepared,37.0,111.0,12.0,December
2025-12-06,kofetala special blend ,Sans Coffee,2,Expired,34.0,68.0,12.0,December
2025-12-06,matcha Supreme latte (iced),Sans Coffee,3,Over-prepared,35.0,105.0,12.0,December
2025-12-06,super mocha ,Kôfē Frappé,5,Over-prepared,38.0,190.0,12.0,December
2025-12-07,Chicken pops (bbq),Mini Bites,5,Over-prepared,50.0,250.0,12.0,December
2025-12-07,oreo overload Frappe,Kôfē Frappé,4,Over-prepared,48.0,192.0,12.0,December
2025-12-07,americano (iced),Coffee Based,5,Over-prepared,28.0,140.0,12.0,December
2025-12-07,caramel macchiato  (hot),Coffee Based,5,Spoiled,32.0,160.0,12.0,December
2025-12-07,Overload lomi (malapot),Mini Bites,2,Spoiled,99.0,198.0,12.0,December
2025-12-08,Whipped Americano,Signature Kôfē,1,Over-prepared,36.0,36.0,12.0,December
2025-12-08,Product Name (special a),Sans Coffee,3,Over-prepared,41.0,123.0,12.0,December
2025-12-08,triple caramel,Kôfē Frappé,1,Over-prepared,48.0,48.0,12.0,December
2025-12-08,BFF (Better French fries)medium  (medium ),Mini Bites,4,Over-prepared,15.0,60.0,12.0,December
2025-12-09,Strawberry Reverie ,Sans Coffee,3,Over-prepared,39.0,117.0,12.0,December
2025-12-09,FFFF (plain with catsup medium),Sans Coffee,4,Spoiled,8.0,32.0,12.0,December
2025-12-09,extra shot,Sans Coffee,3,Over-prepared,16.0,48.0,12.0,December
2025-12-09,Chiz melt  (bacon),Mini Bites,2,Expired,28.0,56.0,12.0,December
2025-12-10,Cold brew with foamy vanilla ,Sans Coffee,4,Over-prepared,31.0,124.0,12.0,December
2025-12-10,French fries Spicy barbecue  (large ),Mini Bites,3,Over-prepared,30.0,90.0,12.0,December
2025-12-10,hot creamy barako,Sans Coffee,2,Over-prepared,19.0,38.0,12.0,December
2025-12-10,FFFF (large bbq),Sans Coffee,1,Quality issue,18.0,18.0,12.0,December
2025-12-10,French fries plain (large),Mini Bites,4,Spoiled,90.0,360.0,12.0,December
2025-12-11,BFF (Better French fries)medium  (medium ),Mini Bites,1,Spoiled,15.0,15.0,12.0,December
2025-12-11,extra shot,Sans Coffee,3,Quality issue,16.0,48.0,12.0,December
2025-12-11,drip coffee (8 bags/pouch) (barako),Sans Coffee,3,Spoiled,37.0,111.0,12.0,December
2025-12-11,sparkling berry,Sans Coffee,1,Over-prepared,31.0,31.0,12.0,December
2025-12-12,Chiz melt  (ham),Mini Bites,5,Over-prepared,26.0,130.0,12.0,December
2025-12-12,the SM tea,Sans Coffee,4,Expired,37.0,148.0,12.0,December
2025-12-12,super mocha ,Kôfē Frappé,3,Expired,38.0,114.0,12.0,December
2025-12-12,caramel macchiato  (iced),Coffee Based,4,Quality issue,35.0,140.0,12.0,December
2025-12-12,street food sampler (large),Sans Coffee,4,Over-prepared,28.0,112.0,12.0,December
2025-12-13,Add_on (seaweeds),Sans Coffee,5,Over-prepared,8.0,40.0,12.0,December
2025-12-13,BFF (Better French fries)medium  (medium ),Mini Bites,1,Over-prepared,15.0,15.0,12.0,December
2025-12-13,drip coffee (8 bags/pouch) (barako),Sans Coffee,3,Over-prepared,37.0,111.0,12.0,December
2025-12-13,Add_on (kimchi),Sans Coffee,5,Spoiled,15.0,75.0,12.0,December
2025-12-13,caramel macchiato (hot),Coffee Based,4,Spoiled,42.0,168.0,12.0,December
2025-12-14,choco dinosaur latte,Sans Coffee,5,Spoiled,35.0,175.0,12.0,December
2025-12-14,Chiz melt  (bacon),Mini Bites,2,Over-prepared,28.0,56.0,12.0,December
2025-12-14,triple caramel ,Kôfē Frappé,3,Expired,38.0,114.0,12.0,December
2025-12-14,Belgian waffle  (peanut butter ),Sans Coffee,2,Quality issue,25.0,50.0,12.0,December
2025-12-14,Sinagtala lomi 20 pax,Mini Bites,3,Expired,360.0,1080.0,12.0,December
2025-12-15,Extra Rice,Sans Coffee,4,Over-prepared,5.0,20.0,12.0,December
2025-12-15,Overload lomi (malabnaw),Mini Bites,5,Expired,99.0,495.0,12.0,December
2025-12-15,dirty coffee shake ,Kôfē Frappé,2,Over-prepared,38.0,76.0,12.0,December
2025-12-15,Cookies ,Sans Coffee,2,Quality issue,18.0,36.0,12.0,December
2025-12-16,Chicken wings (half dozen),Mini Bites,3,Expired,82.0,246.0,12.0,December
2025-12-16,Whipped Americano,Signature Kôfē,2,Over-prepared,36.0,72.0,12.0,December
2025-12-16,dirty coffee shake ,Kôfē Frappé,5,Over-prepared,38.0,190.0,12.0,December
2025-12-16,belgian waffle plain ,Sans Coffee,2,Over-prepared,21.0,42.0,12.0,December
2025-12-16,choco dinosaur latte,Sans Coffee,4,Over-prepared,35.0,140.0,12.0,December
2025-12-17,Strawberry Reverie ,Sans Coffee,5,Quality issue,39.0,195.0,12.0,December
2025-12-17,the Christmas drink (hot ),Signature Kôfē,1,Expired,32.0,32.0,12.0,December
2025-12-17,Product Name (special a),Sans Coffee,5,Over-prepared,41.0,205.0,12.0,December
2025-12-17,Cookies ,Sans Coffee,4,Expired,18.0,72.0,12.0,December
2025-12-17,Cold brew with foamy vanilla ,Sans Coffee,2,Expired,31.0,62.0,12.0,December
2025-12-18,FFFF (large cheese ),Sans Coffee,4,Over-prepared,18.0,72.0,12.0,December
2025-12-18,Belgian waffle  (peanut butter ),Sans Coffee,1,Spoiled,25.0,25.0,12.0,December
2025-12-18,matcha Supreme latte (hot),Sans Coffee,5,Expired,32.0,160.0,12.0,December
2025-12-18,Product Name (special b),Sans Coffee,5,Expired,46.0,230.0,12.0,December
2025-12-18,FFFF (large bbq),Sans Coffee,3,Expired,18.0,54.0,12.0,December
2025-12-19,oreo overload Frappe ,Kôfē Frappé,5,Expired,37.0,185.0,12.0,December
2025-12-19,Sinagtala lomi 20 pax,Mini Bites,2,Spoiled,360.0,720.0,12.0,December
2025-12-19,BFF (Better French fries) Large (cheese ),Mini Bites,2,Over-prepared,28.0,56.0,12.0,December
2025-12-19,Coffee Syphon (arabica),Sans Coffee,2,Expired,30.0,60.0,12.0,December
2025-12-20,BFF (Better French fries) Large (cheese),Mini Bites,1,Expired,30.0,30.0,12.0,December
2025-12-20,FFFF (plain with catsup medium),Sans Coffee,3,Over-prepared,8.0,24.0,12.0,December
2025-12-20,Extra Rice,Sans Coffee,1,Expired,5.0,5.0,12.0,December
2025-12-20,the Christmas drink (hot ),Signature Kôfē,2,Expired,32.0,64.0,12.0,December
2025-12-20,FFFF (large bbq),Sans Coffee,5,Expired,18.0,90.0,12.0,December
2025-12-20,drip coffee (8 bags/pouch) (barako),Sans Coffee,1,Expired,37.0,37.0,12.0,December
2025-12-21,Cold brew with foamy vanilla ,Sans Coffee,4,Over-prepared,31.0,124.0,12.0,December
2025-12-21,the Christmas drink (iced),Signature Kôfē,3,Spoiled,34.0,102.0,12.0,December
2025-12-21,drip coffee (8 bags/pouch) (arabica),Sans Coffee,2,Expired,62.0,124.0,12.0,December
2025-12-21,Overload lomi (malapot),Mini Bites,5,Spoiled,99.0,495.0,12.0,December
2025-12-21,Cookies ,Sans Coffee,2,Over-prepared,18.0,36.0,12.0,December
2025-12-21,Add_on (ham),Sans Coffee,5,Over-prepared,15.0,75.0,12.0,December
2025-12-22,choco coated waffle,Sans Coffee,2,Over-prepared,21.0,42.0,12.0,December
2025-12-22,dalgona ,Signature Kôfē,1,Quality issue,32.0,32.0,12.0,December
2025-12-22,FFFF (large sc),Sans Coffee,5,Quality issue,18.0,90.0,12.0,December
2025-12-22,Belgian waffle  (peanut butter ),Sans Coffee,3,Over-prepared,25.0,75.0,12.0,December
2025-12-23,Chiz melt  (ham),Mini Bites,3,Spoiled,26.0,78.0,12.0,December
2025-12-23,FFFF (large cheese ),Sans Coffee,1,Quality issue,18.0,18.0,12.0,December
2025-12-23,Chicken fillet,Mini Bites,4,Spoiled,45.0,180.0,12.0,December
2025-12-23,Add_on (egg),Sans Coffee,4,Over-prepared,10.0,40.0,12.0,December
2025-12-24,Choco caramel decadence,Sans Coffee,4,Over-prepared,45.0,180.0,12.0,December
2025-12-24,the super charged (25% more coffee)  (hot),Sans Coffee,5,Spoiled,31.0,155.0,12.0,December
2025-12-24,caramel macchiato  (hot),Coffee Based,3,Over-prepared,32.0,96.0,12.0,December
2025-12-24,street food sampler (large),Sans Coffee,2,Spoiled,28.0,56.0,12.0,December
2025-12-25,Iced honey shaken espresso ,Signature Kôfē,3,Over-prepared,36.0,108.0,12.0,December
2025-12-25, latte ,Coffee Based,5,Over-prepared,29.0,145.0,12.0,December
2025-12-25,Product Name (special a),Sans Coffee,2,Spoiled,41.0,82.0,12.0,December
2025-12-25,mocha (hot),Coffee Based,3,Over-prepared,31.0,93.0,12.0,December
2025-12-25,triple caramel,Kôfē Frappé,2,Spoiled,48.0,96.0,12.0,December
2025-12-26,Spanish latte (hot),Coffee Based,2,Over-prepared,29.0,58.0,12.0,December
2025-12-26,Chicken wings (extra rice ),Mini Bites,5,Over-prepared,4.0,20.0,12.0,December
2025-12-26,BFF (Better French fries) Large (sour cream),Mini Bites,2,Expired,28.0,56.0,12.0,December
2025-12-26,Choco caramel decadence,Sans Coffee,5,Expired,45.0,225.0,12.0,December
2025-12-26,Chicken wings (half dozen),Mini Bites,1,Over-prepared,82.0,82.0,12.0,December
2025-12-27,mocha (hot),Coffee Based,5,Spoiled,31.0,155.0,12.0,December
2025-12-27,caramel macchiato (iced),Coffee Based,3,Spoiled,45.0,135.0,12.0,December
2025-12-27,white mocha  (hot),Coffee Based,5,Spoiled,32.0,160.0,12.0,December
2025-12-27,FFFF (large sc),Sans Coffee,3,Expired,18.0,54.0,12.0,December
2025-12-27,Chicken fillet,Mini Bites,3,Over-prepared,45.0,135.0,12.0,December
2025-12-27,BFF (Better French fries) Large (cheese ),Mini Bites,2,Spoiled,28.0,56.0,12.0,December
2025-12-28,iced premium barako,Sans Coffee,5,Expired,21.0,105.0,12.0,December
2025-12-28,Extra Rice,Sans Coffee,5,Over-prepared,5.0,25.0,12.0,December
2025-12-28,simple milk tea ,Sans Coffee,3,Spoiled,28.0,84.0,12.0,December
2025-12-28,the SM tea,Sans Coffee,3,Over-prepared,37.0,111.0,12.0,December
2025-12-28,Chiz melt  (spam lite),Mini Bites,3,Expired,27.0,81.0,12.0,December
2025-12-29,caramel macchiato  (hot),Coffee Based,3,Spoiled,32.0,96.0,12.0,December
2025-12-29,BFF (Better French fries)medium  (bbq ),Mini Bites,3,Over-prepared,16.0,48.0,12.0,December
2025-12-29,blended cappuccino ,Kôfē Frappé,3,Over-prepared,33.0,99.0,12.0,December
2025-12-29,hot citron tea,Sans Coffee,1,Over-prepared,22.0,22.0,12.0,December
2025-12-30,Overload lomi (malapot),Mini Bites,1,Expired,99.0,99.0,12.0,December
2025-12-30,BFF (Better French fries)medium  ( cheese ),Mini Bites,3,Spoiled,16.0,48.0,12.0,December
2025-12-30,Chicken wings (half dozen),Mini Bites,3,Expired,82.0,246.0,12.0,December
2025-12-30,BFF (Better French fries)medium  (sour cream),Mini Bites,5,Quality issue,16.0,80.0,12.0,December
2025-12-31,choco dinosaur latte,Sans Coffee,5,Quality issue,35.0,175.0,12.0,December
2025-12-31,iced premium barako,Sans Coffee,3,Over-prepared,21.0,63.0,12.0,December
2025-12-31,Strawberry Reverie ,Sans Coffee,4,Expired,39.0,156.0,12.0,December
2025-12-31,BFF (Better French fries)medium  (sour cream),Mini Bites,4,Quality issue,16.0,64.0,12.0,December
2025-12-31,matcha espresso fusion  (hot),Signature Kôfē,3,Expired,32.0,96.0,12.0,December
2026-01-01,Chiz melt  (spam lite),Mini Bites,2,Over-prepared,27.0,54.0,1.0,January
2026-01-01,BFF (Better French fries) Large (sour cream),Mini Bites,5,Over-prepared,28.0,140.0,1.0,January
2026-01-01,6 Chicken wings ,Mini Bites,4,Over-prepared,82.0,328.0,1.0,January
2026-01-01,extra shot,Sans Coffee,3,Spoiled,16.0,48.0,1.0,January
2026-01-01,dirty coffee shake ,Kôfē Frappé,3,Over-prepared,38.0,114.0,1.0,January
2026-01-02,Spanish latte (hot),Coffee Based,3,Over-prepared,29.0,87.0,1.0,January
2026-01-02,Chicken fillet,Mini Bites,5,Quality issue,45.0,225.0,1.0,January
2026-01-02,BFF (Better French fries)medium  (sour cream),Mini Bites,2,Over-prepared,16.0,32.0,1.0,January
2026-01-02,FFFF (med sc),Sans Coffee,5,Over-prepared,8.0,40.0,1.0,January
2026-01-02,caramel macchiato (hot),Coffee Based,5,Over-prepared,42.0,210.0,1.0,January
2026-01-03,Chiz melt  (ham),Mini Bites,3,Over-prepared,26.0,78.0,1.0,January
2026-01-03,Cookies ,Sans Coffee,1,Spoiled,18.0,18.0,1.0,January
2026-01-03,mango banana milk shake ,Kôfē Frappé,4,Expired,35.0,140.0,1.0,January
2026-01-03,matcha Supreme latte (hot),Sans Coffee,3,Spoiled,32.0,96.0,1.0,January
2026-01-03,kofetala special blend ,Sans Coffee,1,Quality issue,34.0,34.0,1.0,January
2026-01-03,cappuccino  (hot),Coffee Based,3,Over-prepared,29.0,87.0,1.0,January
2026-01-03,sparkling berry,Sans Coffee,2,Over-prepared,31.0,62.0,1.0,January
2026-01-04,Chicken fillet,Mini Bites,4,Expired,45.0,180.0,1.0,January
2026-01-04,Ramen (regular),Mini Bites,1,Quality issue,17.0,17.0,1.0,January
2026-01-04,FFFF (plain with catsup medium),Sans Coffee,1,Over-prepared,8.0,8.0,1.0,January
2026-01-04,premium barako,Sans Coffee,1,Quality issue,15.0,15.0,1.0,January
2026-01-04,matcha Supreme latte (hot),Sans Coffee,1,Spoiled,32.0,32.0,1.0,January
2026-01-04,Add_on (seaweeds),Sans Coffee,3,Spoiled,8.0,24.0,1.0,January
2026-01-05,white mocha (hot),Coffee Based,3,Spoiled,42.0,126.0,1.0,January
2026-01-05,white mocha  (iced),Coffee Based,5,Expired,35.0,175.0,1.0,January
2026-01-05,Add_on (seaweeds),Sans Coffee,5,Expired,8.0,40.0,1.0,January
2026-01-05,BFF (Better French fries) Large (bbq),Mini Bites,3,Over-prepared,28.0,84.0,1.0,January
2026-01-06,BFF (Better French fries)medium  (sour cream),Mini Bites,3,Quality issue,16.0,48.0,1.0,January
2026-01-06,americano (iced),Coffee Based,4,Quality issue,28.0,112.0,1.0,January
2026-01-06,Ramen (regular),Mini Bites,2,Spoiled,17.0,34.0,1.0,January
2026-01-06,Coffee Syphon (arabica),Sans Coffee,5,Expired,30.0,150.0,1.0,January
2026-01-06,Drip coffee  (barako),Sans Coffee,4,Over-prepared,17.0,68.0,1.0,January
2026-01-07,the Christmas drink (hot ),Signature Kôfē,4,Expired,32.0,128.0,1.0,January
2026-01-07,street food sampler (medium),Sans Coffee,3,Spoiled,16.0,48.0,1.0,January
2026-01-07,French fries plain (large),Mini Bites,2,Over-prepared,90.0,180.0,1.0,January
2026-01-07,the Christmas drink (iced),Signature Kôfē,2,Over-prepared,34.0,68.0,1.0,January
2026-01-07,Belgian waffle  (peanut butter ),Sans Coffee,3,Over-prepared,25.0,75.0,1.0,January
2026-01-07,BFF (Better French fries)medium  (bbq ),Mini Bites,2,Over-prepared,16.0,32.0,1.0,January
2026-01-08,French fries plain (large),Mini Bites,2,Spoiled,90.0,180.0,1.0,January
2026-01-08,Belgian waffle  (peanut butter ),Sans Coffee,2,Quality issue,25.0,50.0,1.0,January
2026-01-08,Strawberry Reverie ,Sans Coffee,1,Over-prepared,39.0,39.0,1.0,January
2026-01-08,Chiz melt  (ham),Mini Bites,5,Expired,26.0,130.0,1.0,January
2026-01-08,Overload lomi (malapot),Mini Bites,3,Expired,99.0,297.0,1.0,January
2026-01-09, latte ,Coffee Based,3,Quality issue,29.0,87.0,1.0,January
2026-01-09,BFF (Better French fries)medium  (medium ),Mini Bites,3,Over-prepared,15.0,45.0,1.0,January
2026-01-09,Belgian waffle  (peanut butter ),Sans Coffee,1,Quality issue,25.0,25.0,1.0,January
2026-01-09,Chicken wings (extra rice ),Mini Bites,3,Over-prepared,4.0,12.0,1.0,January
2026-01-09,oreo overload Frappe ,Kôfē Frappé,3,Expired,37.0,111.0,1.0,January
2026-01-10,Add_on (cheese),Sans Coffee,4,Spoiled,12.0,48.0,1.0,January
2026-01-10,Product Name (regular ),Sans Coffee,4,Expired,18.0,72.0,1.0,January
2026-01-10,iced premium barako,Sans Coffee,2,Expired,21.0,42.0,1.0,January
2026-01-10,hot creamy barako,Sans Coffee,3,Over-prepared,19.0,57.0,1.0,January
2026-01-10,hot cocoa latte ,Sans Coffee,3,Over-prepared,32.0,96.0,1.0,January
2026-01-10,Sinagtala lomi 20 pax,Mini Bites,2,Over-prepared,360.0,720.0,1.0,January
2026-01-11,French fries Spicy barbecue  (large ),Mini Bites,1,Expired,30.0,30.0,1.0,January
2026-01-11,triple caramel,Kôfē Frappé,2,Expired,48.0,96.0,1.0,January
2026-01-11,Ramen (regular),Mini Bites,3,Over-prepared,17.0,51.0,1.0,January
2026-01-11,BFF (Better French fries) Large (bbq),Mini Bites,2,Over-prepared,28.0,56.0,1.0,January
2026-01-11,drip coffee (8 bags/pouch) (barako),Sans Coffee,2,Expired,37.0,74.0,1.0,January
2026-01-11,premium barako,Sans Coffee,4,Spoiled,15.0,60.0,1.0,January
2026-01-12,choco dinosaur latte,Sans Coffee,3,Spoiled,35.0,105.0,1.0,January
2026-01-12,the SM tea,Sans Coffee,2,Over-prepared,37.0,74.0,1.0,January
2026-01-12,americano (iced),Coffee Based,3,Over-prepared,28.0,84.0,1.0,January
2026-01-12,iced premium barako,Sans Coffee,3,Over-prepared,21.0,63.0,1.0,January
2026-01-12,strawberry latte,Sans Coffee,3,Expired,36.0,108.0,1.0,January
2026-01-13,Chicken wings (3pcs),Mini Bites,2,Over-prepared,45.0,90.0,1.0,January
2026-01-13,Overload lomi (malapot),Mini Bites,1,Over-prepared,99.0,99.0,1.0,January
2026-01-13,BFF (Better French fries) Large (bbq),Mini Bites,3,Expired,28.0,84.0,1.0,January
2026-01-13,latte,Coffee Based,1,Expired,42.0,42.0,1.0,January
2026-01-13,mocha (hot),Coffee Based,3,Over-prepared,31.0,93.0,1.0,January
2026-01-14,Choco caramel decadence,Sans Coffee,3,Over-prepared,45.0,135.0,1.0,January
2026-01-14,FFFF (large cheese ),Sans Coffee,1,Expired,18.0,18.0,1.0,January
2026-01-14,BFF (Better French fries)medium  (medium ),Mini Bites,3,Expired,15.0,45.0,1.0,January
2026-01-14,French fries Spicy barbecue  (medium ),Mini Bites,3,Spoiled,18.0,54.0,1.0,January
2026-01-14,triple caramel ,Kôfē Frappé,2,Over-prepared,38.0,76.0,1.0,January
2026-01-14,Spanish latte (hot),Coffee Based,2,Over-prepared,29.0,58.0,1.0,January
2026-01-15,Chicken wings (1 dozen),Mini Bites,5,Over-prepared,165.0,825.0,1.0,January
2026-01-15,latte,Coffee Based,4,Over-prepared,42.0,168.0,1.0,January
2026-01-15,sparkling berry,Sans Coffee,2,Over-prepared,31.0,62.0,1.0,January
2026-01-15,premium barako,Sans Coffee,2,Over-prepared,15.0,30.0,1.0,January
2026-01-15,triple caramel,Kôfē Frappé,5,Expired,48.0,240.0,1.0,January
2026-01-16,Belgian waffle  (peanut butter ),Sans Coffee,2,Spoiled,25.0,50.0,1.0,January
2026-01-16,Brownies ,Sans Coffee,1,Over-prepared,21.0,21.0,1.0,January
2026-01-16,choco coated waffle,Sans Coffee,5,Spoiled,21.0,105.0,1.0,January
2026-01-16,6 Chicken wings ,Mini Bites,5,Expired,82.0,410.0,1.0,January
2026-01-16,BFF (Better French fries)medium  (bbq ),Mini Bites,2,Over-prepared,16.0,32.0,1.0,January
2026-01-17,choco dinosaur latte,Sans Coffee,5,Over-prepared,35.0,175.0,1.0,January
2026-01-17,triple caramel ,Kôfē Frappé,3,Spoiled,38.0,114.0,1.0,January
2026-01-17,Ramen (regular),Mini Bites,1,Spoiled,17.0,17.0,1.0,January
2026-01-17,choco coated waffle,Sans Coffee,2,Expired,21.0,42.0,1.0,January
2026-01-17,street food sampler (large),Sans Coffee,2,Over-prepared,28.0,56.0,1.0,January
2026-01-18,cappuccino  (ice),Coffee Based,4,Expired,32.0,128.0,1.0,January
2026-01-18,BFF (Better French fries) Large (bbq),Mini Bites,2,Over-prepared,28.0,56.0,1.0,January
2026-01-18,brownie,Sans Coffee,2,Expired,21.0,42.0,1.0,January
2026-01-18,street food sampler (large),Sans Coffee,5,Quality issue,28.0,140.0,1.0,January
2026-01-18,Overload lomi (malapot),Mini Bites,4,Over-prepared,99.0,396.0,1.0,January
2026-01-18,BFF (Better French fries)medium  (sour cream),Mini Bites,2,Over-prepared,16.0,32.0,1.0,January
2026-01-19,the super charged (25% more coffee)  (hot),Sans Coffee,3,Over-prepared,31.0,93.0,1.0,January
2026-01-19,Product Name (special b),Sans Coffee,4,Spoiled,46.0,184.0,1.0,January
2026-01-19,cappuccino  (hot),Coffee Based,3,Quality issue,29.0,87.0,1.0,January
2026-01-19,oreo overload Frappe ,Kôfē Frappé,3,Over-prepared,37.0,111.0,1.0,January
2026-01-19,cappuccino  (ice),Coffee Based,3,Over-prepared,32.0,96.0,1.0,January
2026-01-20,triple caramel,Kôfē Frappé,1,Quality issue,48.0,48.0,1.0,January
2026-01-20,FFFF (large cheese ),Sans Coffee,2,Over-prepared,18.0,36.0,1.0,January
2026-01-20,Chiz melt (bacon),Mini Bites,3,Over-prepared,30.0,90.0,1.0,January
2026-01-20,oreo overload Frappe ,Kôfē Frappé,2,Over-prepared,37.0,74.0,1.0,January
2026-01-20,mocha (iced),Coffee Based,4,Expired,35.0,140.0,1.0,January
2026-01-20,matcha espresso fusion  (hot),Signature Kôfē,4,Over-prepared,32.0,128.0,1.0,January
2026-01-21,Product Name (regular ),Sans Coffee,1,Expired,18.0,18.0,1.0,January
2026-01-21,white mocha  (hot),Coffee Based,2,Expired,32.0,64.0,1.0,January
2026-01-21,white mocha (hot),Coffee Based,2,Over-prepared,42.0,84.0,1.0,January
2026-01-21,the SM tea,Sans Coffee,3,Spoiled,37.0,111.0,1.0,January
2026-01-21,Sinagtala lomi 20 pax,Mini Bites,5,Quality issue,360.0,1800.0,1.0,January
2026-01-22,Iced honey shaken espresso ,Signature Kôfē,3,Expired,36.0,108.0,1.0,January
2026-01-22,Chiz melt  (ham),Mini Bites,5,Expired,26.0,130.0,1.0,January
2026-01-22,Product Name (special b),Sans Coffee,3,Spoiled,46.0,138.0,1.0,January
2026-01-22,Brownies ,Sans Coffee,3,Over-prepared,21.0,63.0,1.0,January
2026-01-23,Product Name (special b),Sans Coffee,5,Expired,46.0,230.0,1.0,January
2026-01-23,Ramen (regular),Mini Bites,5,Spoiled,17.0,85.0,1.0,January
2026-01-23,oreo overload Frappe ,Kôfē Frappé,1,Over-prepared,37.0,37.0,1.0,January
2026-01-23,caramel macchiato  (hot),Coffee Based,1,Over-prepared,32.0,32.0,1.0,January
2026-01-23,Cold brew with foamy vanilla ,Sans Coffee,5,Spoiled,31.0,155.0,1.0,January
2026-01-24,mocha (iced),Coffee Based,4,Spoiled,35.0,140.0,1.0,January
2026-01-24,street food sampler (large),Sans Coffee,3,Over-prepared,28.0,84.0,1.0,January
2026-01-24,oreo overload Frappe,Kôfē Frappé,5,Spoiled,48.0,240.0,1.0,January
2026-01-24,Belgian waffle  (mango caramel ),Sans Coffee,5,Spoiled,27.0,135.0,1.0,January
2026-01-24,Extra Rice,Sans Coffee,4,Expired,5.0,20.0,1.0,January
2026-01-24,the SM tea,Sans Coffee,1,Over-prepared,37.0,37.0,1.0,January
2026-01-24,French fries Spicy barbecue  (large ),Mini Bites,5,Over-prepared,30.0,150.0,1.0,January
2026-01-25,drip coffee (8 bags/pouch) (arabica),Sans Coffee,2,Over-prepared,62.0,124.0,1.0,January
2026-01-25,Cookies ,Sans Coffee,2,Over-prepared,18.0,36.0,1.0,January
2026-01-25,Add_on (seaweeds),Sans Coffee,4,Expired,8.0,32.0,1.0,January
2026-01-25,Sinagtala lomi 20 pax,Mini Bites,5,Over-prepared,360.0,1800.0,1.0,January
2026-01-25,BFF (Better French fries)medium  ( cheese ),Mini Bites,2,Spoiled,16.0,32.0,1.0,January
2026-01-25,Chicken wings (half dozen),Mini Bites,5,Over-prepared,82.0,410.0,1.0,January
2026-01-25,the Christmas drink (hot ),Signature Kôfē,2,Quality issue,32.0,64.0,1.0,January
2026-01-26,FFFF (large sc),Sans Coffee,1,Expired,18.0,18.0,1.0,January
2026-01-26,matcha espresso fusion  (iced),Signature Kôfē,2,Over-prepared,35.0,70.0,1.0,January
2026-01-26,iced premium barako,Sans Coffee,5,Quality issue,21.0,105.0,1.0,January
2026-01-26,BFF (Better French fries)medium  ( cheese ),Mini Bites,5,Over-prepared,16.0,80.0,1.0,January
2026-01-26,Chicken pops (bbq),Mini Bites,5,Over-prepared,50.0,250.0,1.0,January
2026-01-27,Add_on (cheese),Sans Coffee,5,Over-prepared,12.0,60.0,1.0,January
2026-01-27,cappuccino  (hot),Coffee Based,2,Over-prepared,29.0,58.0,1.0,January
2026-01-27,Chicken wings (3pcs),Mini Bites,2,Spoiled,45.0,90.0,1.0,January
2026-01-27,caramel macchiato  (iced),Coffee Based,2,Expired,35.0,70.0,1.0,January
2026-01-27,iced premium barako,Sans Coffee,5,Expired,21.0,105.0,1.0,January
2026-01-28,BFF (Better French fries)medium  ( cheese ),Mini Bites,4,Over-prepared,16.0,64.0,1.0,January
2026-01-28,BFF (Better French fries) Large (bbq),Mini Bites,5,Over-prepared,28.0,140.0,1.0,January
2026-01-28,oreo overload Frappe ,Kôfē Frappé,3,Quality issue,37.0,111.0,1.0,January
2026-01-28,BFF (Better French fries)medium  (large),Mini Bites,1,Spoiled,27.0,27.0,1.0,January
2026-01-28,BFF (Better French fries)medium  (sour cream),Mini Bites,5,Expired,16.0,80.0,1.0,January
2026-01-28,strawberry latte,Sans Coffee,4,Over-prepared,36.0,144.0,1.0,January
2026-01-29,matcha espresso fusion  (iced),Signature Kôfē,5,Over-prepared,35.0,175.0,1.0,January
2026-01-29,Chiz melt  (ham),Mini Bites,5,Expired,26.0,130.0,1.0,January
2026-01-29,FFFF (large bbq),Sans Coffee,1,Spoiled,18.0,18.0,1.0,January
2026-01-29,mango banana milk shake ,Kôfē Frappé,4,Spoiled,35.0,140.0,1.0,January
2026-01-30,FFFF (large bbq),Sans Coffee,1,Over-prepared,18.0,18.0,1.0,January
2026-01-30,FFFF (med sc),Sans Coffee,2,Over-prepared,8.0,16.0,1.0,January
2026-01-30,Brownies ,Sans Coffee,5,Over-prepared,21.0,105.0,1.0,January
2026-01-30,Belgian waffle  (mango caramel ),Sans Coffee,3,Quality issue,27.0,81.0,1.0,January
2026-01-30,premium barako,Sans Coffee,1,Over-prepared,15.0,15.0,1.0,January
2026-01-30,the SM tea,Sans Coffee,2,Over-prepared,37.0,74.0,1.0,January
2026-01-31,belgian waffle plain ,Sans Coffee,5,Over-prepared,21.0,105.0,1.0,January
2026-01-31,the super charged (25% more coffee)  (hot),Sans Coffee,2,Over-prepared,31.0,62.0,1.0,January
2026-01-31,matcha espresso fusion  (hot),Signature Kôfē,4,Over-prepared,32.0,128.0,1.0,January
2026-01-31,mango banana milk shake ,Kôfē Frappé,3,Spoiled,35.0,105.0,1.0,January
2026-01-31,caramel macchiato  (iced),Coffee Based,4,Expired,35.0,140.0,1.0,January
2026-01-31,matcha Supreme latte (hot),Sans Coffee,3,Over-prepared,32.0,96.0,1.0,January
2026-01-31,FFFF (large cheese ),Sans Coffee,5,Expired,18.0,90.0,1.0,January
2026-01-31,Spanish latte (hot),Coffee Based,4,Spoiled,29.0,116.0,1.0,January
2026-02-01,white mocha (iced),Coffee Based,2,Expired,45.0,90.0,2.0,February
2026-02-01,Chiz melt  (ham),Mini Bites,2,Expired,26.0,52.0,2.0,February
2026-02-01,Overload lomi (malabnaw),Mini Bites,3,Over-prepared,99.0,297.0,2.0,February
2026-02-01,Overload lomi (malapot),Mini Bites,3,Quality issue,99.0,297.0,2.0,February
2026-02-01,choco coated waffle,Sans Coffee,5,Expired,21.0,105.0,2.0,February
2026-02-01,Chiz melt (bacon),Mini Bites,2,Over-prepared,30.0,60.0,2.0,February
2026-02-01,matcha espresso fusion  (iced),Signature Kôfē,2,Over-prepared,35.0,70.0,2.0,February
2026-02-02,Triple Caramel Frappé,Kôfē Frappé,1,Over-preparation,160.0,160.0,,
2026-02-02,mocha (iced),Coffee Based,3,Spoiled,35.0,105.0,2.0,February
2026-02-02,Chicken wings (half dozen),Mini Bites,2,Quality issue,82.0,164.0,2.0,February
2026-02-02,Chiz melt  (ham),Mini Bites,1,Expired,26.0,26.0,2.0,February
2026-02-02,BFF (Better French fries)medium  ( cheese ),Mini Bites,3,Over-prepared,16.0,48.0,2.0,February
2026-02-02,simple milk tea ,Sans Coffee,1,Expired,28.0,28.0,2.0,February
2026-02-03,caramel macchiato (hot),Coffee Based,2,Expired,42.0,84.0,2.0,February
2026-02-03,strawberry latte,Sans Coffee,5,Expired,36.0,180.0,2.0,February
2026-02-03,FFFF (plain with catsup medium),Sans Coffee,5,Expired,8.0,40.0,2.0,February
2026-02-03,premium barako,Sans Coffee,4,Over-prepared,15.0,60.0,2.0,February
2026-02-03,Vanilla Latte,Coffee Based,1,Expired,130.0,130.0,,
2026-02-03,Vanilla Latte,Coffee Based,2,Over-preparation,130.0,260.0,,
2026-02-03,Spanish Latte (iced),Coffee Based,1,Spoilage,140.0,140.0,,
2026-02-03,belgian waffle plain ,Sans Coffee,3,Expired,21.0,63.0,2.0,February
2026-02-03,brownie,Sans Coffee,4,Over-prepared,21.0,84.0,2.0,February
2026-02-04,Spanish Latte (iced),Coffee Based,3,Spoilage,140.0,420.0,,
2026-02-04,Brown Sugar Kôfē,Signature Kôfē,2,Over-preparation,145.0,290.0,,
2026-02-04,the super charged (25% more coffee)  (iced),Sans Coffee,5,Over-prepared,34.0,170.0,2.0,February
2026-02-04,white mocha (iced),Coffee Based,4,Expired,45.0,180.0,2.0,February
2026-02-04,Brownies ,Sans Coffee,3,Spoiled,21.0,63.0,2.0,February
2026-02-04,kofetala special blend ,Sans Coffee,5,Expired,34.0,170.0,2.0,February
2026-02-04,dirty coffee shake ,Kôfē Frappé,4,Expired,38.0,152.0,2.0,February
2026-02-05,Chiz melt  (ham),Mini Bites,5,Expired,26.0,130.0,2.0,February
2026-02-05,the super charged (25% more coffee)  (iced),Sans Coffee,3,Expired,34.0,102.0,2.0,February
2026-02-05,street food sampler (large),Sans Coffee,5,Quality issue,28.0,140.0,2.0,February
2026-02-05,Sinagtala lomi 20 pax,Mini Bites,5,Over-prepared,360.0,1800.0,2.0,February
2026-02-05,Oreo Overload Frappé,Kôfē Frappé,1,Over-preparation,160.0,160.0,,
2026-02-05,matcha Supreme latte (iced),Sans Coffee,2,Expired,35.0,70.0,2.0,February
2026-02-05,matcha espresso fusion  (iced),Signature Kôfē,5,Over-prepared,35.0,175.0,2.0,February
2026-02-06,mocha (hot),Coffee Based,3,Expired,31.0,93.0,2.0,February
2026-02-06,street food sampler (large),Sans Coffee,3,Over-prepared,28.0,84.0,2.0,February
2026-02-06,Overload Lomi (malapot),Mini Bites,2,Over-preparation,100.0,200.0,,
2026-02-06,BFF (Better French Fries),Mini Bites,1,Expired,60.0,60.0,,
2026-02-06,FFFF (large bbq),Sans Coffee,4,Spoiled,18.0,72.0,2.0,February
2026-02-06,BFF (Better French fries)medium  (sour cream),Mini Bites,4,Over-prepared,16.0,64.0,2.0,February
2026-02-06,Spanish latte (iced),Coffee Based,5,Quality issue,32.0,160.0,2.0,February
2026-02-07,matcha espresso fusion  (iced),Signature Kôfē,5,Spoiled,35.0,175.0,2.0,February
2026-02-07,Cappuccino,Coffee Based,1,Spoilage,120.0,120.0,,
2026-02-07,matcha espresso fusion  (hot),Signature Kôfē,2,Quality issue,32.0,64.0,2.0,February
2026-02-07,Triple Caramel Frappé,Kôfē Frappé,3,Over-preparation,160.0,480.0,,
2026-02-07,Salted Caramel Kôfē,Signature Kôfē,1,Expired,155.0,155.0,,
2026-02-07,BFF (Better French fries)medium  (large),Mini Bites,4,Quality issue,27.0,108.0,2.0,February
2026-02-07,blended cappuccino ,Kôfē Frappé,2,Over-prepared,33.0,66.0,2.0,February
2026-02-07,white mocha (hot),Coffee Based,5,Spoiled,42.0,210.0,2.0,February
2026-02-07,FFFF (large sc),Sans Coffee,1,Over-prepared,18.0,18.0,2.0,February
2026-02-09,Salted Caramel Kôfē,Signature Kôfē,3,Quality issue,155.0,465.0,,
2026-02-09,Vanilla Latte,Coffee Based,3,Over-preparation,130.0,390.0,,
2026-02-10,Strawberry Milk Latte,Sans Coffee,1,Quality issue,140.0,140.0,,
2026-02-11,Salted Caramel Kôfē,Signature Kôfē,1,Over-preparation,155.0,155.0,,
2026-02-11,Cafe Americano,Coffee Based,2,Over-preparation,100.0,200.0,,
2026-02-11,Salted Caramel Kôfē,Signature Kôfē,1,Spoilage,155.0,155.0,,
2026-02-12,Salted Caramel Kôfē,Signature Kôfē,1,Over-preparation,155.0,155.0,,
2026-02-12,Cheesy Bread Sticks,Mini Bites,1,Expired,90.0,90.0,,
2026-02-13,Brown Sugar Kôfē,Signature Kôfē,1,Expired,145.0,145.0,,
2026-02-13,Spanish Latte (iced),Coffee Based,3,Over-preparation,140.0,420.0,,
2026-02-13,Strawberry Milk Latte,Sans Coffee,1,Quality issue,140.0,140.0,,
2026-02-14,Cappuccino,Coffee Based,2,Spoilage,120.0,240.0,,
2026-02-14,Choco Overload (non-coffee),Sans Coffee,1,Quality issue,145.0,145.0,,
2026-02-14,Caramel Macchiato (iced),Coffee Based,3,Expired,140.0,420.0,,
2026-02-15,Cafe Americano,Coffee Based,2,Over-preparation,100.0,200.0,,
2026-02-15,Cafe Americano,Coffee Based,2,Expired,100.0,200.0,,
2026-02-16,Triple Caramel Frappé,Kôfē Frappé,1,Over-preparation,160.0,160.0,,
2026-02-17,Vanilla Latte,Coffee Based,1,Spoilage,130.0,130.0,,
2026-02-17,Cafe Americano,Coffee Based,1,Over-preparation,100.0,100.0,,
2026-02-17,Choco Dinosaur Latte,Signature Kôfē,1,Expired,150.0,150.0,,
2026-02-20,Brown Sugar Kôfē,Signature Kôfē,2,Over-preparation,145.0,290.0,,
2026-02-21,Matcha Supreme Latte (iced),Sans Coffee,2,Expired,150.0,300.0,,
2026-02-21,Salted Caramel Kôfē,Signature Kôfē,2,Quality issue,155.0,310.0,,
2026-02-21,Mocha Frappé,Kôfē Frappé,2,Spoilage,155.0,310.0,,
2026-02-22,Oreo Overload Frappé,Kôfē Frappé,2,Spoilage,160.0,320.0,,
2026-02-23,Caramel Macchiato (iced),Coffee Based,1,Over-preparation,140.0,140.0,,
2026-02-24,Vanilla Latte,Coffee Based,1,Over-preparation,130.0,130.0,,
2026-02-24,Matcha Supreme Latte (iced),Sans Coffee,2,Over-preparation,150.0,300.0,,
2026-02-26,Brown Sugar Kôfē,Signature Kôfē,2,Over-preparation,145.0,290.0,,
2026-02-26,Cappuccino,Coffee Based,1,Spoilage,120.0,120.0,,
2026-02-27,Caramel Macchiato (iced),Coffee Based,2,Expired,140.0,280.0,,
2026-03-01,Brown Sugar Kôfē,Signature Kôfē,1,Spoilage,145.0,145.0,,
2026-03-02,Cappuccino,Coffee Based,2,Over-preparation,120.0,240.0,,
2026-03-03,Caramel Macchiato (iced),Coffee Based,1,Over-preparation,140.0,140.0,,
2026-03-03,Strawberry Milk Latte,Sans Coffee,1,Expired,140.0,140.0,,
2026-03-03,Spanish Latte (iced),Coffee Based,2,Over-preparation,140.0,280.0,,
2026-03-04,Mocha Frappé,Kôfē Frappé,3,Quality issue,155.0,465.0,,
2026-03-04,Nachos Overload,Mini Bites,1,Over-preparation,110.0,110.0,,
2026-03-05,Cheesy Bread Sticks,Mini Bites,1,Expired,90.0,90.0,,
2026-03-06,Spanish Latte (iced),Coffee Based,2,Over-preparation,140.0,280.0,,
2026-03-06,Choco Overload (non-coffee),Sans Coffee,2,Over-preparation,145.0,290.0,,
2026-03-06,Overload Lomi (malapot),Mini Bites,1,Over-preparation,100.0,100.0,,
2026-03-08,Vanilla Latte,Coffee Based,1,Over-preparation,130.0,130.0,,
2026-03-08,Cheesy Bread Sticks,Mini Bites,2,Over-preparation,90.0,180.0,,
2026-03-08,Triple Caramel Frappé,Kôfē Frappé,3,Expired,160.0,480.0,,
2026-03-09,Salted Caramel Kôfē,Signature Kôfē,2,Over-preparation,155.0,310.0,,
2026-03-09,Caramel Macchiato (iced),Coffee Based,2,Spoilage,140.0,280.0,,
2026-03-10,Vanilla Latte,Coffee Based,1,Spoilage,130.0,130.0,,
2026-03-11,Spanish Latte (iced),Coffee Based,1,Over-preparation,140.0,140.0,,
2026-03-11,Choco Overload (non-coffee),Sans Coffee,3,Over-preparation,145.0,435.0,,
2026-03-14,Oreo Overload Frappé,Kôfē Frappé,1,Over-preparation,160.0,160.0,,
2026-03-14,Vanilla Latte,Coffee Based,1,Over-preparation,130.0,130.0,,
2026-03-14,Chicken Wings (3pcs),Mini Bites,3,Over-preparation,150.0,450.0,,
2026-03-15,Nachos Overload,Mini Bites,1,Quality issue,110.0,110.0,,
2026-03-15,Caramel Macchiato (iced),Coffee Based,3,Spoilage,140.0,420.0,,
2026-03-16,Triple Caramel Frappé,Kôfē Frappé,3,Quality issue,160.0,480.0,,
2026-03-17,Nachos Overload,Mini Bites,2,Over-preparation,110.0,220.0,,
2026-03-17,Spanish Latte (iced),Coffee Based,2,Over-preparation,140.0,280.0,,
2026-03-18,Brown Sugar Kôfē,Signature Kôfē,1,Over-preparation,145.0,145.0,,
2026-03-18,Oreo Overload Frappé,Kôfē Frappé,1,Over-preparation,160.0,160.0,,
2026-03-18,Choco Dinosaur Latte,Signature Kôfē,1,Expired,150.0,150.0,,
2026-03-20,Iced Honey Shaken Espresso,Signature Kôfē,1,Quality issue,150.0,150.0,,
2026-03-20,Brown Sugar Kôfē,Signature Kôfē,1,Over-preparation,145.0,145.0,,
2026-03-20,Mocha Frappé,Kôfē Frappé,3,Expired,155.0,465.0,,
2026-03-22,Matcha Supreme Latte (iced),Sans Coffee,2,Over-preparation,150.0,300.0,,
2026-03-24,Iced Honey Shaken Espresso,Signature Kôfē,1,Spoilage,150.0,150.0,,
2026-03-24,Strawberry Milk Latte,Sans Coffee,1,Expired,140.0,140.0,,
2026-03-26,Choco Overload (non-coffee),Sans Coffee,2,Over-preparation,145.0,290.0,,
2026-03-26,Caramel Macchiato (iced),Coffee Based,1,Over-preparation,140.0,140.0,,
2026-03-26,Oreo Overload Frappé,Kôfē Frappé,1,Spoilage,160.0,160.0,,
2026-03-27,Choco Overload (non-coffee),Sans Coffee,2,Over-preparation,145.0,290.0,,
2026-03-27,Chicken Wings (3pcs),Mini Bites,1,Over-preparation,150.0,150.0,,
2026-03-28,Chicken Wings (3pcs),Mini Bites,1,Spoilage,150.0,150.0,,
2026-03-28,Java Chip Frappé,Kôfē Frappé,3,Expired,165.0,495.0,,
2026-03-28,Java Chip Frappé,Kôfē Frappé,3,Over-preparation,165.0,495.0,,
2026-03-29,Chicken Wings (3pcs),Mini Bites,1,Spoilage,150.0,150.0,,
2026-03-29,Choco Overload (non-coffee),Sans Coffee,3,Quality issue,145.0,435.0,,
2026-03-30,Choco Overload (non-coffee),Sans Coffee,1,Over-preparation,145.0,145.0,,
2026-03-30,Brown Sugar Kôfē,Signature Kôfē,2,Spoilage,145.0,290.0,,
2026-03-31,Choco Overload (non-coffee),Sans Coffee,1,Spoilage,145.0,145.0,,
2026-03-31,Choco Dinosaur Latte,Signature Kôfē,1,Spoilage,150.0,150.0,,
2026-04-01,Spanish Latte (iced),Coffee Based,3,Over-preparation,140.0,420.0,,
2026-04-01,Iced Honey Shaken Espresso,Signature Kôfē,1,Over-preparation,150.0,150.0,,
2026-04-03,Strawberry Milk Latte,Sans Coffee,3,Spoilage,140.0,420.0,,
2026-04-04,Strawberry Milk Latte,Sans Coffee,1,Over-preparation,140.0,140.0,,
2026-04-04,Caramel Macchiato (iced),Coffee Based,2,Over-preparation,140.0,280.0,,
2026-04-06,Vanilla Latte,Coffee Based,1,Quality issue,130.0,130.0,,
2026-04-06,Cappuccino,Coffee Based,1,Expired,120.0,120.0,,
2026-04-07,BFF (Better French Fries),Mini Bites,2,Spoilage,60.0,120.0,,
2026-04-07,Nachos Overload,Mini Bites,2,Spoilage,110.0,220.0,,
2026-04-07,Brown Sugar Kôfē,Signature Kôfē,2,Over-preparation,145.0,290.0,,
2026-04-08,Nachos Overload,Mini Bites,3,Over-preparation,110.0,330.0,,
2026-04-08,Matcha Supreme Latte (iced),Sans Coffee,3,Over-preparation,150.0,450.0,,
2026-04-09,Overload Lomi (malapot),Mini Bites,1,Over-preparation,100.0,100.0,,
2026-04-09,Choco Overload (non-coffee),Sans Coffee,1,Expired,145.0,145.0,,
2026-04-10,Mocha Frappé,Kôfē Frappé,2,Over-preparation,155.0,310.0,,
2026-04-10,Strawberry Milk Latte,Sans Coffee,2,Quality issue,140.0,280.0,,
2026-04-11,Strawberry Milk Latte,Sans Coffee,1,Quality issue,140.0,140.0,,
2026-04-11,Mocha Frappé,Kôfē Frappé,2,Spoilage,155.0,310.0,,
2026-04-11,Cheesy Bread Sticks,Mini Bites,1,Spoilage,90.0,90.0,,
2026-04-12,Cappuccino,Coffee Based,1,Spoilage,120.0,120.0,,
2026-04-12,Choco Overload (non-coffee),Sans Coffee,1,Expired,145.0,145.0,,
2026-04-15,Cheesy Bread Sticks,Mini Bites,3,Over-preparation,90.0,270.0,,
2026-04-15,Matcha Supreme Latte (iced),Sans Coffee,2,Over-preparation,150.0,300.0,,
2026-04-16,Brown Sugar Kôfē,Signature Kôfē,1,Over-preparation,145.0,145.0,,
2026-04-16,Strawberry Milk Latte,Sans Coffee,2,Over-preparation,140.0,280.0,,
2026-04-17,Overload Lomi (malapot),Mini Bites,1,Over-preparation,100.0,100.0,,
2026-04-18,Spanish Latte (iced),Coffee Based,1,Expired,140.0,140.0,,
2026-04-19,Brown Sugar Kôfē,Signature Kôfē,3,Over-preparation,145.0,435.0,,
2026-04-21,Triple Caramel Frappé,Kôfē Frappé,2,Spoilage,160.0,320.0,,
2026-04-21,Spanish Latte (iced),Coffee Based,1,Over-preparation,140.0,140.0,,
2026-04-22,Nachos Overload,Mini Bites,2,Quality issue,110.0,220.0,,
2026-04-22,Choco Dinosaur Latte,Signature Kôfē,2,Spoilage,150.0,300.0,,
2026-04-23,Oreo Overload Frappé,Kôfē Frappé,2,Expired,160.0,320.0,,
2026-04-24,Oreo Overload Frappé,Kôfē Frappé,2,Spoilage,160.0,320.0,,
2026-04-24,Cappuccino,Coffee Based,2,Over-preparation,120.0,240.0,,
2026-04-26,Brown Sugar Kôfē,Signature Kôfē,1,Expired,145.0,145.0,,
2026-04-26,Mocha Frappé,Kôfē Frappé,2,Spoilage,155.0,310.0,,
2026-04-27,Triple Caramel Frappé,Kôfē Frappé,1,Over-preparation,160.0,160.0,,
2026-04-27,Matcha Supreme Latte (iced),Sans Coffee,2,Spoilage,150.0,300.0,,
2026-04-28,Cappuccino,Coffee Based,1,Over-preparation,120.0,120.0,,
2026-04-28,Salted Caramel Kôfē,Signature Kôfē,1,Over-preparation,155.0,155.0,,
2026-04-30,Overload Lomi (malapot),Mini Bites,2,Quality issue,100.0,200.0,,
2026-04-30,Spanish Latte (iced),Coffee Based,3,Over-preparation,140.0,420.0,,
2026-05-01,Choco Overload (non-coffee),Sans Coffee,3,Spoilage,145.0,435.0,,
2026-05-02,Triple Caramel Frappé,Kôfē Frappé,2,Spoilage,160.0,320.0,,
2026-05-03,Mocha Frappé,Kôfē Frappé,2,Spoilage,155.0,310.0,,
2026-05-03,Choco Overload (non-coffee),Sans Coffee,2,Over-preparation,145.0,290.0,,
2026-05-03,Strawberry Milk Latte,Sans Coffee,1,Over-preparation,140.0,140.0,,
2026-05-04,Oreo Overload Frappé,Kôfē Frappé,3,Spoilage,160.0,480.0,,
2026-05-05,Iced Honey Shaken Espresso,Signature Kôfē,3,Spoilage,150.0,450.0,,
2026-05-06,BFF (Better French Fries),Mini Bites,1,Expired,60.0,60.0,,
2026-05-06,Triple Caramel Frappé,Kôfē Frappé,1,Over-preparation,160.0,160.0,,
2026-05-06,Vanilla Latte,Coffee Based,1,Over-preparation,130.0,130.0,,
2026-05-08,Matcha Supreme Latte (iced),Sans Coffee,1,Spoilage,150.0,150.0,,
2026-05-09,Triple Caramel Frappé,Kôfē Frappé,1,Over-preparation,160.0,160.0,,
2026-05-09,Matcha Supreme Latte (iced),Sans Coffee,1,Over-preparation,150.0,150.0,,
2026-05-10,Iced Honey Shaken Espresso,Signature Kôfē,2,Quality issue,150.0,300.0,,
2026-05-11,Vanilla Latte,Coffee Based,2,Spoilage,130.0,260.0,,
2026-05-12,Nachos Overload,Mini Bites,2,Quality issue,110.0,220.0,,
2026-05-13,Strawberry Milk Latte,Sans Coffee,2,Spoilage,140.0,280.0,,
2026-05-13,Overload Lomi (malapot),Mini Bites,1,Spoilage,100.0,100.0,,
2026-05-13,Oreo Overload Frappé,Kôfē Frappé,1,Over-preparation,160.0,160.0,,
2026-05-14,Cappuccino,Coffee Based,2,Spoilage,120.0,240.0,,
2026-05-15,Salted Caramel Kôfē,Signature Kôfē,3,Over-preparation,155.0,465.0,,
2026-05-17,Triple Caramel Frappé,Kôfē Frappé,2,Over-preparation,160.0,320.0,,
2026-05-18,Triple Caramel Frappé,Kôfē Frappé,1,Over-preparation,160.0,160.0,,
2026-05-19,BFF (Better French Fries),Mini Bites,2,Over-preparation,60.0,120.0,,
2026-05-19,Mocha Frappé,Kôfē Frappé,1,Spoilage,155.0,155.0,,
2026-05-19,Strawberry Milk Latte,Sans Coffee,1,Spoilage,140.0,140.0,,
2026-05-21,Oreo Overload Frappé,Kôfē Frappé,1,Over-preparation,160.0,160.0,,
2026-05-21,Cheesy Bread Sticks,Mini Bites,1,Quality issue,90.0,90.0,,
2026-05-21,Oreo Overload Frappé,Kôfē Frappé,1,Spoilage,160.0,160.0,,
2026-05-22,Brown Sugar Kôfē,Signature Kôfē,3,Expired,145.0,435.0,,
2026-05-22,Cappuccino,Coffee Based,1,Over-preparation,120.0,120.0,,
2026-05-23,Salted Caramel Kôfē,Signature Kôfē,2,Spoilage,155.0,310.0,,
2026-05-24,Overload Lomi (malapot),Mini Bites,2,Over-preparation,100.0,200.0,,
2026-05-24,Java Chip Frappé,Kôfē Frappé,1,Quality issue,165.0,165.0,,
2026-05-25,Vanilla Latte,Coffee Based,2,Over-preparation,130.0,260.0,,
2026-05-25,Salted Caramel Kôfē,Signature Kôfē,2,Expired,155.0,310.0,,
2026-05-25,Matcha Supreme Latte (iced),Sans Coffee,1,Over-preparation,150.0,150.0,,
2026-05-26,Choco Overload (non-coffee),Sans Coffee,2,Over-preparation,145.0,290.0,,
2026-05-26,Chicken Wings (3pcs),Mini Bites,3,Over-preparation,150.0,450.0,,
2026-05-27,Matcha Supreme Latte (iced),Sans Coffee,1,Quality issue,150.0,150.0,,
2026-05-27,Cappuccino,Coffee Based,1,Spoilage,120.0,120.0,,
2026-05-27,Brown Sugar Kôfē,Signature Kôfē,3,Over-preparation,145.0,435.0,,
2026-05-28,Strawberry Milk Latte,Sans Coffee,1,Spoilage,140.0,140.0,,
2026-05-28,Brown Sugar Kôfē,Signature Kôfē,1,Quality issue,145.0,145.0,,
2026-05-29,Cafe Americano,Coffee Based,2,Over-preparation,100.0,200.0,,
2026-05-30,Cafe Americano,Coffee Based,3,Over-preparation,100.0,300.0,,
2026-05-30,Cheesy Bread Sticks,Mini Bites,3,Spoilage,90.0,270.0,,
2026-05-31,Strawberry Milk Latte,Sans Coffee,1,Spoilage,140.0,140.0,,
2026-05-31,Nachos Overload,Mini Bites,2,Quality issue,110.0,220.0,,
2026-05-31,Iced Honey Shaken Espresso,Signature Kôfē,2,Over-preparation,150.0,300.0,,
2026-06-02,Choco Overload (non-coffee),Sans Coffee,2,Over-preparation,145.0,290.0,,
2026-06-02,Brown Sugar Kôfē,Signature Kôfē,1,Over-preparation,145.0,145.0,,
2026-06-04,Matcha Supreme Latte (iced),Sans Coffee,2,Quality issue,150.0,300.0,,
2026-06-05,Choco Overload (non-coffee),Sans Coffee,1,Over-preparation,145.0,145.0,,
2026-06-06,Mocha Frappé,Kôfē Frappé,3,Over-preparation,155.0,465.0,,
2026-06-06,Mocha Frappé,Kôfē Frappé,1,Spoilage,155.0,155.0,,
2026-06-08,Triple Caramel Frappé,Kôfē Frappé,3,Over-preparation,160.0,480.0,,
2026-06-08,Caramel Macchiato (iced),Coffee Based,2,Over-preparation,140.0,280.0,,
2026-06-08,Vanilla Latte,Coffee Based,1,Over-preparation,130.0,130.0,,
2026-06-09,Cafe Americano,Coffee Based,1,Over-preparation,100.0,100.0,,
2026-06-10,Brown Sugar Kôfē,Signature Kôfē,2,Spoilage,145.0,290.0,,
2026-06-11,Vanilla Latte,Coffee Based,2,Spoilage,130.0,260.0,,
2026-06-12,Iced Honey Shaken Espresso,Signature Kôfē,2,Spoilage,150.0,300.0,,
2026-06-12,Strawberry Milk Latte,Sans Coffee,3,Over-preparation,140.0,420.0,,
2026-06-12,Strawberry Milk Latte,Sans Coffee,3,Spoilage,140.0,420.0,,
2026-06-13,BFF (Better French Fries),Mini Bites,3,Quality issue,60.0,180.0,,
2026-06-13,Mocha Frappé,Kôfē Frappé,1,Over-preparation,155.0,155.0,,
2026-06-14,Spanish Latte (iced),Coffee Based,2,Spoilage,140.0,280.0,,
2026-06-14,BFF (Better French Fries),Mini Bites,3,Over-preparation,60.0,180.0,,
2026-06-16,Vanilla Latte,Coffee Based,3,Expired,130.0,390.0,,
2026-06-16,Vanilla Latte,Coffee Based,3,Spoilage,130.0,390.0,,
2026-06-18,BFF (Better French Fries),Mini Bites,1,Spoilage,60.0,60.0,,
2026-06-19,Caramel Macchiato (iced),Coffee Based,1,Expired,140.0,140.0,,
2026-06-20,Choco Dinosaur Latte,Signature Kôfē,1,Over-preparation,150.0,150.0,,
2026-06-20,Matcha Supreme Latte (iced),Sans Coffee,1,Over-preparation,150.0,150.0,,
2026-06-21,Cheesy Bread Sticks,Mini Bites,1,Expired,90.0,90.0,,
2026-06-21,Mocha Frappé,Kôfē Frappé,1,Expired,155.0,155.0,,
2026-06-22,Matcha Supreme Latte (iced),Sans Coffee,1,Expired,150.0,150.0,,
2026-06-23,BFF (Better French Fries),Mini Bites,1,Expired,60.0,60.0,,
2026-06-23,Cafe Americano,Coffee Based,2,Over-preparation,100.0,200.0,,
2026-06-24,Nachos Overload,Mini Bites,3,Quality issue,110.0,330.0,,
2026-06-24,Spanish Latte (iced),Coffee Based,2,Over-preparation,140.0,280.0,,
2026-06-26,Choco Dinosaur Latte,Signature Kôfē,3,Expired,150.0,450.0,,
2026-06-26,Mocha Frappé,Kôfē Frappé,1,Over-preparation,155.0,155.0,,
2026-06-26,Cafe Americano,Coffee Based,2,Over-preparation,100.0,200.0,,
2026-06-27,Brown Sugar Kôfē,Signature Kôfē,2,Over-preparation,145.0,290.0,,
2026-06-27,Nachos Overload,Mini Bites,2,Expired,110.0,220.0,,
2026-06-27,Brown Sugar Kôfē,Signature Kôfē,3,Over-preparation,145.0,435.0,,
2026-06-28,Oreo Overload Frappé,Kôfē Frappé,3,Over-preparation,160.0,480.0,,
2026-06-28,Strawberry Milk Latte,Sans Coffee,1,Expired,140.0,140.0,,
2026-06-29,BFF (Better French Fries),Mini Bites,1,Over-preparation,60.0,60.0,,
2026-06-29,Choco Dinosaur Latte,Signature Kôfē,2,Over-preparation,150.0,300.0,,
2026-06-30,Caramel Macchiato (iced),Coffee Based,1,Over-preparation,140.0,140.0,,
2026-06-30,Iced Honey Shaken Espresso,Signature Kôfē,1,Expired,150.0,150.0,,
2026-06-30,Chicken Wings (3pcs),Mini Bites,2,Over-preparation,150.0,300.0,,
2026-07-02,Overload Lomi (malapot),Mini Bites,1,Expired,100.0,100.0,,
2026-07-03,BFF (Better French Fries),Mini Bites,1,Over-preparation,60.0,60.0,,
2026-07-05,Salted Caramel Kôfē,Signature Kôfē,1,Over-preparation,155.0,155.0,,
2026-07-05,Spanish Latte (iced),Coffee Based,3,Spoilage,140.0,420.0,,
2026-07-06,Strawberry Milk Latte,Sans Coffee,1,Spoilage,140.0,140.0,,
2026-07-07,Choco Dinosaur Latte,Signature Kôfē,3,Expired,150.0,450.0,,
2026-07-07,BFF (Better French Fries),Mini Bites,2,Spoilage,60.0,120.0,,
2026-07-07,Caramel Macchiato (iced),Coffee Based,2,Expired,140.0,280.0,,
2026-07-08,Choco Overload (non-coffee),Sans Coffee,2,Over-preparation,145.0,290.0,,
2026-07-09,Choco Dinosaur Latte,Signature Kôfē,1,Over-preparation,150.0,150.0,,
2026-07-09,Cheesy Bread Sticks,Mini Bites,3,Over-preparation,90.0,270.0,,
2026-07-09,Cheesy Bread Sticks,Mini Bites,1,Spoilage,90.0,90.0,,
2026-07-10,Vanilla Latte,Coffee Based,3,Expired,130.0,390.0,,
2026-07-11,Strawberry Milk Latte,Sans Coffee,2,Over-preparation,140.0,280.0,,
2026-07-12,Strawberry Milk Latte,Sans Coffee,3,Over-preparation,140.0,420.0,,
2026-07-12,Brown Sugar Kôfē,Signature Kôfē,1,Over-preparation,145.0,145.0,,
2026-07-13,Cafe Americano,Coffee Based,1,Spoilage,100.0,100.0,,
2026-07-13,Cheesy Bread Sticks,Mini Bites,2,Over-preparation,90.0,180.0,,
2026-07-14,Choco Overload (non-coffee),Sans Coffee,1,Quality issue,145.0,145.0,,
2026-07-14,BFF (Better French Fries),Mini Bites,1,Over-preparation,60.0,60.0,,
2026-07-15,Matcha Supreme Latte (iced),Sans Coffee,1,Over-preparation,150.0,150.0,,
2026-07-16,Triple Caramel Frappé,Kôfē Frappé,2,Expired,160.0,320.0,,
2026-07-19,Vanilla Latte,Coffee Based,3,Expired,130.0,390.0,,
2026-07-19,Oreo Overload Frappé,Kôfē Frappé,1,Over-preparation,160.0,160.0,,
2026-07-19,Java Chip Frappé,Kôfē Frappé,1,Over-preparation,165.0,165.0,,
2026-07-21,Spanish Latte (iced),Coffee Based,3,Spoilage,140.0,420.0,,
2026-07-21,Caramel Macchiato (iced),Coffee Based,3,Spoilage,140.0,420.0,,
2026-07-22,Triple Caramel Frappé,Kôfē Frappé,1,Over-preparation,160.0,160.0,,
2026-07-22,Oreo Overload Frappé,Kôfē Frappé,1,Over-preparation,160.0,160.0,,
2026-07-23,Cafe Americano,Coffee Based,2,Spoilage,100.0,200.0,,
2026-07-24,Strawberry Milk Latte,Sans Coffee,1,Expired,140.0,140.0,,
2026-07-24,Cafe Americano,Coffee Based,2,Over-preparation,100.0,200.0,,
2026-07-25,Choco Overload (non-coffee),Sans Coffee,3,Over-preparation,145.0,435.0,,
2026-07-25,Brown Sugar Kôfē,Signature Kôfē,2,Over-preparation,145.0,290.0,,
2026-07-25,Salted Caramel Kôfē,Signature Kôfē,1,Expired,155.0,155.0,,
2026-07-26,Oreo Overload Frappé,Kôfē Frappé,1,Spoilage,160.0,160.0,,
2026-07-26,Matcha Supreme Latte (iced),Sans Coffee,1,Over-preparation,150.0,150.0,,
2026-07-27,BFF (Better French Fries),Mini Bites,1,Over-preparation,60.0,60.0,,
2026-07-27,Cappuccino,Coffee Based,1,Spoilage,120.0,120.0,,
2026-07-27,Cafe Americano,Coffee Based,2,Spoilage,100.0,200.0,,
2026-07-28,Oreo Overload Frappé,Kôfē Frappé,2,Over-preparation,160.0,320.0,,
2026-07-28,Triple Caramel Frappé,Kôfē Frappé,2,Spoilage,160.0,320.0,,
2026-07-29,Cappuccino,Coffee Based,1,Over-preparation,120.0,120.0,,
2026-07-29,Nachos Overload,Mini Bites,2,Over-preparation,110.0,220.0,,
2026-07-31,Triple Caramel Frappé,Kôfē Frappé,1,Spoilage,160.0,160.0,,
2026-08-01,Salted Caramel Kôfē,Signature Kôfē,1,Expired,155.0,155.0,,
2026-08-01,Iced Honey Shaken Espresso,Signature Kôfē,1,Over-preparation,150.0,150.0,,
2026-08-01,Iced Honey Shaken Espresso,Signature Kôfē,2,Over-preparation,150.0,300.0,,
2026-08-02,Brown Sugar Kôfē,Signature Kôfē,2,Expired,145.0,290.0,,
2026-08-03,Cheesy Bread Sticks,Mini Bites,1,Expired,90.0,90.0,,
2026-08-03,Triple Caramel Frappé,Kôfē Frappé,2,Over-preparation,160.0,320.0,,
2026-08-04,Oreo Overload Frappé,Kôfē Frappé,1,Spoilage,160.0,160.0,,
2026-08-04,Mocha Frappé,Kôfē Frappé,2,Over-preparation,155.0,310.0,,
2026-08-05,Caramel Macchiato (iced),Coffee Based,2,Spoilage,140.0,280.0,,
2026-08-05,Strawberry Milk Latte,Sans Coffee,2,Spoilage,140.0,280.0,,
2026-08-06,Choco Overload (non-coffee),Sans Coffee,3,Over-preparation,145.0,435.0,,
2026-08-07,Choco Dinosaur Latte,Signature Kôfē,2,Over-preparation,150.0,300.0,,
2026-08-07,Oreo Overload Frappé,Kôfē Frappé,2,Spoilage,160.0,320.0,,
2026-08-07,Spanish Latte (iced),Coffee Based,3,Spoilage,140.0,420.0,,
2026-08-08,Chicken Wings (3pcs),Mini Bites,1,Over-preparation,150.0,150.0,,
2026-08-08,Mocha Frappé,Kôfē Frappé,2,Expired,155.0,310.0,,
2026-08-08,Overload Lomi (malapot),Mini Bites,3,Spoilage,100.0,300.0,,
2026-08-09,Nachos Overload,Mini Bites,1,Over-preparation,110.0,110.0,,
2026-08-12,Oreo Overload Frappé,Kôfē Frappé,2,Spoilage,160.0,320.0,,
2026-08-14,Choco Dinosaur Latte,Signature Kôfē,1,Spoilage,150.0,150.0,,
2026-08-14,Triple Caramel Frappé,Kôfē Frappé,3,Expired,160.0,480.0,,
2026-08-18,BFF (Better French Fries),Mini Bites,1,Over-preparation,60.0,60.0,,
2026-08-18,Iced Honey Shaken Espresso,Signature Kôfē,1,Quality issue,150.0,150.0,,
2026-08-19,Iced Honey Shaken Espresso,Signature Kôfē,1,Over-preparation,150.0,150.0,,
2026-08-20,Cheesy Bread Sticks,Mini Bites,1,Spoilage,90.0,90.0,,
2026-08-20,Chicken Wings (3pcs),Mini Bites,2,Over-preparation,150.0,300.0,,
2026-08-20,Iced Honey Shaken Espresso,Signature Kôfē,3,Expired,150.0,450.0,,
2026-08-22,Cappuccino,Coffee Based,1,Spoilage,120.0,120.0,,
2026-08-22,Brown Sugar Kôfē,Signature Kôfē,2,Over-preparation,145.0,290.0,,
2026-08-23,Iced Honey Shaken Espresso,Signature Kôfē,1,Quality issue,150.0,150.0,,
2026-08-23,Matcha Supreme Latte (iced),Sans Coffee,1,Spoilage,150.0,150.0,,
2026-08-24,Strawberry Milk Latte,Sans Coffee,2,Spoilage,140.0,280.0,,
2026-08-24,Matcha Supreme Latte (iced),Sans Coffee,1,Expired,150.0,150.0,,
2026-08-25,Cappuccino,Coffee Based,1,Spoilage,120.0,120.0,,
2026-08-25,Vanilla Latte,Coffee Based,1,Over-preparation,130.0,130.0,,
2026-08-26,Choco Overload (non-coffee),Sans Coffee,1,Expired,145.0,145.0,,
2026-08-26,Spanish Latte (iced),Coffee Based,2,Expired,140.0,280.0,,
2026-08-28,BFF (Better French Fries),Mini Bites,1,Over-preparation,60.0,60.0,,
2026-08-28,Cafe Americano,Coffee Based,1,Over-preparation,100.0,100.0,,
2026-08-31,Choco Dinosaur Latte,Signature Kôfē,1,Quality issue,150.0,150.0,,
2026-09-01,Strawberry Milk Latte,Sans Coffee,2,Over-preparation,140.0,280.0,,
2026-09-02,Iced Honey Shaken Espresso,Signature Kôfē,2,Quality issue,150.0,300.0,,
2026-09-02,Cheesy Bread Sticks,Mini Bites,2,Over-preparation,90.0,180.0,,
2026-09-03,Caramel Macchiato (iced),Coffee Based,1,Over-preparation,140.0,140.0,,
2026-09-03,Nachos Overload,Mini Bites,1,Over-preparation,110.0,110.0,,
