purchase_date,ingredient,quantity,unit,cost_per_unit,total_cost,expiration_date,shelf_life_days,days_until_expiration,alert_level
2023-02-12,Coffee Beans,12.3,kg,829.78,10177.49,2023-04-13,60,-1240.0,Expired
2023-02-12,Milk,3.8,liter,88.54,338.02,2023-02-19,7,-1293.0,Expired
2023-02-12,Fresh Cream,5.7,liter,184.97,1055.75,2023-02-22,10,-1290.0,Expired
2023-02-12,Cheese,7.9,kg,479.71,3789.05,2023-03-05,21,-1279.0,Expired
2023-02-12,Oreo,11.9,pack,146.02,1734.21,2023-08-11,180,-1120.0,Expired
2023-02-12,Potatoes,4.9,kg,94.5,460.62,2023-02-26,14,-1286.0,Expired
2023-02-12,Noodles,4.3,pack,44.45,191.31,2024-02-12,365,-935.0,Expired
2023-02-19,Coffee Beans,7.2,kg,873.13,6320.95,2023-04-20,60,-1233.0,Expired
2023-02-19,Fresh Cream,12.4,liter,183.67,2284.07,2023-03-01,10,-1283.0,Expired
2023-02-19,Bread,9.5,pack,56.02,530.66,2023-02-23,4,-1289.0,Expired
2023-02-19,Chocolate Syrup,3.0,bottle,217.07,652.49,2023-05-20,90,-1203.0,Expired
2023-02-19,Matcha Powder,6.5,kg,944.81,6131.25,2023-08-18,180,-1113.0,Expired
2023-02-19,Strawberry,6.4,kg,285.26,1822.48,2023-02-24,5,-1288.0,Expired
2023-02-19,Oreo,5.4,pack,147.12,797.88,2023-08-18,180,-1113.0,Expired
2023-02-19,Potatoes,4.2,kg,96.43,403.79,2023-03-05,14,-1279.0,Expired
2023-02-26,Coffee Beans,7.4,kg,870.36,6445.8,2023-04-27,60,-1226.0,Expired
2023-02-26,Milk,10.0,liter,89.58,897.73,2023-03-05,7,-1279.0,Expired
2023-02-26,Cheese,6.6,kg,493.87,3275.08,2023-03-19,21,-1265.0,Expired
2023-02-26,Bread,11.3,pack,56.59,639.01,2023-03-02,4,-1282.0,Expired
2023-02-26,Chocolate Syrup,6.0,bottle,216.21,1306.61,2023-05-27,90,-1196.0,Expired
2023-02-26,Caramel Syrup,11.6,bottle,216.44,2517.29,2023-05-27,90,-1196.0,Expired
2023-02-26,Matcha Powder,8.3,kg,978.53,8155.35,2023-08-25,180,-1106.0,Expired
2023-02-26,Strawberry,8.8,kg,278.04,2448.22,2023-03-03,5,-1281.0,Expired
2023-02-26,Oreo,7.2,pack,150.66,1090.4,2023-08-25,180,-1106.0,Expired
2023-02-26,Potatoes,4.3,kg,93.79,402.48,2023-03-12,14,-1272.0,Expired
2023-02-26,Noodles,4.8,pack,44.95,214.14,2024-02-26,365,-921.0,Expired
2023-03-05,Coffee Beans,5.3,kg,842.34,4477.72,2023-05-04,60,-1219.0,Expired
2023-03-05,Chicken,3.2,kg,310.93,991.61,2023-03-10,5,-1274.0,Expired
2023-03-05,Cheese,8.6,kg,480.61,4145.23,2023-03-26,21,-1258.0,Expired
2023-03-05,Chocolate Syrup,5.6,bottle,224.46,1255.21,2023-06-03,90,-1189.0,Expired
2023-03-05,Caramel Syrup,4.3,bottle,215.75,925.99,2023-06-03,90,-1189.0,Expired
2023-03-05,Matcha Powder,5.8,kg,963.13,5552.22,2023-09-01,180,-1099.0,Expired
2023-03-05,Strawberry,7.3,kg,274.42,2012.73,2023-03-10,5,-1274.0,Expired
2023-03-05,Potatoes,2.8,kg,98.1,275.09,2023-03-19,14,-1265.0,Expired
2023-03-05,Noodles,11.2,pack,44.06,492.6,2024-03-04,365,-914.0,Expired
2023-03-12,Milk,9.8,liter,91.4,900.2,2023-03-19,7,-1265.0,Expired
2023-03-12,Fresh Cream,6.0,liter,178.94,1074.86,2023-03-22,10,-1262.0,Expired
2023-03-12,Chicken,10.8,kg,293.71,3166.76,2023-03-17,5,-1267.0,Expired
2023-03-12,Cheese,4.2,kg,487.89,2062.2,2023-04-02,21,-1251.0,Expired
2023-03-12,Caramel Syrup,11.1,bottle,218.41,2418.51,2023-06-10,90,-1182.0,Expired
2023-03-12,Matcha Powder,9.2,kg,972.53,8994.63,2023-09-08,180,-1092.0,Expired
2023-03-12,Strawberry,5.3,kg,290.35,1531.95,2023-03-17,5,-1267.0,Expired
2023-03-12,Oreo,5.4,pack,149.14,808.54,2023-09-08,180,-1092.0,Expired
2023-03-12,Potatoes,3.1,kg,97.6,302.13,2023-03-26,14,-1258.0,Expired
2023-03-12,Noodles,9.7,pack,44.44,429.43,2024-03-11,365,-907.0,Expired
2023-03-19,Milk,8.0,liter,90.8,723.34,2023-03-26,7,-1258.0,Expired
2023-03-19,Bread,6.0,pack,57.16,345.34,2023-03-23,4,-1261.0,Expired
2023-03-19,Strawberry,4.1,kg,288.47,1195.51,2023-03-24,5,-1260.0,Expired
2023-03-19,Oreo,8.6,pack,152.96,1315.99,2023-09-15,180,-1085.0,Expired
2023-03-19,Potatoes,9.8,kg,93.38,918.44,2023-04-02,14,-1251.0,Expired
2023-03-19,Noodles,7.4,pack,44.89,330.98,2024-03-18,365,-900.0,Expired
2023-03-26,Coffee Beans,4.3,kg,861.22,3666.65,2023-05-25,60,-1198.0,Expired
2023-03-26,Milk,4.7,liter,91.78,431.26,2023-04-02,7,-1251.0,Expired
2023-03-26,Fresh Cream,6.7,liter,182.51,1221.84,2023-04-05,10,-1248.0,Expired
2023-03-26,Cheese,4.4,kg,491.88,2176.72,2023-04-16,21,-1237.0,Expired
2023-03-26,Bread,3.3,pack,55.6,183.17,2023-03-30,4,-1254.0,Expired
2023-03-26,Matcha Powder,3.7,kg,972.94,3581.78,2023-09-22,180,-1078.0,Expired
2023-03-26,Strawberry,5.6,kg,288.93,1629.6,2023-03-31,5,-1253.0,Expired
2023-03-26,Oreo,6.1,pack,155.56,956.4,2023-09-22,180,-1078.0,Expired
2023-03-26,Potatoes,5.1,kg,93.7,475.74,2023-04-09,14,-1244.0,Expired
2023-03-26,Noodles,6.3,pack,46.84,295.54,2024-03-25,365,-893.0,Expired
2023-04-02,Coffee Beans,4.9,kg,871.03,4263.93,2023-06-01,60,-1191.0,Expired
2023-04-02,Fresh Cream,12.3,liter,184.87,2274.28,2023-04-12,10,-1241.0,Expired
2023-04-02,Chicken,5.9,kg,298.76,1774.78,2023-04-07,5,-1246.0,Expired
2023-04-02,Bread,8.8,pack,56.22,493.15,2023-04-06,4,-1247.0,Expired
2023-04-02,Chocolate Syrup,7.1,bottle,219.24,1547.45,2023-07-01,90,-1161.0,Expired
2023-04-02,Caramel Syrup,8.4,bottle,226.41,1907.63,2023-07-01,90,-1161.0,Expired
2023-04-02,Potatoes,10.0,kg,95.58,951.53,2023-04-16,14,-1237.0,Expired
2023-04-09,Fresh Cream,5.9,liter,181.23,1065.78,2023-04-19,10,-1234.0,Expired
2023-04-09,Chicken,12.0,kg,297.44,3555.15,2023-04-14,5,-1239.0,Expired
2023-04-09,Bread,6.6,pack,56.45,370.81,2023-04-13,4,-1240.0,Expired
2023-04-09,Chocolate Syrup,6.3,bottle,229.98,1459.65,2023-07-08,90,-1154.0,Expired
2023-04-09,Caramel Syrup,6.8,bottle,228.8,1553.45,2023-07-08,90,-1154.0,Expired
2023-04-09,Strawberry,11.5,kg,292.64,3364.17,2023-04-14,5,-1239.0,Expired
2023-04-09,Oreo,10.0,pack,148.95,1490.2,2023-10-06,180,-1064.0,Expired
2023-04-16,Fresh Cream,8.3,liter,178.96,1486.87,2023-04-26,10,-1227.0,Expired
2023-04-16,Chicken,10.7,kg,300.92,3205.52,2023-04-21,5,-1232.0,Expired
2023-04-16,Bread,11.6,pack,55.02,636.17,2023-04-20,4,-1233.0,Expired
2023-04-16,Caramel Syrup,11.1,bottle,228.08,2530.53,2023-07-15,90,-1147.0,Expired
2023-04-16,Matcha Powder,3.3,kg,991.5,3320.72,2023-10-13,180,-1057.0,Expired
2023-04-16,Strawberry,6.0,kg,279.14,1677.41,2023-04-21,5,-1232.0,Expired
2023-04-16,Potatoes,9.9,kg,94.71,940.77,2023-04-30,14,-1223.0,Expired
2023-04-16,Noodles,3.6,pack,47.2,171.63,2024-04-15,365,-872.0,Expired
2023-04-23,Coffee Beans,9.3,kg,868.67,8045.02,2023-06-22,60,-1170.0,Expired
2023-04-23,Chicken,8.5,kg,303.78,2596.88,2023-04-28,5,-1225.0,Expired
2023-04-23,Cheese,9.1,kg,498.31,4536.95,2023-05-14,21,-1209.0,Expired
2023-04-23,Bread,5.5,pack,56.41,312.71,2023-04-27,4,-1226.0,Expired
2023-04-23,Caramel Syrup,4.6,bottle,229.19,1060.98,2023-07-22,90,-1140.0,Expired
2023-04-23,Strawberry,10.9,kg,293.94,3193.26,2023-04-28,5,-1225.0,Expired
2023-04-23,Oreo,7.3,pack,150.76,1102.54,2023-10-20,180,-1050.0,Expired
2023-04-30,Fresh Cream,12.0,liter,183.33,2200.49,2023-05-10,10,-1213.0,Expired
2023-04-30,Chicken,7.9,kg,307.87,2441.16,2023-05-05,5,-1218.0,Expired
2023-04-30,Cheese,6.5,kg,494.4,3198.08,2023-05-21,21,-1202.0,Expired
2023-04-30,Bread,4.7,pack,55.14,259.74,2023-05-04,4,-1219.0,Expired
2023-04-30,Caramel Syrup,8.6,bottle,222.84,1923.56,2023-07-29,90,-1133.0,Expired
2023-04-30,Matcha Powder,10.1,kg,994.36,10052.8,2023-10-27,180,-1043.0,Expired
2023-04-30,Strawberry,8.8,kg,278.41,2451.19,2023-05-05,5,-1218.0,Expired
2023-04-30,Oreo,5.7,pack,150.99,863.91,2023-10-27,180,-1043.0,Expired
2023-04-30,Potatoes,12.7,kg,96.68,1225.63,2023-05-14,14,-1209.0,Expired
2023-04-30,Noodles,5.5,pack,45.27,248.19,2024-04-29,365,-858.0,Expired
2023-05-07,Coffee Beans,7.1,kg,854.09,6069.29,2023-07-06,60,-1156.0,Expired
2023-05-07,Milk,7.2,liter,92.45,670.26,2023-05-14,7,-1209.0,Expired
2023-05-07,Fresh Cream,8.0,liter,180.8,1439.81,2023-05-17,10,-1206.0,Expired
2023-05-07,Chicken,7.4,kg,307.96,2287.51,2023-05-12,5,-1211.0,Expired
2023-05-07,Cheese,12.3,kg,484.19,5972.5,2023-05-28,21,-1195.0,Expired
2023-05-07,Bread,7.0,pack,56.42,397.55,2023-05-11,4,-1212.0,Expired
2023-05-07,Chocolate Syrup,10.6,bottle,224.94,2373.23,2023-08-05,90,-1126.0,Expired
2023-05-07,Caramel Syrup,10.1,bottle,221.11,2224.61,2023-08-05,90,-1126.0,Expired
2023-05-07,Strawberry,8.7,kg,290.15,2525.34,2023-05-12,5,-1211.0,Expired
2023-05-07,Oreo,4.4,pack,152.12,663.26,2023-11-03,180,-1036.0,Expired
2023-05-07,Potatoes,11.2,kg,99.09,1107.5,2023-05-21,14,-1202.0,Expired
2023-05-07,Noodles,10.6,pack,45.56,484.04,2024-05-06,365,-851.0,Expired
2023-05-14,Milk,9.8,liter,92.62,909.46,2023-05-21,7,-1202.0,Expired
2023-05-14,Fresh Cream,8.3,liter,187.6,1551.98,2023-05-24,10,-1199.0,Expired
2023-05-14,Chicken,6.6,kg,315.49,2075.95,2023-05-19,5,-1204.0,Expired
2023-05-14,Bread,10.2,pack,57.25,581.48,2023-05-18,4,-1205.0,Expired
2023-05-14,Chocolate Syrup,6.0,bottle,227.31,1369.22,2023-08-12,90,-1119.0,Expired
2023-05-14,Caramel Syrup,10.5,bottle,226.07,2367.01,2023-08-12,90,-1119.0,Expired
2023-05-14,Matcha Powder,12.0,kg,954.48,11480.52,2023-11-10,180,-1029.0,Expired
2023-05-14,Strawberry,7.8,kg,288.62,2255.0,2023-05-19,5,-1204.0,Expired
2023-05-14,Potatoes,10.4,kg,96.74,1005.72,2023-05-28,14,-1195.0,Expired
2023-05-14,Noodles,3.3,pack,47.64,156.19,2024-05-13,365,-844.0,Expired
2023-05-21,Coffee Beans,6.5,kg,888.65,5736.9,2023-07-20,60,-1142.0,Expired
2023-05-21,Milk,5.7,liter,95.15,538.68,2023-05-28,7,-1195.0,Expired
2023-05-21,Fresh Cream,7.1,liter,190.97,1361.87,2023-05-31,10,-1192.0,Expired
2023-05-21,Chicken,12.1,kg,305.61,3702.52,2023-05-26,5,-1197.0,Expired
2023-05-21,Bread,5.6,pack,56.8,315.81,2023-05-25,4,-1198.0,Expired
2023-05-21,Chocolate Syrup,5.7,bottle,231.55,1314.69,2023-08-19,90,-1112.0,Expired
2023-05-21,Caramel Syrup,9.3,bottle,227.86,2129.29,2023-08-19,90,-1112.0,Expired
2023-05-21,Oreo,8.8,pack,154.65,1364.83,2023-11-17,180,-1022.0,Expired
2023-05-21,Noodles,4.8,pack,47.49,228.19,2024-05-20,365,-837.0,Expired
2023-05-28,Coffee Beans,8.3,kg,876.43,7289.75,2023-07-27,60,-1135.0,Expired
2023-05-28,Chicken,9.7,kg,317.81,3085.53,2023-06-02,5,-1190.0,Expired
2023-05-28,Cheese,10.4,kg,494.0,5158.38,2023-06-18,21,-1174.0,Expired
2023-05-28,Bread,5.4,pack,58.49,316.6,2023-06-01,4,-1191.0,Expired
2023-05-28,Chocolate Syrup,6.9,bottle,228.96,1570.24,2023-08-26,90,-1105.0,Expired
2023-05-28,Strawberry,6.5,kg,292.99,1895.28,2023-06-02,5,-1190.0,Expired
2023-05-28,Potatoes,7.2,kg,99.73,722.54,2023-06-11,14,-1181.0,Expired
2023-05-28,Noodles,11.7,pack,47.12,550.2,2024-05-27,365,-830.0,Expired
2023-06-04,Coffee Beans,12.9,kg,861.94,11137.52,2023-08-03,60,-1128.0,Expired
2023-06-04,Milk,8.5,liter,91.69,774.91,2023-06-11,7,-1181.0,Expired
2023-06-04,Fresh Cream,5.5,liter,185.28,1025.64,2023-06-14,10,-1178.0,Expired
2023-06-04,Cheese,10.8,kg,483.8,5246.12,2023-06-25,21,-1167.0,Expired
2023-06-04,Bread,7.0,pack,58.38,411.28,2023-06-08,4,-1184.0,Expired
2023-06-04,Chocolate Syrup,7.6,bottle,230.9,1765.09,2023-09-02,90,-1098.0,Expired
2023-06-04,Caramel Syrup,10.4,bottle,231.91,2422.07,2023-09-02,90,-1098.0,Expired
2023-06-04,Oreo,4.6,pack,153.08,700.48,2023-12-01,180,-1008.0,Expired
2023-06-04,Potatoes,8.3,kg,96.23,800.88,2023-06-18,14,-1174.0,Expired
2023-06-04,Noodles,7.2,pack,47.69,342.05,2024-06-03,365,-823.0,Expired
2023-06-11,Coffee Beans,4.6,kg,878.98,4062.66,2023-08-10,60,-1121.0,Expired
2023-06-11,Milk,12.6,liter,95.58,1204.04,2023-06-18,7,-1174.0,Expired
2023-06-11,Fresh Cream,10.1,liter,185.04,1860.51,2023-06-21,10,-1171.0,Expired
2023-06-11,Chicken,5.2,kg,310.2,1625.96,2023-06-16,5,-1176.0,Expired
2023-06-11,Cheese,12.1,kg,503.2,6072.06,2023-07-02,21,-1160.0,Expired
2023-06-11,Bread,6.6,pack,57.16,375.25,2023-06-15,4,-1177.0,Expired
2023-06-11,Chocolate Syrup,8.0,bottle,233.95,1873.91,2023-09-09,90,-1091.0,Expired
2023-06-11,Strawberry,7.6,kg,290.17,2194.98,2023-06-16,5,-1176.0,Expired
2023-06-11,Potatoes,10.3,kg,96.46,996.2,2023-06-25,14,-1167.0,Expired
2023-06-18,Coffee Beans,7.4,kg,889.88,6611.38,2023-08-17,60,-1114.0,Expired
2023-06-18,Milk,5.7,liter,94.25,541.36,2023-06-25,7,-1167.0,Expired
2023-06-18,Bread,7.4,pack,55.61,413.59,2023-06-22,4,-1170.0,Expired
2023-06-18,Chocolate Syrup,12.7,bottle,230.77,2936.0,2023-09-16,90,-1084.0,Expired
2023-06-18,Caramel Syrup,11.0,bottle,232.18,2549.18,2023-09-16,90,-1084.0,Expired
2023-06-18,Noodles,6.0,pack,47.28,284.37,2024-06-17,365,-809.0,Expired
2023-06-25,Coffee Beans,4.5,kg,886.28,3988.06,2023-08-24,60,-1107.0,Expired
2023-06-25,Fresh Cream,3.3,liter,190.8,623.37,2023-07-05,10,-1157.0,Expired
2023-06-25,Chicken,11.2,kg,320.54,3599.46,2023-06-30,5,-1162.0,Expired
2023-06-25,Bread,6.7,pack,57.33,383.99,2023-06-29,4,-1163.0,Expired
2023-06-25,Chocolate Syrup,10.2,bottle,222.59,2261.87,2023-09-23,90,-1077.0,Expired
2023-06-25,Caramel Syrup,6.4,bottle,233.17,1484.83,2023-09-23,90,-1077.0,Expired
2023-06-25,Strawberry,8.2,kg,294.38,2428.29,2023-06-30,5,-1162.0,Expired
2023-06-25,Oreo,5.3,pack,152.52,811.69,2023-12-22,180,-987.0,Expired
2023-06-25,Potatoes,5.7,kg,101.5,577.38,2023-07-09,14,-1153.0,Expired
2023-06-25,Noodles,8.1,pack,48.29,392.72,2024-06-24,365,-802.0,Expired
2023-07-02,Coffee Beans,9.5,kg,887.32,8462.47,2023-08-31,60,-1100.0,Expired
2023-07-02,Bread,4.2,pack,57.25,242.74,2023-07-06,4,-1156.0,Expired
2023-07-02,Chocolate Syrup,6.6,bottle,223.21,1463.26,2023-09-30,90,-1070.0,Expired
2023-07-02,Matcha Powder,4.9,kg,993.08,4913.12,2023-12-29,180,-980.0,Expired
2023-07-02,Potatoes,11.9,kg,98.23,1164.64,2023-07-16,14,-1146.0,Expired
2023-07-09,Coffee Beans,3.3,kg,893.24,2973.85,2023-09-07,60,-1093.0,Expired
2023-07-09,Milk,3.8,liter,95.45,359.8,2023-07-16,7,-1146.0,Expired
2023-07-09,Cheese,8.0,kg,512.68,4117.91,2023-07-30,21,-1132.0,Expired
2023-07-09,Bread,7.6,pack,58.52,446.78,2023-07-13,4,-1149.0,Expired
2023-07-09,Chocolate Syrup,4.6,bottle,232.6,1072.84,2023-10-07,90,-1063.0,Expired
2023-07-09,Caramel Syrup,10.7,bottle,225.44,2412.04,2023-10-07,90,-1063.0,Expired
2023-07-09,Matcha Powder,3.9,kg,992.86,3829.56,2024-01-05,180,-973.0,Expired
2023-07-09,Strawberry,5.7,kg,299.06,1716.44,2023-07-14,5,-1148.0,Expired
2023-07-09,Oreo,7.7,pack,156.03,1196.18,2024-01-05,180,-973.0,Expired
2023-07-16,Coffee Beans,5.7,kg,892.95,5120.3,2023-09-14,60,-1086.0,Expired
2023-07-16,Milk,9.3,liter,96.96,903.61,2023-07-23,7,-1139.0,Expired
2023-07-16,Fresh Cream,6.7,liter,184.35,1240.66,2023-07-26,10,-1136.0,Expired
2023-07-16,Caramel Syrup,10.4,bottle,229.72,2398.75,2023-10-14,90,-1056.0,Expired
2023-07-16,Matcha Powder,4.2,kg,968.31,4057.25,2024-01-12,180,-966.0,Expired
2023-07-16,Strawberry,4.2,kg,298.28,1266.42,2023-07-21,5,-1141.0,Expired
2023-07-16,Oreo,7.0,pack,160.07,1113.65,2024-01-12,180,-966.0,Expired
2023-07-16,Noodles,10.8,pack,48.63,524.15,2024-07-15,365,-781.0,Expired
2023-07-23,Coffee Beans,10.9,kg,871.67,9481.55,2023-09-21,60,-1079.0,Expired
2023-07-23,Milk,5.7,liter,92.55,526.64,2023-07-30,7,-1132.0,Expired
2023-07-23,Bread,4.6,pack,57.17,264.85,2023-07-27,4,-1135.0,Expired
2023-07-23,Chocolate Syrup,7.0,bottle,229.5,1611.84,2023-10-21,90,-1049.0,Expired
2023-07-23,Caramel Syrup,13.0,bottle,225.08,2929.2,2023-10-21,90,-1049.0,Expired
2023-07-23,Matcha Powder,10.9,kg,1029.31,11176.29,2024-01-19,180,-959.0,Expired
2023-07-23,Strawberry,6.2,kg,288.3,1780.77,2023-07-28,5,-1134.0,Expired
2023-07-23,Oreo,11.2,pack,157.13,1757.23,2024-01-19,180,-959.0,Expired
2023-07-23,Potatoes,7.6,kg,100.99,766.45,2023-08-06,14,-1125.0,Expired
2023-07-30,Coffee Beans,10.7,kg,894.04,9602.99,2023-09-28,60,-1072.0,Expired
2023-07-30,Chicken,11.0,kg,318.08,3490.82,2023-08-04,5,-1127.0,Expired
2023-07-30,Bread,4.8,pack,58.84,282.55,2023-08-03,4,-1128.0,Expired
2023-07-30,Chocolate Syrup,8.1,bottle,227.89,1855.9,2023-10-28,90,-1042.0,Expired
2023-07-30,Strawberry,10.6,kg,297.92,3147.19,2023-08-04,5,-1127.0,Expired
2023-07-30,Oreo,4.8,pack,159.36,768.47,2024-01-26,180,-952.0,Expired
2023-07-30,Potatoes,3.4,kg,102.94,349.95,2023-08-13,14,-1118.0,Expired
2023-07-30,Noodles,4.1,pack,46.7,193.18,2024-07-29,365,-767.0,Expired
2023-08-06,Coffee Beans,8.9,kg,917.36,8128.94,2023-10-05,60,-1065.0,Expired
2023-08-06,Milk,9.0,liter,96.32,869.59,2023-08-13,7,-1118.0,Expired
2023-08-06,Fresh Cream,8.9,liter,185.58,1655.93,2023-08-16,10,-1115.0,Expired
2023-08-06,Chicken,5.3,kg,320.78,1712.32,2023-08-11,5,-1120.0,Expired
2023-08-06,Cheese,4.3,kg,513.43,2209.49,2023-08-27,21,-1104.0,Expired
2023-08-06,Bread,9.0,pack,57.83,521.4,2023-08-10,4,-1121.0,Expired
2023-08-06,Matcha Powder,6.2,kg,998.89,6166.53,2024-02-02,180,-945.0,Expired
2023-08-06,Strawberry,11.4,kg,297.65,3385.13,2023-08-11,5,-1120.0,Expired
2023-08-06,Oreo,5.3,pack,157.27,829.63,2024-02-02,180,-945.0,Expired
2023-08-06,Potatoes,8.9,kg,100.69,899.11,2023-08-20,14,-1111.0,Expired
2023-08-13,Coffee Beans,7.9,kg,873.71,6899.25,2023-10-12,60,-1058.0,Expired
2023-08-13,Milk,5.8,liter,92.47,534.27,2023-08-20,7,-1111.0,Expired
2023-08-13,Fresh Cream,9.6,liter,194.57,1867.62,2023-08-23,10,-1108.0,Expired
2023-08-13,Chicken,4.1,kg,324.15,1335.46,2023-08-18,5,-1113.0,Expired
2023-08-13,Bread,11.7,pack,57.62,675.58,2023-08-17,4,-1114.0,Expired
2023-08-13,Chocolate Syrup,6.5,bottle,237.76,1543.83,2023-11-11,90,-1028.0,Expired
2023-08-13,Caramel Syrup,7.3,bottle,226.79,1645.33,2023-11-11,90,-1028.0,Expired
2023-08-13,Strawberry,9.0,kg,293.15,2636.63,2023-08-18,5,-1113.0,Expired
2023-08-13,Potatoes,4.9,kg,99.33,489.34,2023-08-27,14,-1104.0,Expired
2023-08-20,Coffee Beans,6.3,kg,883.69,5543.11,2023-10-19,60,-1051.0,Expired
2023-08-20,Milk,10.2,liter,94.26,959.16,2023-08-27,7,-1104.0,Expired
2023-08-20,Chicken,5.9,kg,326.79,1934.32,2023-08-25,5,-1106.0,Expired
2023-08-20,Matcha Powder,11.6,kg,989.38,11433.57,2024-02-16,180,-931.0,Expired
2023-08-20,Oreo,10.1,pack,158.54,1606.35,2024-02-16,180,-931.0,Expired
2023-08-20,Potatoes,11.2,kg,100.63,1123.02,2023-09-03,14,-1097.0,Expired
2023-08-20,Noodles,9.1,pack,47.1,429.31,2024-08-19,365,-746.0,Expired
2023-08-27,Coffee Beans,7.8,kg,914.43,7162.35,2023-10-26,60,-1044.0,Expired
2023-08-27,Milk,8.3,liter,93.01,773.22,2023-09-03,7,-1097.0,Expired
2023-08-27,Chicken,4.0,kg,318.95,1287.65,2023-09-01,5,-1099.0,Expired
2023-08-27,Cheese,3.9,kg,507.25,1972.68,2023-09-17,21,-1083.0,Expired
2023-08-27,Bread,11.1,pack,58.28,646.83,2023-08-31,4,-1100.0,Expired
2023-08-27,Chocolate Syrup,7.4,bottle,229.26,1697.12,2023-11-25,90,-1014.0,Expired
2023-08-27,Caramel Syrup,12.4,bottle,234.89,2913.02,2023-11-25,90,-1014.0,Expired
2023-08-27,Oreo,8.1,pack,161.79,1313.84,2024-02-23,180,-924.0,Expired
2023-08-27,Potatoes,8.6,kg,102.57,882.1,2023-09-10,14,-1090.0,Expired
2023-08-27,Noodles,4.3,pack,47.47,205.51,2024-08-26,365,-739.0,Expired
2023-09-03,Coffee Beans,8.0,kg,923.12,7422.95,2023-11-02,60,-1037.0,Expired
2023-09-03,Milk,6.7,liter,95.41,638.78,2023-09-10,7,-1090.0,Expired
2023-09-03,Fresh Cream,7.3,liter,196.36,1433.21,2023-09-13,10,-1087.0,Expired
2023-09-03,Cheese,11.1,kg,513.09,5691.56,2023-09-24,21,-1076.0,Expired
2023-09-03,Bread,4.6,pack,57.4,262.56,2023-09-07,4,-1093.0,Expired
2023-09-03,Chocolate Syrup,9.7,bottle,230.9,2236.83,2023-12-02,90,-1007.0,Expired
2023-09-03,Caramel Syrup,7.6,bottle,234.69,1785.63,2023-12-02,90,-1007.0,Expired
2023-09-03,Matcha Powder,6.5,kg,1025.76,6663.4,2024-03-01,180,-917.0,Expired
2023-09-03,Strawberry,5.7,kg,297.48,1680.88,2023-09-08,5,-1092.0,Expired
2023-09-03,Potatoes,7.5,kg,98.47,741.75,2023-09-17,14,-1083.0,Expired
2023-09-03,Noodles,7.8,pack,47.86,370.93,2024-09-02,365,-732.0,Expired
2023-09-10,Coffee Beans,8.2,kg,886.75,7257.49,2023-11-09,60,-1030.0,Expired
2023-09-10,Milk,9.3,liter,98.58,920.13,2023-09-17,7,-1083.0,Expired
2023-09-10,Fresh Cream,9.1,liter,191.97,1738.71,2023-09-20,10,-1080.0,Expired
2023-09-10,Chicken,8.8,kg,316.16,2794.24,2023-09-15,5,-1085.0,Expired
2023-09-10,Cheese,11.4,kg,517.46,5874.74,2023-10-01,21,-1069.0,Expired
2023-09-10,Bread,9.6,pack,60.37,577.37,2023-09-14,4,-1086.0,Expired
2023-09-10,Chocolate Syrup,8.1,bottle,235.21,1916.4,2023-12-09,90,-1000.0,Expired
2023-09-10,Strawberry,4.8,kg,295.83,1413.84,2023-09-15,5,-1085.0,Expired
2023-09-10,Potatoes,9.6,kg,103.78,996.45,2023-09-24,14,-1076.0,Expired
2023-09-10,Noodles,9.5,pack,47.51,452.03,2024-09-09,365,-725.0,Expired
2023-09-17,Milk,4.1,liter,98.94,405.63,2023-09-24,7,-1076.0,Expired
2023-09-17,Fresh Cream,4.8,liter,190.07,910.93,2023-09-27,10,-1073.0,Expired
2023-09-17,Chicken,4.8,kg,325.95,1548.69,2023-09-22,5,-1078.0,Expired
2023-09-17,Caramel Syrup,5.0,bottle,234.94,1167.35,2023-12-16,90,-993.0,Expired
2023-09-17,Strawberry,13.2,kg,305.7,4042.66,2023-09-22,5,-1078.0,Expired
2023-09-17,Potatoes,10.5,kg,104.24,1092.83,2023-10-01,14,-1069.0,Expired
2023-09-17,Noodles,7.4,pack,46.91,346.66,2024-09-16,365,-718.0,Expired
2023-09-24,Coffee Beans,9.1,kg,933.56,8473.28,2023-11-23,60,-1016.0,Expired
2023-09-24,Milk,11.7,liter,93.92,1097.49,2023-10-01,7,-1069.0,Expired
2023-09-24,Fresh Cream,9.5,liter,191.75,1826.18,2023-10-04,10,-1066.0,Expired
2023-09-24,Chicken,3.2,kg,315.47,1017.6,2023-09-29,5,-1071.0,Expired
2023-09-24,Cheese,11.9,kg,525.02,6267.26,2023-10-15,21,-1055.0,Expired
2023-09-24,Bread,6.6,pack,59.11,388.43,2023-09-28,4,-1072.0,Expired
2023-09-24,Chocolate Syrup,4.3,bottle,241.13,1040.75,2023-12-23,90,-986.0,Expired
2023-09-24,Caramel Syrup,9.5,bottle,236.03,2232.78,2023-12-23,90,-986.0,Expired
2023-09-24,Strawberry,10.2,kg,294.82,3002.06,2023-09-29,5,-1071.0,Expired
2023-09-24,Potatoes,11.1,kg,102.12,1135.5,2023-10-08,14,-1062.0,Expired
2023-09-24,Noodles,10.7,pack,48.96,523.03,2024-09-23,365,-711.0,Expired
2023-10-01,Coffee Beans,5.1,kg,935.23,4736.4,2023-11-30,60,-1009.0,Expired
2023-10-01,Milk,13.5,liter,96.18,1295.95,2023-10-08,7,-1062.0,Expired
2023-10-01,Fresh Cream,3.0,liter,188.53,569.7,2023-10-11,10,-1059.0,Expired
2023-10-01,Chicken,12.1,kg,313.75,3786.48,2023-10-06,5,-1064.0,Expired
2023-10-01,Bread,7.5,pack,59.29,444.15,2023-10-05,4,-1065.0,Expired
2023-10-01,Chocolate Syrup,12.4,bottle,237.71,2946.71,2023-12-30,90,-979.0,Expired
2023-10-01,Caramel Syrup,13.2,bottle,234.42,3097.44,2023-12-30,90,-979.0,Expired
2023-10-01,Matcha Powder,12.5,kg,993.41,12439.84,2024-03-29,180,-889.0,Expired
2023-10-01,Potatoes,12.8,kg,101.87,1306.01,2023-10-15,14,-1055.0,Expired
2023-10-01,Noodles,10.5,pack,48.56,509.57,2024-09-30,365,-704.0,Expired
2023-10-08,Cheese,9.0,kg,528.29,4742.05,2023-10-29,21,-1041.0,Expired
2023-10-08,Bread,8.6,pack,58.5,505.34,2023-10-12,4,-1058.0,Expired
2023-10-08,Chocolate Syrup,6.2,bottle,241.13,1487.02,2024-01-06,90,-972.0,Expired
2023-10-08,Caramel Syrup,12.1,bottle,238.09,2884.8,2024-01-06,90,-972.0,Expired
2023-10-08,Matcha Powder,7.8,kg,1043.66,8185.21,2024-04-05,180,-882.0,Expired
2023-10-08,Strawberry,3.8,kg,307.16,1156.82,2023-10-13,5,-1057.0,Expired
2023-10-08,Oreo,5.5,pack,166.16,909.56,2024-04-05,180,-882.0,Expired
2023-10-08,Potatoes,12.1,kg,102.04,1236.49,2023-10-22,14,-1048.0,Expired
2023-10-15,Coffee Beans,11.2,kg,906.63,10142.41,2023-12-14,60,-995.0,Expired
2023-10-15,Milk,4.7,liter,98.56,463.24,2023-10-22,7,-1048.0,Expired
2023-10-15,Chicken,6.3,kg,318.42,2013.96,2023-10-20,5,-1050.0,Expired
2023-10-15,Cheese,9.5,kg,503.78,4781.9,2023-11-05,21,-1034.0,Expired
2023-10-15,Bread,6.2,pack,61.03,377.92,2023-10-19,4,-1051.0,Expired
2023-10-15,Chocolate Syrup,7.8,bottle,241.07,1884.43,2024-01-13,90,-965.0,Expired
2023-10-15,Matcha Powder,5.6,kg,1022.16,5725.35,2024-04-12,180,-875.0,Expired
2023-10-15,Strawberry,6.2,kg,304.68,1896.78,2023-10-20,5,-1050.0,Expired
2023-10-15,Potatoes,12.0,kg,103.55,1247.66,2023-10-29,14,-1041.0,Expired
2023-10-15,Noodles,3.6,pack,47.34,172.24,2024-10-14,365,-690.0,Expired
2023-10-22,Milk,13.3,liter,99.39,1320.73,2023-10-29,7,-1041.0,Expired
2023-10-22,Fresh Cream,13.0,liter,194.41,2521.86,2023-11-01,10,-1038.0,Expired
2023-10-22,Chicken,6.3,kg,316.93,1994.53,2023-10-27,5,-1043.0,Expired
2023-10-22,Bread,4.9,pack,60.98,301.06,2023-10-26,4,-1044.0,Expired
2023-10-22,Chocolate Syrup,12.6,bottle,235.34,2966.73,2024-01-20,90,-958.0,Expired
2023-10-22,Caramel Syrup,8.3,bottle,234.73,1959.89,2024-01-20,90,-958.0,Expired
2023-10-22,Matcha Powder,9.2,kg,1008.65,9229.62,2024-04-19,180,-868.0,Expired
2023-10-22,Potatoes,5.8,kg,103.55,595.51,2023-11-05,14,-1034.0,Expired
2023-10-22,Noodles,8.1,pack,48.87,397.29,2024-10-21,365,-683.0,Expired
2023-10-29,Milk,13.3,liter,98.94,1313.93,2023-11-05,7,-1034.0,Expired
2023-10-29,Bread,6.6,pack,60.25,398.93,2023-11-02,4,-1037.0,Expired
2023-10-29,Chocolate Syrup,10.7,bottle,235.01,2513.72,2024-01-27,90,-951.0,Expired
2023-10-29,Matcha Powder,11.1,kg,1049.15,11594.88,2024-04-26,180,-861.0,Expired
2023-10-29,Strawberry,8.0,kg,300.68,2413.97,2023-11-03,5,-1036.0,Expired
2023-10-29,Noodles,8.0,pack,50.07,398.14,2024-10-28,365,-676.0,Expired
2023-11-05,Coffee Beans,10.6,kg,918.38,9736.93,2024-01-04,60,-974.0,Expired
2023-11-05,Fresh Cream,8.4,liter,195.98,1645.44,2023-11-15,10,-1024.0,Expired
2023-11-05,Chicken,7.4,kg,318.49,2350.42,2023-11-10,5,-1029.0,Expired
2023-11-05,Cheese,6.6,kg,526.23,3450.75,2023-11-26,21,-1013.0,Expired
2023-11-05,Bread,6.8,pack,58.26,393.95,2023-11-09,4,-1030.0,Expired
2023-11-05,Caramel Syrup,5.8,bottle,239.63,1385.06,2024-02-03,90,-944.0,Expired
2023-11-05,Strawberry,11.2,kg,304.25,3393.75,2023-11-10,5,-1029.0,Expired
2023-11-05,Oreo,7.4,pack,159.06,1181.36,2024-05-03,180,-854.0,Expired
2023-11-05,Potatoes,9.0,kg,101.4,913.16,2023-11-19,14,-1020.0,Expired
2023-11-05,Noodles,5.5,pack,48.58,267.09,2024-11-04,365,-669.0,Expired
2023-11-12,Cheese,5.6,kg,531.61,2951.28,2023-12-03,21,-1006.0,Expired
2023-11-12,Chocolate Syrup,10.8,bottle,242.38,2613.17,2024-02-10,90,-937.0,Expired
2023-11-12,Caramel Syrup,6.0,bottle,243.27,1471.32,2024-02-10,90,-937.0,Expired
2023-11-12,Strawberry,5.6,kg,296.52,1662.04,2023-11-17,5,-1022.0,Expired
2023-11-12,Oreo,4.0,pack,164.12,648.47,2024-05-10,180,-847.0,Expired
2023-11-12,Potatoes,4.9,kg,105.64,517.19,2023-11-26,14,-1013.0,Expired
2023-11-12,Noodles,12.0,pack,48.85,586.34,2024-11-11,365,-662.0,Expired
2023-11-19,Coffee Beans,11.1,kg,950.25,10570.86,2024-01-18,60,-960.0,Expired
2023-11-19,Milk,11.2,liter,100.65,1125.64,2023-11-26,7,-1013.0,Expired
2023-11-19,Chicken,8.4,kg,335.26,2832.63,2023-11-24,5,-1015.0,Expired
2023-11-19,Bread,9.0,pack,60.07,541.64,2023-11-23,4,-1016.0,Expired
2023-11-19,Chocolate Syrup,11.4,bottle,233.19,2652.43,2024-02-17,90,-930.0,Expired
2023-11-19,Caramel Syrup,3.7,bottle,245.38,919.68,2024-02-17,90,-930.0,Expired
2023-11-19,Strawberry,7.9,kg,299.47,2368.07,2023-11-24,5,-1015.0,Expired
2023-11-19,Oreo,7.3,pack,167.5,1219.31,2024-05-17,180,-840.0,Expired
2023-11-19,Noodles,6.0,pack,49.43,295.82,2024-11-18,365,-655.0,Expired
2023-11-26,Coffee Beans,7.6,kg,953.62,7287.1,2024-01-25,60,-953.0,Expired
2023-11-26,Fresh Cream,12.9,liter,201.26,2599.99,2023-12-06,10,-1003.0,Expired
2023-11-26,Chicken,13.3,kg,337.28,4502.62,2023-12-01,5,-1008.0,Expired
2023-11-26,Bread,7.0,pack,59.93,421.79,2023-11-30,4,-1009.0,Expired
2023-11-26,Chocolate Syrup,10.5,bottle,243.3,2544.3,2024-02-24,90,-923.0,Expired
2023-11-26,Matcha Powder,7.8,kg,1037.04,8089.76,2024-05-24,180,-833.0,Expired
2023-11-26,Oreo,8.6,pack,160.37,1384.36,2024-05-24,180,-833.0,Expired
2023-11-26,Noodles,6.4,pack,49.12,313.53,2024-11-25,365,-648.0,Expired
2023-12-03,Coffee Beans,12.4,kg,939.55,11618.48,2024-02-01,60,-946.0,Expired
2023-12-03,Chicken,13.5,kg,326.0,4406.01,2023-12-08,5,-1001.0,Expired
2023-12-03,Bread,10.7,pack,60.08,641.37,2023-12-07,4,-1002.0,Expired
2023-12-03,Caramel Syrup,9.3,bottle,239.65,2224.46,2024-03-02,90,-916.0,Expired
2023-12-03,Matcha Powder,8.3,kg,1066.53,8816.31,2024-05-31,180,-826.0,Expired
2023-12-03,Strawberry,11.7,kg,309.1,3624.17,2023-12-08,5,-1001.0,Expired
2023-12-03,Potatoes,11.6,kg,103.86,1199.66,2023-12-17,14,-992.0,Expired
2023-12-03,Noodles,9.5,pack,50.64,478.95,2024-12-02,365,-641.0,Expired
2023-12-10,Milk,4.3,liter,97.44,423.23,2023-12-17,7,-992.0,Expired
2023-12-10,Fresh Cream,11.0,liter,195.52,2159.54,2023-12-20,10,-989.0,Expired
2023-12-10,Cheese,6.8,kg,513.9,3495.52,2023-12-31,21,-978.0,Expired
2023-12-10,Bread,6.0,pack,59.84,359.02,2023-12-14,4,-995.0,Expired
2023-12-10,Chocolate Syrup,6.1,bottle,244.46,1493.53,2024-03-09,90,-909.0,Expired
2023-12-10,Matcha Powder,8.9,kg,1015.88,9010.33,2024-06-07,180,-819.0,Expired
2023-12-10,Potatoes,5.9,kg,103.85,610.34,2023-12-24,14,-985.0,Expired
2023-12-10,Noodles,10.6,pack,49.46,524.77,2024-12-09,365,-634.0,Expired
2023-12-17,Coffee Beans,8.4,kg,953.25,7974.93,2024-02-15,60,-932.0,Expired
2023-12-17,Milk,13.5,liter,98.46,1331.63,2023-12-24,7,-985.0,Expired
2023-12-17,Fresh Cream,7.5,liter,194.52,1462.87,2023-12-27,10,-982.0,Expired
2023-12-17,Cheese,5.6,kg,516.48,2895.62,2024-01-07,21,-971.0,Expired
2023-12-17,Bread,11.5,pack,61.09,703.2,2023-12-21,4,-988.0,Expired
2023-12-17,Caramel Syrup,12.7,bottle,237.52,3007.82,2024-03-16,90,-902.0,Expired
2023-12-17,Oreo,4.9,pack,165.78,811.96,2024-06-14,180,-812.0,Expired
2023-12-17,Potatoes,4.7,kg,103.39,489.42,2023-12-31,14,-978.0,Expired
2023-12-17,Noodles,4.5,pack,48.81,221.66,2024-12-16,365,-627.0,Expired
2023-12-24,Coffee Beans,7.2,kg,941.8,6825.1,2024-02-22,60,-925.0,Expired
2023-12-24,Milk,11.4,liter,97.33,1104.87,2023-12-31,7,-978.0,Expired
2023-12-24,Chicken,5.7,kg,337.19,1926.74,2023-12-29,5,-980.0,Expired
2023-12-24,Cheese,13.3,kg,517.2,6870.34,2024-01-14,21,-964.0,Expired
2023-12-24,Bread,4.6,pack,60.75,279.62,2023-12-28,4,-981.0,Expired
2023-12-24,Caramel Syrup,11.5,bottle,236.59,2716.4,2024-03-23,90,-895.0,Expired
2023-12-24,Matcha Powder,7.3,kg,1073.26,7868.65,2024-06-21,180,-805.0,Expired
2023-12-24,Oreo,12.1,pack,169.12,2039.61,2024-06-21,180,-805.0,Expired
2023-12-31,Coffee Beans,12.1,kg,922.53,11162.6,2024-02-29,60,-918.0,Expired
2023-12-31,Milk,12.6,liter,100.15,1264.03,2024-01-07,7,-971.0,Expired
2023-12-31,Fresh Cream,9.0,liter,199.3,1794.4,2024-01-10,10,-968.0,Expired
2023-12-31,Cheese,5.5,kg,541.22,2980.52,2024-01-21,21,-957.0,Expired
2023-12-31,Chocolate Syrup,5.0,bottle,244.37,1214.24,2024-03-30,90,-888.0,Expired
2023-12-31,Caramel Syrup,8.2,bottle,236.22,1926.71,2024-03-30,90,-888.0,Expired
2023-12-31,Matcha Powder,6.4,kg,1038.19,6595.09,2024-06-28,180,-798.0,Expired
2024-01-07,Coffee Beans,7.6,kg,927.89,7033.52,2024-03-07,60,-911.0,Expired
2024-01-07,Milk,6.0,liter,97.1,579.22,2024-01-14,7,-964.0,Expired
2024-01-07,Chicken,4.5,kg,331.56,1476.63,2024-01-12,5,-966.0,Expired
2024-01-07,Cheese,13.6,kg,532.9,7266.24,2024-01-28,21,-950.0,Expired
2024-01-07,Bread,9.5,pack,61.32,584.88,2024-01-11,4,-967.0,Expired
2024-01-07,Caramel Syrup,10.2,bottle,240.09,2460.56,2024-04-06,90,-881.0,Expired
2024-01-07,Strawberry,12.1,kg,318.64,3853.11,2024-01-12,5,-966.0,Expired
2024-01-07,Oreo,10.9,pack,163.55,1775.6,2024-07-05,180,-791.0,Expired
2024-01-07,Noodles,11.8,pack,51.02,601.45,2025-01-06,365,-606.0,Expired
2024-01-14,Coffee Beans,7.8,kg,959.68,7454.0,2024-03-14,60,-904.0,Expired
2024-01-14,Milk,5.3,liter,100.78,532.73,2024-01-21,7,-957.0,Expired
2024-01-14,Fresh Cream,10.5,liter,201.61,2111.48,2024-01-24,10,-954.0,Expired
2024-01-14,Chicken,11.2,kg,328.9,3688.66,2024-01-19,5,-959.0,Expired
2024-01-14,Chocolate Syrup,11.9,bottle,249.6,2967.93,2024-04-13,90,-874.0,Expired
2024-01-14,Caramel Syrup,5.3,bottle,243.71,1286.9,2024-04-13,90,-874.0,Expired
2024-01-14,Matcha Powder,7.7,kg,1025.07,7907.65,2024-07-12,180,-784.0,Expired
2024-01-14,Oreo,12.9,pack,168.37,2166.61,2024-07-12,180,-784.0,Expired
2024-01-14,Potatoes,8.6,kg,108.11,928.91,2024-01-28,14,-950.0,Expired
2024-01-21,Coffee Beans,11.8,kg,956.08,11247.09,2024-03-21,60,-897.0,Expired
2024-01-21,Fresh Cream,6.3,liter,203.24,1275.64,2024-01-31,10,-947.0,Expired
2024-01-21,Chicken,7.4,kg,342.27,2548.89,2024-01-26,5,-952.0,Expired
2024-01-21,Cheese,10.0,kg,531.75,5293.67,2024-02-11,21,-936.0,Expired
2024-01-21,Caramel Syrup,5.9,bottle,243.87,1447.54,2024-04-20,90,-867.0,Expired
2024-01-21,Matcha Powder,8.2,kg,1070.47,8817.27,2024-07-19,180,-777.0,Expired
2024-01-21,Strawberry,8.5,kg,314.2,2682.41,2024-01-26,5,-952.0,Expired
2024-01-21,Oreo,9.4,pack,167.09,1566.33,2024-07-19,180,-777.0,Expired
2024-01-21,Potatoes,8.9,kg,107.92,955.56,2024-02-04,14,-943.0,Expired
2024-01-21,Noodles,6.2,pack,50.36,312.57,2025-01-20,365,-592.0,Expired
2024-01-28,Coffee Beans,7.5,kg,955.44,7157.02,2024-03-28,60,-890.0,Expired
2024-01-28,Milk,12.4,liter,99.13,1226.21,2024-02-04,7,-943.0,Expired
2024-01-28,Fresh Cream,5.0,liter,201.44,1011.04,2024-02-07,10,-940.0,Expired
2024-01-28,Chicken,9.1,kg,336.51,3050.51,2024-02-02,5,-945.0,Expired
2024-01-28,Cheese,9.7,kg,518.39,5012.21,2024-02-18,21,-929.0,Expired
2024-01-28,Bread,10.7,pack,60.65,651.59,2024-02-01,4,-946.0,Expired
2024-01-28,Chocolate Syrup,13.9,bottle,249.31,3465.24,2024-04-27,90,-860.0,Expired
2024-01-28,Caramel Syrup,11.4,bottle,251.35,2867.23,2024-04-27,90,-860.0,Expired
2024-01-28,Matcha Powder,7.4,kg,1069.36,7879.57,2024-07-26,180,-770.0,Expired
2024-01-28,Strawberry,5.4,kg,306.22,1650.3,2024-02-02,5,-945.0,Expired
2024-01-28,Oreo,10.4,pack,162.65,1698.01,2024-07-26,180,-770.0,Expired
2024-02-04,Milk,13.5,liter,97.86,1320.52,2024-02-11,7,-936.0,Expired
2024-02-04,Fresh Cream,7.9,liter,194.77,1533.28,2024-02-14,10,-933.0,Expired
2024-02-04,Cheese,10.8,kg,522.47,5659.28,2024-02-25,21,-922.0,Expired
2024-02-04,Chocolate Syrup,11.6,bottle,247.94,2881.77,2024-05-04,90,-853.0,Expired
2024-02-04,Caramel Syrup,3.1,bottle,252.0,793.76,2024-05-04,90,-853.0,Expired
2024-02-04,Matcha Powder,4.5,kg,1078.26,4882.82,2024-08-02,180,-763.0,Expired
2024-02-04,Strawberry,7.7,kg,308.2,2388.1,2024-02-09,5,-938.0,Expired
2024-02-04,Noodles,12.0,pack,49.15,590.54,2025-02-03,365,-578.0,Expired
2024-02-11,Milk,7.0,liter,101.91,709.46,2024-02-18,7,-929.0,Expired
2024-02-11,Chicken,6.1,kg,328.24,1995.02,2024-02-16,5,-931.0,Expired
2024-02-11,Bread,8.8,pack,61.19,539.94,2024-02-15,4,-932.0,Expired
2024-02-11,Caramel Syrup,8.9,bottle,243.93,2174.26,2024-05-11,90,-846.0,Expired
2024-02-11,Matcha Powder,11.3,kg,1042.43,11730.52,2024-08-09,180,-756.0,Expired
2024-02-11,Strawberry,5.6,kg,308.55,1724.69,2024-02-16,5,-931.0,Expired
2024-02-11,Oreo,10.7,pack,168.23,1801.84,2024-08-09,180,-756.0,Expired
2024-02-11,Potatoes,3.8,kg,105.98,406.43,2024-02-25,14,-922.0,Expired
2024-02-11,Noodles,9.8,pack,50.71,498.08,2025-02-10,365,-571.0,Expired
2024-02-18,Coffee Beans,6.8,kg,930.1,6293.76,2024-04-18,60,-869.0,Expired
2024-02-18,Fresh Cream,8.2,liter,199.28,1632.82,2024-02-28,10,-919.0,Expired
2024-02-18,Cheese,7.4,kg,529.93,3934.85,2024-03-10,21,-908.0,Expired
2024-02-18,Bread,5.0,pack,60.96,304.92,2024-02-22,4,-925.0,Expired
2024-02-18,Chocolate Syrup,4.6,bottle,241.33,1107.31,2024-05-18,90,-839.0,Expired
2024-02-18,Caramel Syrup,8.7,bottle,250.98,2176.36,2024-05-18,90,-839.0,Expired
2024-02-18,Matcha Powder,4.5,kg,1066.58,4829.41,2024-08-16,180,-749.0,Expired
2024-02-18,Strawberry,3.5,kg,309.76,1069.29,2024-02-23,5,-924.0,Expired
2024-02-18,Oreo,4.8,pack,165.04,797.55,2024-08-16,180,-749.0,Expired
2024-02-18,Potatoes,4.5,kg,108.15,485.86,2024-03-03,14,-915.0,Expired
2024-02-18,Noodles,5.7,pack,51.89,298.02,2025-02-17,365,-564.0,Expired
2024-02-25,Coffee Beans,4.2,kg,978.67,4101.49,2024-04-25,60,-862.0,Expired
2024-02-25,Fresh Cream,4.9,liter,204.65,1003.18,2024-03-06,10,-912.0,Expired
2024-02-25,Cheese,8.5,kg,530.73,4536.08,2024-03-17,21,-901.0,Expired
2024-02-25,Bread,5.4,pack,62.81,340.26,2024-02-29,4,-918.0,Expired
2024-02-25,Chocolate Syrup,4.8,bottle,245.31,1174.23,2024-05-25,90,-832.0,Expired
2024-02-25,Caramel Syrup,9.3,bottle,240.1,2232.04,2024-05-25,90,-832.0,Expired
2024-02-25,Strawberry,13.2,kg,317.22,4181.14,2024-03-01,5,-917.0,Expired
2024-02-25,Oreo,4.5,pack,170.13,764.32,2024-08-23,180,-742.0,Expired
2024-03-03,Coffee Beans,6.3,kg,958.82,6022.24,2024-05-02,60,-855.0,Expired
2024-03-03,Fresh Cream,11.8,liter,205.65,2433.72,2024-03-13,10,-905.0,Expired
2024-03-03,Chicken,13.9,kg,329.92,4583.1,2024-03-08,5,-910.0,Expired
2024-03-03,Cheese,11.6,kg,550.39,6387.59,2024-03-24,21,-894.0,Expired
2024-03-03,Chocolate Syrup,3.6,bottle,250.66,905.81,2024-06-01,90,-825.0,Expired
2024-03-03,Matcha Powder,10.8,kg,1061.7,11505.29,2024-08-30,180,-735.0,Expired
2024-03-03,Strawberry,11.1,kg,312.19,3465.56,2024-03-08,5,-910.0,Expired
2024-03-03,Potatoes,10.4,kg,103.82,1080.31,2024-03-17,14,-901.0,Expired
2024-03-03,Noodles,7.1,pack,51.14,362.77,2025-03-03,365,-550.0,Expired
2024-03-10,Coffee Beans,3.3,kg,979.29,3255.77,2024-05-09,60,-848.0,Expired
2024-03-10,Milk,10.3,liter,103.13,1064.99,2024-03-17,7,-901.0,Expired
2024-03-10,Chicken,11.5,kg,331.49,3806.68,2024-03-15,5,-903.0,Expired
2024-03-10,Cheese,8.6,kg,529.53,4575.78,2024-03-31,21,-887.0,Expired
2024-03-10,Chocolate Syrup,6.0,bottle,240.6,1443.37,2024-06-08,90,-818.0,Expired
2024-03-10,Caramel Syrup,8.4,bottle,240.94,2023.29,2024-06-08,90,-818.0,Expired
2024-03-10,Matcha Powder,8.0,kg,1068.99,8581.36,2024-09-06,180,-728.0,Expired
2024-03-10,Strawberry,5.2,kg,319.72,1678.25,2024-03-15,5,-903.0,Expired
2024-03-10,Oreo,6.2,pack,165.05,1026.8,2024-09-06,180,-728.0,Expired
2024-03-10,Potatoes,7.1,kg,110.22,786.91,2024-03-24,14,-894.0,Expired
2024-03-10,Noodles,9.6,pack,51.16,492.25,2025-03-10,365,-543.0,Expired
2024-03-17,Coffee Beans,10.8,kg,951.54,10296.13,2024-05-16,60,-841.0,Expired
2024-03-17,Milk,4.5,liter,103.86,467.69,2024-03-24,7,-894.0,Expired
2024-03-17,Fresh Cream,10.2,liter,201.94,2064.97,2024-03-27,10,-891.0,Expired
2024-03-17,Chicken,10.7,kg,347.42,3708.83,2024-03-22,5,-896.0,Expired
2024-03-17,Cheese,13.1,kg,530.55,6940.27,2024-04-07,21,-880.0,Expired
2024-03-17,Chocolate Syrup,8.2,bottle,242.85,1979.62,2024-06-15,90,-811.0,Expired
2024-03-17,Caramel Syrup,8.4,bottle,249.63,2097.68,2024-06-15,90,-811.0,Expired
2024-03-17,Matcha Powder,8.5,kg,1086.46,9219.14,2024-09-13,180,-721.0,Expired
2024-03-17,Strawberry,11.7,kg,313.7,3659.73,2024-03-22,5,-896.0,Expired
2024-03-17,Oreo,12.8,pack,172.5,2204.27,2024-09-13,180,-721.0,Expired
2024-03-17,Potatoes,4.0,kg,104.57,422.51,2024-03-31,14,-887.0,Expired
2024-03-17,Noodles,8.2,pack,50.91,415.5,2025-03-17,365,-536.0,Expired
2024-03-24,Coffee Beans,9.6,kg,985.21,9424.13,2024-05-23,60,-834.0,Expired
2024-03-24,Milk,10.7,liter,99.37,1062.31,2024-03-31,7,-887.0,Expired
2024-03-24,Fresh Cream,10.3,liter,200.6,2073.55,2024-04-03,10,-884.0,Expired
2024-03-24,Cheese,3.3,kg,527.52,1726.46,2024-04-14,21,-873.0,Expired
2024-03-24,Bread,12.9,pack,61.86,797.8,2024-03-28,4,-890.0,Expired
2024-03-24,Caramel Syrup,9.9,bottle,245.05,2421.9,2024-06-22,90,-804.0,Expired
2024-03-24,Matcha Powder,8.7,kg,1065.77,9235.9,2024-09-20,180,-714.0,Expired
2024-03-24,Strawberry,11.3,kg,321.26,3643.26,2024-03-29,5,-889.0,Expired
2024-03-24,Potatoes,11.9,kg,105.36,1251.42,2024-04-07,14,-880.0,Expired
2024-03-31,Coffee Beans,9.9,kg,938.43,9284.54,2024-05-30,60,-827.0,Expired
2024-03-31,Milk,13.0,liter,99.86,1299.15,2024-04-07,7,-880.0,Expired
2024-03-31,Fresh Cream,12.4,liter,199.62,2472.83,2024-04-10,10,-877.0,Expired
2024-03-31,Chicken,7.5,kg,335.09,2529.89,2024-04-05,5,-882.0,Expired
2024-03-31,Chocolate Syrup,5.8,bottle,254.05,1469.54,2024-06-29,90,-797.0,Expired
2024-03-31,Caramel Syrup,6.1,bottle,253.74,1554.43,2024-06-29,90,-797.0,Expired
2024-03-31,Matcha Powder,8.8,kg,1100.76,9688.79,2024-09-27,180,-707.0,Expired
2024-03-31,Potatoes,10.5,kg,106.91,1124.49,2024-04-14,14,-873.0,Expired
2024-03-31,Noodles,5.6,pack,49.63,279.21,2025-03-31,365,-522.0,Expired
2024-04-07,Milk,6.1,liter,103.89,631.35,2024-04-14,7,-873.0,Expired
2024-04-07,Chicken,12.1,kg,340.92,4135.4,2024-04-12,5,-875.0,Expired
2024-04-07,Chocolate Syrup,9.3,bottle,242.54,2244.01,2024-07-06,90,-790.0,Expired
2024-04-07,Caramel Syrup,12.5,bottle,254.7,3190.01,2024-07-06,90,-790.0,Expired
2024-04-07,Matcha Powder,9.0,kg,1056.92,9536.12,2024-10-04,180,-700.0,Expired
2024-04-07,Oreo,7.1,pack,174.9,1240.77,2024-10-04,180,-700.0,Expired
2024-04-07,Potatoes,5.6,kg,110.66,619.65,2024-04-21,14,-866.0,Expired
2024-04-07,Noodles,9.9,pack,50.27,495.28,2025-04-07,365,-515.0,Expired
2024-04-14,Coffee Beans,4.5,kg,955.07,4269.26,2024-06-13,60,-813.0,Expired
2024-04-14,Milk,8.2,liter,104.78,860.45,2024-04-21,7,-866.0,Expired
2024-04-14,Fresh Cream,6.3,liter,205.56,1294.22,2024-04-24,10,-863.0,Expired
2024-04-14,Cheese,10.6,kg,554.94,5862.94,2024-05-05,21,-852.0,Expired
2024-04-14,Bread,6.4,pack,61.82,394.43,2024-04-18,4,-869.0,Expired
2024-04-14,Chocolate Syrup,11.5,bottle,255.17,2925.62,2024-07-13,90,-783.0,Expired
2024-04-14,Caramel Syrup,12.4,bottle,253.58,3151.13,2024-07-13,90,-783.0,Expired
2024-04-14,Matcha Powder,10.6,kg,1099.92,11668.11,2024-10-11,180,-693.0,Expired
2024-04-14,Strawberry,5.9,kg,317.74,1863.55,2024-04-19,5,-868.0,Expired
2024-04-14,Oreo,7.3,pack,166.58,1215.25,2024-10-11,180,-693.0,Expired
2024-04-14,Potatoes,4.1,kg,108.13,442.76,2024-04-28,14,-859.0,Expired
2024-04-14,Noodles,8.4,pack,52.34,440.51,2025-04-14,365,-508.0,Expired
2024-04-21,Coffee Beans,8.1,kg,980.14,7932.65,2024-06-20,60,-806.0,Expired
2024-04-21,Milk,7.1,liter,103.55,732.1,2024-04-28,7,-859.0,Expired
2024-04-21,Fresh Cream,10.1,liter,199.23,2006.34,2024-05-01,10,-856.0,Expired
2024-04-21,Chicken,11.9,kg,348.5,4138.07,2024-04-26,5,-861.0,Expired
2024-04-21,Cheese,9.0,kg,540.95,4877.66,2024-05-12,21,-845.0,Expired
2024-04-21,Bread,7.0,pack,62.99,441.97,2024-04-25,4,-862.0,Expired
2024-04-21,Chocolate Syrup,8.3,bottle,257.78,2144.56,2024-07-20,90,-776.0,Expired
2024-04-21,Caramel Syrup,6.4,bottle,250.91,1613.42,2024-07-20,90,-776.0,Expired
2024-04-21,Matcha Powder,10.4,kg,1053.28,10916.47,2024-10-18,180,-686.0,Expired
2024-04-21,Strawberry,12.2,kg,321.64,3932.59,2024-04-26,5,-861.0,Expired
2024-04-21,Potatoes,6.6,kg,106.26,698.14,2024-05-05,14,-852.0,Expired
2024-04-21,Noodles,5.2,pack,51.07,264.68,2025-04-21,365,-501.0,Expired
2024-04-28,Coffee Beans,9.9,kg,984.18,9694.39,2024-06-27,60,-799.0,Expired
2024-04-28,Milk,9.0,liter,105.45,949.83,2024-05-05,7,-852.0,Expired
2024-04-28,Fresh Cream,10.2,liter,203.73,2083.44,2024-05-08,10,-849.0,Expired
2024-04-28,Chicken,3.8,kg,345.36,1308.05,2024-05-03,5,-854.0,Expired
2024-04-28,Cheese,8.8,kg,564.23,4971.19,2024-05-19,21,-838.0,Expired
2024-04-28,Bread,10.9,pack,62.15,675.72,2024-05-02,4,-855.0,Expired
2024-04-28,Caramel Syrup,11.1,bottle,258.21,2871.11,2024-07-27,90,-769.0,Expired
2024-04-28,Noodles,9.7,pack,52.06,503.92,2025-04-28,365,-494.0,Expired
2024-05-05,Coffee Beans,6.7,kg,987.14,6581.58,2024-07-04,60,-792.0,Expired
2024-05-05,Milk,8.1,liter,105.81,861.72,2024-05-12,7,-845.0,Expired
2024-05-05,Chicken,10.0,kg,335.11,3356.4,2024-05-10,5,-847.0,Expired
2024-05-05,Bread,8.8,pack,62.07,543.38,2024-05-09,4,-848.0,Expired
2024-05-05,Chocolate Syrup,6.6,bottle,251.65,1669.34,2024-08-03,90,-762.0,Expired
2024-05-05,Caramel Syrup,4.1,bottle,255.15,1052.49,2024-08-03,90,-762.0,Expired
2024-05-05,Strawberry,10.8,kg,329.74,3553.54,2024-05-10,5,-847.0,Expired
2024-05-05,Oreo,7.2,pack,171.75,1230.97,2024-11-01,180,-672.0,Expired
2024-05-05,Potatoes,7.2,kg,110.61,793.76,2024-05-19,14,-838.0,Expired
2024-05-05,Noodles,9.0,pack,51.54,462.78,2025-05-05,365,-487.0,Expired
2024-05-12,Coffee Beans,8.4,kg,973.78,8182.98,2024-07-11,60,-785.0,Expired
2024-05-12,Fresh Cream,12.1,liter,212.03,2567.08,2024-05-22,10,-835.0,Expired
2024-05-12,Chicken,5.2,kg,353.97,1823.68,2024-05-17,5,-840.0,Expired
2024-05-12,Cheese,12.3,kg,565.3,6959.09,2024-06-02,21,-824.0,Expired
2024-05-12,Bread,10.9,pack,61.56,671.07,2024-05-16,4,-841.0,Expired
2024-05-12,Chocolate Syrup,7.4,bottle,248.35,1843.07,2024-08-10,90,-755.0,Expired
2024-05-12,Matcha Powder,6.5,kg,1079.55,7032.22,2024-11-08,180,-665.0,Expired
2024-05-12,Oreo,6.9,pack,176.12,1216.46,2024-11-08,180,-665.0,Expired
2024-05-12,Potatoes,6.6,kg,110.72,729.47,2024-05-26,14,-831.0,Expired
2024-05-19,Coffee Beans,11.3,kg,948.73,10684.97,2024-07-18,60,-778.0,Expired
2024-05-19,Milk,4.7,liter,102.05,477.72,2024-05-26,7,-831.0,Expired
2024-05-19,Chicken,11.4,kg,346.12,3942.81,2024-05-24,5,-833.0,Expired
2024-05-19,Cheese,9.5,kg,562.91,5339.3,2024-06-09,21,-817.0,Expired
2024-05-19,Bread,13.4,pack,63.87,853.92,2024-05-23,4,-834.0,Expired
2024-05-19,Caramel Syrup,10.8,bottle,259.55,2801.92,2024-08-17,90,-748.0,Expired
2024-05-19,Oreo,12.2,pack,167.65,2040.96,2024-11-15,180,-658.0,Expired
2024-05-19,Potatoes,3.9,kg,108.04,424.55,2024-06-02,14,-824.0,Expired
2024-05-26,Coffee Beans,4.1,kg,1002.51,4060.57,2024-07-25,60,-771.0,Expired
2024-05-26,Milk,6.5,liter,104.91,682.1,2024-06-02,7,-824.0,Expired
2024-05-26,Bread,9.8,pack,63.02,614.8,2024-05-30,4,-827.0,Expired
2024-05-26,Strawberry,10.7,kg,321.61,3453.52,2024-05-31,5,-826.0,Expired
2024-05-26,Potatoes,8.1,kg,109.74,886.88,2024-06-09,14,-817.0,Expired
2024-05-26,Noodles,12.1,pack,52.75,639.62,2025-05-26,365,-466.0,Expired
2024-06-02,Coffee Beans,6.7,kg,998.93,6706.08,2024-08-01,60,-764.0,Expired
2024-06-02,Milk,12.8,liter,104.18,1330.18,2024-06-09,7,-817.0,Expired
2024-06-02,Fresh Cream,3.3,liter,209.88,702.73,2024-06-12,10,-814.0,Expired
2024-06-02,Chicken,10.7,kg,348.61,3721.59,2024-06-07,5,-819.0,Expired
2024-06-02,Cheese,4.4,kg,549.52,2396.63,2024-06-23,21,-803.0,Expired
2024-06-02,Bread,11.6,pack,62.98,729.01,2024-06-06,4,-820.0,Expired
2024-06-02,Chocolate Syrup,7.9,bottle,255.4,2019.41,2024-08-31,90,-734.0,Expired
2024-06-02,Caramel Syrup,11.8,bottle,247.66,2931.49,2024-08-31,90,-734.0,Expired
2024-06-02,Matcha Powder,4.8,kg,1115.18,5305.61,2024-11-29,180,-644.0,Expired
2024-06-02,Strawberry,8.3,kg,318.79,2634.1,2024-06-07,5,-819.0,Expired
2024-06-02,Oreo,9.2,pack,173.49,1594.35,2024-11-29,180,-644.0,Expired
2024-06-02,Potatoes,4.0,kg,111.93,450.5,2024-06-16,14,-810.0,Expired
2024-06-09,Coffee Beans,10.9,kg,962.45,10514.71,2024-08-08,60,-757.0,Expired
2024-06-09,Milk,6.0,liter,102.29,615.18,2024-06-16,7,-810.0,Expired
2024-06-09,Fresh Cream,4.2,liter,208.88,879.97,2024-06-19,10,-807.0,Expired
2024-06-09,Cheese,4.3,kg,570.95,2439.85,2024-06-30,21,-796.0,Expired
2024-06-09,Chocolate Syrup,8.5,bottle,261.64,2213.35,2024-09-07,90,-727.0,Expired
2024-06-09,Caramel Syrup,12.3,bottle,256.64,3166.6,2024-09-07,90,-727.0,Expired
2024-06-09,Matcha Powder,6.3,kg,1113.88,6970.65,2024-12-06,180,-637.0,Expired
2024-06-09,Strawberry,12.0,kg,321.92,3859.93,2024-06-14,5,-812.0,Expired
2024-06-09,Oreo,10.4,pack,172.76,1802.94,2024-12-06,180,-637.0,Expired
2024-06-09,Potatoes,5.4,kg,110.81,603.15,2024-06-23,14,-803.0,Expired
2024-06-16,Coffee Beans,7.2,kg,1007.27,7250.28,2024-08-15,60,-750.0,Expired
2024-06-16,Fresh Cream,10.2,liter,213.69,2178.05,2024-06-26,10,-800.0,Expired
2024-06-16,Chicken,9.0,kg,353.6,3190.13,2024-06-21,5,-805.0,Expired
2024-06-16,Bread,4.2,pack,64.4,273.52,2024-06-20,4,-806.0,Expired
2024-06-16,Caramel Syrup,6.0,bottle,250.66,1492.54,2024-09-14,90,-720.0,Expired
2024-06-16,Matcha Powder,12.0,kg,1110.64,13372.26,2024-12-13,180,-630.0,Expired
2024-06-16,Oreo,12.3,pack,178.11,2184.2,2024-12-13,180,-630.0,Expired
2024-06-16,Potatoes,11.6,kg,113.19,1315.36,2024-06-30,14,-796.0,Expired
2024-06-16,Noodles,10.6,pack,52.14,553.28,2025-06-16,365,-445.0,Expired
2024-06-23,Coffee Beans,3.9,kg,992.2,3906.84,2024-08-22,60,-743.0,Expired
2024-06-23,Milk,9.5,liter,105.44,1000.44,2024-06-30,7,-796.0,Expired
2024-06-23,Fresh Cream,12.7,liter,205.8,2611.59,2024-07-03,10,-793.0,Expired
2024-06-23,Chicken,11.5,kg,352.44,4059.2,2024-06-28,5,-798.0,Expired
2024-06-23,Bread,5.2,pack,64.94,337.67,2024-06-27,4,-799.0,Expired
2024-06-23,Chocolate Syrup,7.9,bottle,254.34,1996.97,2024-09-21,90,-713.0,Expired
2024-06-23,Matcha Powder,3.7,kg,1089.64,4081.15,2024-12-20,180,-623.0,Expired
2024-06-23,Strawberry,7.9,kg,320.62,2521.59,2024-06-28,5,-798.0,Expired
2024-06-23,Potatoes,12.6,kg,111.19,1401.46,2024-07-07,14,-789.0,Expired
2024-06-30,Milk,10.9,liter,106.73,1167.31,2024-07-07,7,-789.0,Expired
2024-06-30,Fresh Cream,10.2,liter,204.01,2075.62,2024-07-10,10,-786.0,Expired
2024-06-30,Chicken,6.9,kg,341.82,2356.69,2024-07-05,5,-791.0,Expired
2024-06-30,Cheese,14.5,kg,557.32,8061.36,2024-07-21,21,-775.0,Expired
2024-06-30,Bread,8.4,pack,64.27,536.95,2024-07-04,4,-792.0,Expired
2024-06-30,Chocolate Syrup,8.2,bottle,259.3,2134.14,2024-09-28,90,-706.0,Expired
2024-06-30,Caramel Syrup,5.5,bottle,253.9,1406.67,2024-09-28,90,-706.0,Expired
2024-06-30,Oreo,7.2,pack,177.62,1274.65,2024-12-27,180,-616.0,Expired
2024-06-30,Potatoes,8.6,kg,107.56,929.14,2024-07-14,14,-782.0,Expired
2024-07-07,Coffee Beans,10.7,kg,976.86,10488.71,2024-09-05,60,-729.0,Expired
2024-07-07,Milk,10.2,liter,105.84,1075.8,2024-07-14,7,-782.0,Expired
2024-07-07,Chicken,8.6,kg,349.94,3001.67,2024-07-12,5,-784.0,Expired
2024-07-07,Bread,7.9,pack,64.61,509.94,2024-07-11,4,-785.0,Expired
2024-07-07,Chocolate Syrup,13.4,bottle,262.97,3533.75,2024-10-05,90,-699.0,Expired
2024-07-07,Caramel Syrup,13.5,bottle,251.37,3399.7,2024-10-05,90,-699.0,Expired
2024-07-07,Matcha Powder,6.9,kg,1107.51,7655.0,2025-01-03,180,-609.0,Expired
2024-07-07,Strawberry,12.9,kg,332.2,4283.03,2024-07-12,5,-784.0,Expired
2024-07-07,Oreo,7.3,pack,174.58,1274.78,2025-01-03,180,-609.0,Expired
2024-07-14,Coffee Beans,12.2,kg,982.74,12015.7,2024-09-12,60,-722.0,Expired
2024-07-14,Milk,7.2,liter,107.9,780.62,2024-07-21,7,-775.0,Expired
2024-07-14,Fresh Cream,9.2,liter,214.75,1972.34,2024-07-24,10,-772.0,Expired
2024-07-14,Chicken,5.5,kg,350.22,1913.63,2024-07-19,5,-777.0,Expired
2024-07-14,Cheese,4.5,kg,549.48,2461.81,2024-08-04,21,-761.0,Expired
2024-07-14,Bread,8.2,pack,64.41,526.76,2024-07-18,4,-778.0,Expired
2024-07-14,Caramel Syrup,6.4,bottle,258.68,1653.56,2024-10-12,90,-692.0,Expired
2024-07-14,Matcha Powder,12.2,kg,1126.07,13722.74,2025-01-10,180,-602.0,Expired
2024-07-14,Strawberry,11.5,kg,330.92,3791.07,2024-07-19,5,-777.0,Expired
2024-07-14,Oreo,9.1,pack,170.62,1553.54,2025-01-10,180,-602.0,Expired
2024-07-14,Potatoes,11.4,kg,113.3,1287.68,2024-07-28,14,-768.0,Expired
2024-07-14,Noodles,9.9,pack,51.18,508.95,2025-07-14,365,-417.0,Expired
2024-07-21,Milk,6.7,liter,106.96,713.73,2024-07-28,7,-768.0,Expired
2024-07-21,Chicken,9.4,kg,345.47,3235.91,2024-07-26,5,-770.0,Expired
2024-07-21,Caramel Syrup,9.8,bottle,249.99,2445.28,2024-10-19,90,-685.0,Expired
2024-07-21,Matcha Powder,8.9,kg,1096.1,9720.47,2025-01-17,180,-595.0,Expired
2024-07-21,Strawberry,12.1,kg,319.34,3864.81,2024-07-26,5,-770.0,Expired
2024-07-21,Potatoes,5.0,kg,112.61,559.83,2024-08-04,14,-761.0,Expired
2024-07-28,Coffee Beans,9.2,kg,1004.03,9204.39,2024-09-26,60,-708.0,Expired
2024-07-28,Milk,13.2,liter,108.13,1431.25,2024-08-04,7,-761.0,Expired
2024-07-28,Fresh Cream,9.4,liter,204.58,1924.01,2024-08-07,10,-758.0,Expired
2024-07-28,Chicken,6.4,kg,350.44,2227.49,2024-08-02,5,-763.0,Expired
2024-07-28,Bread,6.7,pack,65.88,444.61,2024-08-01,4,-764.0,Expired
2024-07-28,Chocolate Syrup,12.8,bottle,265.25,3402.79,2024-10-26,90,-678.0,Expired
2024-07-28,Caramel Syrup,4.2,bottle,260.24,1102.81,2024-10-26,90,-678.0,Expired
2024-07-28,Matcha Powder,7.7,kg,1105.83,8566.97,2025-01-24,180,-588.0,Expired
2024-07-28,Strawberry,9.1,kg,332.32,3008.48,2024-08-02,5,-763.0,Expired
2024-07-28,Oreo,7.9,pack,178.21,1412.04,2025-01-24,180,-588.0,Expired
2024-08-04,Milk,13.0,liter,103.42,1346.75,2024-08-11,7,-754.0,Expired
2024-08-04,Fresh Cream,11.1,liter,216.85,2401.96,2024-08-14,10,-751.0,Expired
2024-08-04,Chicken,10.3,kg,350.0,3594.47,2024-08-09,5,-756.0,Expired
2024-08-04,Cheese,12.2,kg,550.53,6741.98,2024-08-25,21,-740.0,Expired
2024-08-04,Bread,9.1,pack,63.18,577.64,2024-08-08,4,-757.0,Expired
2024-08-04,Caramel Syrup,4.4,bottle,264.43,1165.7,2024-11-02,90,-671.0,Expired
2024-08-04,Matcha Powder,7.9,kg,1085.67,8556.37,2025-01-31,180,-581.0,Expired
2024-08-04,Strawberry,6.4,kg,336.94,2155.73,2024-08-09,5,-756.0,Expired
2024-08-04,Potatoes,4.2,kg,108.61,457.16,2024-08-18,14,-747.0,Expired
2024-08-04,Noodles,8.2,pack,53.99,444.09,2025-08-04,365,-396.0,Expired
2024-08-11,Coffee Beans,12.5,kg,1023.14,12798.02,2024-10-10,60,-694.0,Expired
2024-08-11,Milk,14.0,liter,104.06,1456.9,2024-08-18,7,-747.0,Expired
2024-08-11,Fresh Cream,8.2,liter,212.62,1753.24,2024-08-21,10,-744.0,Expired
2024-08-11,Chicken,4.4,kg,343.34,1500.61,2024-08-16,5,-749.0,Expired
2024-08-11,Cheese,12.3,kg,562.61,6918.44,2024-09-01,21,-733.0,Expired
2024-08-11,Bread,13.5,pack,64.96,877.91,2024-08-15,4,-750.0,Expired
2024-08-11,Chocolate Syrup,10.2,bottle,263.82,2678.62,2024-11-09,90,-664.0,Expired
2024-08-11,Matcha Powder,8.9,kg,1132.85,10045.88,2025-02-07,180,-574.0,Expired
2024-08-11,Oreo,12.2,pack,177.59,2161.19,2025-02-07,180,-574.0,Expired
2024-08-11,Noodles,5.3,pack,53.5,284.31,2025-08-11,365,-389.0,Expired
2024-08-18,Coffee Beans,11.5,kg,998.81,11472.65,2024-10-17,60,-687.0,Expired
2024-08-18,Chicken,13.3,kg,361.44,4822.56,2024-08-23,5,-742.0,Expired
2024-08-18,Cheese,10.6,kg,560.84,5916.91,2024-09-08,21,-726.0,Expired
2024-08-18,Bread,10.6,pack,63.43,674.16,2024-08-22,4,-743.0,Expired
2024-08-18,Caramel Syrup,10.5,bottle,257.76,2700.01,2024-11-16,90,-657.0,Expired
2024-08-18,Strawberry,6.5,kg,329.0,2151.3,2024-08-23,5,-742.0,Expired
2024-08-18,Potatoes,11.0,kg,109.61,1200.89,2024-09-01,14,-733.0,Expired
2024-08-18,Noodles,7.0,pack,53.69,374.03,2025-08-18,365,-382.0,Expired
2024-08-25,Milk,5.9,liter,108.44,643.23,2024-09-01,7,-733.0,Expired
2024-08-25,Caramel Syrup,8.8,bottle,252.7,2218.88,2024-11-23,90,-650.0,Expired
2024-08-25,Strawberry,12.0,kg,337.83,4054.0,2024-08-30,5,-735.0,Expired
2024-08-25,Oreo,5.5,pack,177.95,981.12,2025-02-21,180,-560.0,Expired
2024-09-01,Coffee Beans,9.4,kg,976.09,9173.62,2024-10-31,60,-673.0,Expired
2024-09-01,Milk,9.2,liter,105.34,966.28,2024-09-08,7,-726.0,Expired
2024-09-01,Fresh Cream,13.4,liter,209.35,2813.21,2024-09-11,10,-723.0,Expired
2024-09-01,Cheese,3.9,kg,567.4,2188.8,2024-09-22,21,-712.0,Expired
2024-09-01,Bread,13.2,pack,66.58,876.59,2024-09-05,4,-729.0,Expired
2024-09-01,Chocolate Syrup,8.7,bottle,263.25,2279.78,2024-11-30,90,-643.0,Expired
2024-09-01,Caramel Syrup,6.7,bottle,254.72,1704.42,2024-11-30,90,-643.0,Expired
2024-09-01,Matcha Powder,3.5,kg,1127.44,3914.93,2025-02-28,180,-553.0,Expired
2024-09-01,Strawberry,4.4,kg,324.21,1425.04,2024-09-06,5,-728.0,Expired
2024-09-01,Oreo,12.7,pack,175.27,2222.53,2025-02-28,180,-553.0,Expired
2024-09-01,Potatoes,9.3,kg,114.6,1070.39,2024-09-15,14,-719.0,Expired
2024-09-01,Noodles,6.6,pack,54.49,361.0,2025-09-01,365,-368.0,Expired
2024-09-08,Coffee Beans,12.2,kg,1016.92,12434.16,2024-11-07,60,-666.0,Expired
2024-09-08,Milk,3.5,liter,105.17,363.58,2024-09-15,7,-719.0,Expired
2024-09-08,Fresh Cream,11.0,liter,210.94,2318.16,2024-09-18,10,-716.0,Expired
2024-09-08,Bread,10.9,pack,64.02,698.92,2024-09-12,4,-722.0,Expired
2024-09-08,Caramel Syrup,10.9,bottle,258.99,2828.07,2024-12-07,90,-636.0,Expired
2024-09-08,Matcha Powder,9.5,kg,1153.13,10980.85,2025-03-07,180,-546.0,Expired
2024-09-08,Strawberry,8.7,kg,340.78,2956.47,2024-09-13,5,-721.0,Expired
2024-09-08,Noodles,12.0,pack,53.65,645.67,2025-09-08,365,-361.0,Expired
2024-09-15,Milk,11.9,liter,106.41,1264.23,2024-09-22,7,-712.0,Expired
2024-09-15,Fresh Cream,11.4,liter,208.13,2363.48,2024-09-25,10,-709.0,Expired
2024-09-15,Cheese,12.7,kg,555.93,7062.73,2024-10-06,21,-698.0,Expired
2024-09-15,Bread,6.0,pack,65.75,392.24,2024-09-19,4,-715.0,Expired
2024-09-15,Chocolate Syrup,4.1,bottle,268.74,1100.09,2024-12-14,90,-629.0,Expired
2024-09-15,Caramel Syrup,8.7,bottle,258.84,2245.06,2024-12-14,90,-629.0,Expired
2024-09-15,Matcha Powder,12.8,kg,1115.1,14299.87,2025-03-14,180,-539.0,Expired
2024-09-15,Strawberry,5.4,kg,333.03,1812.27,2024-09-20,5,-714.0,Expired
2024-09-15,Oreo,12.8,pack,182.89,2333.17,2025-03-14,180,-539.0,Expired
2024-09-15,Potatoes,14.2,kg,114.65,1630.32,2024-09-29,14,-705.0,Expired
2024-09-22,Coffee Beans,8.3,kg,1004.91,8309.86,2024-11-21,60,-652.0,Expired
2024-09-22,Milk,6.6,liter,106.71,709.57,2024-09-29,7,-705.0,Expired
2024-09-22,Fresh Cream,10.2,liter,211.66,2154.62,2024-10-02,10,-702.0,Expired
2024-09-22,Bread,3.6,pack,66.95,240.67,2024-09-26,4,-708.0,Expired
2024-09-22,Caramel Syrup,12.3,bottle,257.78,3171.17,2024-12-21,90,-622.0,Expired
2024-09-22,Matcha Powder,5.3,kg,1106.15,5909.94,2025-03-21,180,-532.0,Expired
2024-09-22,Strawberry,6.6,kg,331.15,2195.89,2024-09-27,5,-707.0,Expired
2024-09-22,Oreo,10.5,pack,180.82,1903.23,2025-03-21,180,-532.0,Expired
2024-09-22,Potatoes,10.9,kg,111.73,1215.14,2024-10-06,14,-698.0,Expired
2024-09-22,Noodles,11.0,pack,54.82,600.67,2025-09-22,365,-347.0,Expired
2024-09-29,Milk,9.4,liter,104.73,979.49,2024-10-06,7,-698.0,Expired
2024-09-29,Fresh Cream,8.4,liter,219.91,1842.73,2024-10-09,10,-695.0,Expired
2024-09-29,Cheese,4.4,kg,583.9,2577.12,2024-10-20,21,-684.0,Expired
2024-09-29,Bread,6.7,pack,66.35,446.39,2024-10-03,4,-701.0,Expired
2024-09-29,Chocolate Syrup,4.4,bottle,256.97,1139.81,2024-12-28,90,-615.0,Expired
2024-09-29,Caramel Syrup,13.0,bottle,265.86,3444.6,2024-12-28,90,-615.0,Expired
2024-09-29,Matcha Powder,7.4,kg,1122.51,8305.68,2025-03-28,180,-525.0,Expired
2024-09-29,Oreo,4.1,pack,180.46,731.64,2025-03-28,180,-525.0,Expired
2024-09-29,Potatoes,12.9,kg,114.63,1483.83,2024-10-13,14,-691.0,Expired
2024-09-29,Noodles,9.2,pack,55.07,508.84,2025-09-29,365,-340.0,Expired
2024-10-06,Chicken,4.8,kg,352.67,1688.98,2024-10-11,5,-693.0,Expired
2024-10-06,Cheese,12.2,kg,560.31,6822.91,2024-10-27,21,-677.0,Expired
2024-10-06,Bread,4.8,pack,64.89,310.46,2024-10-10,4,-694.0,Expired
2024-10-06,Caramel Syrup,13.0,bottle,262.05,3404.28,2025-01-04,90,-608.0,Expired
2024-10-06,Matcha Powder,9.5,kg,1140.51,10815.54,2025-04-04,180,-518.0,Expired
2024-10-06,Strawberry,11.5,kg,335.84,3857.66,2024-10-11,5,-693.0,Expired
2024-10-13,Cheese,7.8,kg,558.5,4342.11,2024-11-03,21,-670.0,Expired
2024-10-13,Chocolate Syrup,6.2,bottle,255.76,1583.54,2025-01-11,90,-601.0,Expired
2024-10-13,Caramel Syrup,7.4,bottle,257.12,1907.7,2025-01-11,90,-601.0,Expired
2024-10-13,Strawberry,5.5,kg,326.59,1811.78,2024-10-18,5,-686.0,Expired
2024-10-20,Coffee Beans,9.7,kg,1047.52,10206.85,2024-12-19,60,-624.0,Expired
2024-10-20,Fresh Cream,7.5,liter,215.85,1614.44,2024-10-30,10,-674.0,Expired
2024-10-20,Cheese,14.8,kg,575.19,8532.99,2024-11-10,21,-663.0,Expired
2024-10-20,Bread,12.2,pack,65.31,795.51,2024-10-24,4,-680.0,Expired
2024-10-20,Chocolate Syrup,10.7,bottle,260.35,2782.34,2025-01-18,90,-594.0,Expired
2024-10-20,Matcha Powder,9.8,kg,1163.6,11419.34,2025-04-18,180,-504.0,Expired
2024-10-20,Strawberry,4.1,kg,328.48,1362.31,2024-10-25,5,-679.0,Expired
2024-10-20,Oreo,4.8,pack,181.55,874.33,2025-04-18,180,-504.0,Expired
2024-10-20,Noodles,7.2,pack,53.21,382.69,2025-10-20,365,-319.0,Expired
2024-10-27,Fresh Cream,4.8,liter,217.73,1034.26,2024-11-06,10,-667.0,Expired
2024-10-27,Chicken,10.1,kg,354.66,3580.53,2024-11-01,5,-672.0,Expired
2024-10-27,Bread,14.0,pack,66.69,935.43,2024-10-31,4,-673.0,Expired
2024-10-27,Strawberry,6.1,kg,340.92,2087.67,2024-11-01,5,-672.0,Expired
2024-10-27,Oreo,6.7,pack,177.46,1187.49,2025-04-25,180,-497.0,Expired
2024-10-27,Potatoes,13.6,kg,117.51,1602.18,2024-11-10,14,-663.0,Expired
2024-10-27,Noodles,9.0,pack,52.71,475.15,2025-10-27,365,-312.0,Expired
2024-11-03,Milk,4.3,liter,107.38,463.03,2024-11-10,7,-663.0,Expired
2024-11-03,Chicken,7.4,kg,365.19,2699.75,2024-11-08,5,-665.0,Expired
2024-11-03,Cheese,11.6,kg,565.54,6576.87,2024-11-24,21,-649.0,Expired
2024-11-03,Bread,6.2,pack,64.89,401.5,2024-11-07,4,-666.0,Expired
2024-11-03,Chocolate Syrup,13.9,bottle,270.43,3772.17,2025-02-01,90,-580.0,Expired
2024-11-03,Caramel Syrup,10.1,bottle,257.26,2603.16,2025-02-01,90,-580.0,Expired
2024-11-03,Strawberry,9.2,kg,342.6,3147.17,2024-11-08,5,-665.0,Expired
2024-11-03,Potatoes,15.1,kg,112.39,1699.9,2024-11-17,14,-656.0,Expired
2024-11-03,Noodles,6.4,pack,52.82,336.82,2025-11-03,365,-305.0,Expired
2024-11-10,Coffee Beans,10.4,kg,1027.96,10649.28,2025-01-09,60,-603.0,Expired
2024-11-10,Cheese,10.0,kg,586.97,5859.13,2024-12-01,21,-642.0,Expired
2024-11-10,Caramel Syrup,4.4,bottle,259.35,1138.86,2025-02-08,90,-573.0,Expired
2024-11-10,Matcha Powder,12.8,kg,1134.9,14486.54,2025-05-09,180,-483.0,Expired
2024-11-10,Strawberry,7.0,kg,339.23,2380.05,2024-11-15,5,-658.0,Expired
2024-11-10,Oreo,13.8,pack,182.09,2518.15,2025-05-09,180,-483.0,Expired
2024-11-10,Noodles,7.3,pack,53.55,390.19,2025-11-10,365,-298.0,Expired
2024-11-17,Coffee Beans,11.9,kg,1028.41,12278.76,2025-01-16,60,-596.0,Expired
2024-11-17,Milk,3.7,liter,106.49,394.37,2024-11-24,7,-649.0,Expired
2024-11-17,Fresh Cream,7.1,liter,212.25,1501.96,2024-11-27,10,-646.0,Expired
2024-11-17,Chicken,9.6,kg,362.96,3466.88,2024-11-22,5,-651.0,Expired
2024-11-17,Cheese,4.9,kg,576.33,2844.58,2024-12-08,21,-635.0,Expired
2024-11-17,Chocolate Syrup,5.8,bottle,264.71,1539.88,2025-02-15,90,-566.0,Expired
2024-11-17,Strawberry,11.7,kg,341.56,3993.55,2024-11-22,5,-651.0,Expired
2024-11-17,Potatoes,7.5,kg,117.07,877.34,2024-12-01,14,-642.0,Expired
2024-11-17,Noodles,9.3,pack,54.35,505.03,2025-11-17,365,-291.0,Expired
2024-11-24,Coffee Beans,11.2,kg,1001.59,11219.14,2025-01-23,60,-589.0,Expired
2024-11-24,Milk,11.2,liter,106.12,1187.91,2024-12-01,7,-642.0,Expired
2024-11-24,Chicken,5.3,kg,355.27,1870.63,2024-11-29,5,-644.0,Expired
2024-11-24,Chocolate Syrup,11.9,bottle,261.12,3109.73,2025-02-22,90,-559.0,Expired
2024-11-24,Caramel Syrup,5.5,bottle,264.89,1457.23,2025-02-22,90,-559.0,Expired
2024-11-24,Matcha Powder,10.2,kg,1175.33,11994.13,2025-05-23,180,-469.0,Expired
2024-11-24,Strawberry,6.1,kg,337.97,2067.55,2024-11-29,5,-644.0,Expired
2024-11-24,Oreo,9.1,pack,183.87,1671.17,2025-05-23,180,-469.0,Expired
2024-11-24,Noodles,9.6,pack,53.26,510.03,2025-11-24,365,-284.0,Expired
2024-12-01,Coffee Beans,5.9,kg,1017.12,5965.97,2025-01-30,60,-582.0,Expired
2024-12-01,Milk,13.2,liter,105.88,1397.51,2024-12-08,7,-635.0,Expired
2024-12-01,Chicken,9.6,kg,368.44,3544.77,2024-12-06,5,-637.0,Expired
2024-12-01,Cheese,11.9,kg,580.08,6922.77,2024-12-22,21,-621.0,Expired
2024-12-01,Bread,11.7,pack,68.04,799.02,2024-12-05,4,-638.0,Expired
2024-12-01,Chocolate Syrup,10.5,bottle,261.75,2740.69,2025-03-01,90,-552.0,Expired
2024-12-01,Caramel Syrup,7.9,bottle,258.98,2048.74,2025-03-01,90,-552.0,Expired
2024-12-01,Matcha Powder,13.7,kg,1163.67,15916.57,2025-05-30,180,-462.0,Expired
2024-12-01,Strawberry,6.9,kg,348.92,2403.87,2024-12-06,5,-637.0,Expired
2024-12-01,Potatoes,7.9,kg,112.84,889.28,2024-12-15,14,-628.0,Expired
2024-12-01,Noodles,6.5,pack,55.76,363.08,2025-12-01,365,-277.0,Expired
2024-12-08,Coffee Beans,9.6,kg,1034.56,9974.06,2025-02-06,60,-575.0,Expired
2024-12-08,Milk,13.8,liter,108.37,1492.49,2024-12-15,7,-628.0,Expired
2024-12-08,Chicken,5.1,kg,354.28,1816.94,2024-12-13,5,-630.0,Expired
2024-12-08,Cheese,9.5,kg,568.86,5417.5,2024-12-29,21,-614.0,Expired
2024-12-08,Chocolate Syrup,12.7,bottle,261.26,3312.94,2025-03-08,90,-545.0,Expired
2024-12-08,Caramel Syrup,6.0,bottle,266.92,1608.85,2025-03-08,90,-545.0,Expired
2024-12-08,Matcha Powder,3.8,kg,1123.0,4251.51,2025-06-06,180,-455.0,Expired
2024-12-08,Strawberry,6.0,kg,341.8,2054.28,2024-12-13,5,-630.0,Expired
2024-12-08,Noodles,5.2,pack,55.47,288.38,2025-12-08,365,-270.0,Expired
2024-12-15,Milk,9.1,liter,107.87,982.27,2024-12-22,7,-621.0,Expired
2024-12-15,Fresh Cream,3.8,liter,221.9,851.32,2024-12-25,10,-618.0,Expired
2024-12-15,Chicken,12.7,kg,370.39,4720.01,2024-12-20,5,-623.0,Expired
2024-12-15,Cheese,4.7,kg,586.59,2783.68,2025-01-05,21,-607.0,Expired
2024-12-15,Chocolate Syrup,11.3,bottle,263.18,2985.87,2025-03-15,90,-538.0,Expired
2024-12-15,Caramel Syrup,9.9,bottle,263.88,2614.76,2025-03-15,90,-538.0,Expired
2024-12-15,Matcha Powder,11.8,kg,1130.14,13330.69,2025-06-13,180,-448.0,Expired
2024-12-15,Strawberry,9.7,kg,346.24,3353.66,2024-12-20,5,-623.0,Expired
2024-12-15,Oreo,13.6,pack,178.8,2429.54,2025-06-13,180,-448.0,Expired
2024-12-15,Potatoes,13.4,kg,116.43,1558.25,2024-12-29,14,-614.0,Expired
2024-12-22,Coffee Beans,9.5,kg,1009.86,9639.37,2025-02-20,60,-561.0,Expired
2024-12-22,Milk,4.1,liter,112.28,463.21,2024-12-29,7,-614.0,Expired
2024-12-22,Fresh Cream,10.9,liter,213.39,2316.97,2025-01-01,10,-611.0,Expired
2024-12-22,Chicken,15.1,kg,371.04,5596.27,2024-12-27,5,-616.0,Expired
2024-12-22,Cheese,10.4,kg,589.27,6152.95,2025-01-12,21,-600.0,Expired
2024-12-22,Chocolate Syrup,13.5,bottle,270.2,3643.34,2025-03-22,90,-531.0,Expired
2024-12-22,Caramel Syrup,11.4,bottle,261.81,2985.04,2025-03-22,90,-531.0,Expired
2024-12-22,Potatoes,4.7,kg,113.4,538.11,2025-01-05,14,-607.0,Expired
2024-12-29,Coffee Beans,5.6,kg,1057.94,5972.99,2025-02-27,60,-554.0,Expired
2024-12-29,Fresh Cream,9.0,liter,216.07,1936.7,2025-01-08,10,-604.0,Expired
2024-12-29,Chicken,7.2,kg,356.32,2565.72,2025-01-03,5,-609.0,Expired
2024-12-29,Cheese,6.6,kg,590.84,3895.83,2025-01-19,21,-593.0,Expired
2024-12-29,Chocolate Syrup,5.9,bottle,264.43,1550.3,2025-03-29,90,-524.0,Expired
2024-12-29,Caramel Syrup,11.3,bottle,264.16,2979.35,2025-03-29,90,-524.0,Expired
2024-12-29,Strawberry,8.2,kg,334.53,2740.89,2025-01-03,5,-609.0,Expired
2024-12-29,Oreo,4.6,pack,181.41,842.31,2025-06-27,180,-434.0,Expired
2024-12-29,Potatoes,15.3,kg,119.45,1830.36,2025-01-12,14,-600.0,Expired
2025-01-05,Milk,6.5,liter,112.64,733.27,2025-01-12,7,-600.0,Expired
2025-01-05,Fresh Cream,8.1,liter,222.89,1814.91,2025-01-15,10,-597.0,Expired
2025-01-05,Chicken,13.0,kg,357.01,4626.51,2025-01-10,5,-602.0,Expired
2025-01-05,Chocolate Syrup,11.2,bottle,276.04,3103.93,2025-04-05,90,-517.0,Expired
2025-01-05,Matcha Powder,8.2,kg,1136.48,9311.42,2025-07-04,180,-427.0,Expired
2025-01-05,Strawberry,9.2,kg,340.02,3142.71,2025-01-10,5,-602.0,Expired
2025-01-05,Oreo,13.6,pack,179.39,2441.47,2025-07-04,180,-427.0,Expired
2025-01-05,Potatoes,7.2,kg,119.3,853.59,2025-01-19,14,-593.0,Expired
2025-01-05,Noodles,15.6,pack,56.31,880.88,2026-01-05,365,-242.0,Expired
2025-01-12,Coffee Beans,11.9,kg,1029.75,12232.19,2025-03-13,60,-540.0,Expired
2025-01-12,Chicken,8.0,kg,378.13,3020.4,2025-01-17,5,-595.0,Expired
2025-01-12,Cheese,7.2,kg,571.86,4110.24,2025-02-02,21,-579.0,Expired
2025-01-12,Bread,8.0,pack,66.01,526.75,2025-01-16,4,-596.0,Expired
2025-01-12,Chocolate Syrup,10.7,bottle,271.2,2914.78,2025-04-12,90,-510.0,Expired
2025-01-12,Caramel Syrup,4.7,bottle,262.31,1245.3,2025-04-12,90,-510.0,Expired
2025-01-12,Matcha Powder,5.4,kg,1162.21,6243.02,2025-07-11,180,-420.0,Expired
2025-01-12,Oreo,8.0,pack,180.43,1441.61,2025-07-11,180,-420.0,Expired
2025-01-12,Potatoes,12.1,kg,115.96,1399.66,2025-01-26,14,-586.0,Expired
2025-01-12,Noodles,7.5,pack,56.15,422.26,2026-01-12,365,-235.0,Expired
2025-01-19,Coffee Beans,14.7,kg,1073.48,15770.33,2025-03-20,60,-533.0,Expired
2025-01-19,Milk,6.0,liter,107.82,642.04,2025-01-26,7,-586.0,Expired
2025-01-19,Chicken,12.3,kg,374.49,4602.63,2025-01-24,5,-588.0,Expired
2025-01-19,Bread,4.0,pack,67.14,267.23,2025-01-23,4,-589.0,Expired
2025-01-19,Caramel Syrup,5.2,bottle,263.03,1356.45,2025-04-19,90,-503.0,Expired
2025-01-19,Oreo,6.0,pack,179.52,1080.1,2025-07-18,180,-413.0,Expired
2025-01-19,Potatoes,12.4,kg,119.35,1474.32,2025-02-02,14,-579.0,Expired
2025-01-19,Noodles,6.1,pack,56.43,341.9,2026-01-19,365,-228.0,Expired
2025-01-26,Coffee Beans,11.5,kg,1029.42,11874.45,2025-03-27,60,-526.0,Expired
2025-01-26,Milk,7.7,liter,108.04,835.73,2025-02-02,7,-579.0,Expired
2025-01-26,Caramel Syrup,5.7,bottle,275.72,1584.32,2025-04-26,90,-496.0,Expired
2025-01-26,Matcha Powder,14.0,kg,1199.52,16784.66,2025-07-25,180,-406.0,Expired
2025-02-02,Milk,13.7,liter,110.28,1513.47,2025-02-09,7,-572.0,Expired
2025-02-02,Fresh Cream,7.7,liter,224.16,1720.84,2025-02-12,10,-569.0,Expired
2025-02-02,Cheese,9.7,kg,593.04,5767.71,2025-02-23,21,-558.0,Expired
2025-02-02,Bread,12.4,pack,68.48,852.26,2025-02-06,4,-575.0,Expired
2025-02-02,Caramel Syrup,3.7,bottle,270.94,999.41,2025-05-03,90,-489.0,Expired
2025-02-02,Matcha Powder,5.4,kg,1157.27,6234.76,2025-08-01,180,-399.0,Expired
2025-02-02,Oreo,8.5,pack,181.66,1550.51,2025-08-01,180,-399.0,Expired
2025-02-02,Potatoes,10.6,kg,114.66,1217.18,2025-02-16,14,-565.0,Expired
2025-02-02,Noodles,7.2,pack,54.53,392.92,2026-02-02,365,-214.0,Expired
2025-02-09,Coffee Beans,5.3,kg,1037.4,5513.47,2025-04-10,60,-512.0,Expired
2025-02-09,Milk,4.1,liter,114.09,465.97,2025-02-16,7,-565.0,Expired
2025-02-09,Fresh Cream,6.8,liter,222.17,1504.42,2025-02-19,10,-562.0,Expired
2025-02-09,Cheese,15.7,kg,603.93,9507.42,2025-03-02,21,-551.0,Expired
2025-02-09,Caramel Syrup,4.4,bottle,279.02,1235.97,2025-05-10,90,-482.0,Expired
2025-02-09,Matcha Powder,13.8,kg,1140.78,15788.82,2025-08-08,180,-392.0,Expired
2025-02-09,Strawberry,9.5,kg,349.34,3302.04,2025-02-14,5,-567.0,Expired
2025-02-09,Oreo,10.8,pack,189.67,2044.54,2025-08-08,180,-392.0,Expired
2025-02-09,Potatoes,13.3,kg,114.98,1527.72,2025-02-23,14,-558.0,Expired
2025-02-09,Noodles,4.9,pack,55.36,268.97,2026-02-09,365,-207.0,Expired
2025-02-16,Coffee Beans,7.2,kg,1072.51,7704.43,2025-04-17,60,-505.0,Expired
2025-02-16,Milk,14.5,liter,108.13,1566.91,2025-02-23,7,-558.0,Expired
2025-02-16,Fresh Cream,5.3,liter,216.23,1140.01,2025-02-26,10,-555.0,Expired
2025-02-16,Chicken,5.2,kg,381.28,1996.81,2025-02-21,5,-560.0,Expired
2025-02-16,Cheese,4.2,kg,589.29,2503.07,2025-03-09,21,-544.0,Expired
2025-02-16,Chocolate Syrup,11.5,bottle,280.01,3207.15,2025-05-17,90,-475.0,Expired
2025-02-16,Caramel Syrup,9.1,bottle,273.71,2482.79,2025-05-17,90,-475.0,Expired
2025-02-16,Strawberry,11.6,kg,352.65,4079.42,2025-02-21,5,-560.0,Expired
2025-02-16,Potatoes,10.9,kg,120.11,1310.7,2025-03-02,14,-551.0,Expired
2025-02-23,Fresh Cream,13.5,liter,218.03,2944.75,2025-03-05,10,-548.0,Expired
2025-02-23,Chicken,9.6,kg,371.1,3575.12,2025-02-28,5,-553.0,Expired
2025-02-23,Bread,7.2,pack,66.15,475.14,2025-02-27,4,-554.0,Expired
2025-02-23,Chocolate Syrup,5.4,bottle,265.44,1434.5,2025-05-24,90,-468.0,Expired
2025-02-23,Caramel Syrup,13.4,bottle,270.46,3630.33,2025-05-24,90,-468.0,Expired
2025-02-23,Matcha Powder,4.7,kg,1193.07,5639.98,2025-08-22,180,-378.0,Expired
2025-02-23,Strawberry,5.2,kg,356.7,1856.1,2025-02-28,5,-553.0,Expired
2025-02-23,Potatoes,5.6,kg,116.55,650.07,2025-03-09,14,-544.0,Expired
2025-03-02,Coffee Beans,8.2,kg,1047.58,8553.76,2025-05-01,60,-491.0,Expired
2025-03-02,Milk,8.8,liter,110.2,964.67,2025-03-09,7,-544.0,Expired
2025-03-02,Chicken,13.2,kg,362.2,4779.36,2025-03-07,5,-546.0,Expired
2025-03-02,Cheese,6.4,kg,602.94,3833.59,2025-03-23,21,-530.0,Expired
2025-03-02,Bread,4.5,pack,66.87,297.94,2025-03-06,4,-547.0,Expired
2025-03-02,Chocolate Syrup,8.9,bottle,269.18,2387.74,2025-05-31,90,-461.0,Expired
2025-03-02,Caramel Syrup,12.9,bottle,266.12,3434.9,2025-05-31,90,-461.0,Expired
2025-03-02,Matcha Powder,12.3,kg,1145.77,14106.99,2025-08-29,180,-371.0,Expired
2025-03-09,Coffee Beans,3.9,kg,1072.34,4194.24,2025-05-08,60,-484.0,Expired
2025-03-09,Milk,6.0,liter,109.44,656.55,2025-03-16,7,-537.0,Expired
2025-03-09,Cheese,9.4,kg,600.45,5651.68,2025-03-30,21,-523.0,Expired
2025-03-09,Bread,6.3,pack,68.91,431.51,2025-03-13,4,-540.0,Expired
2025-03-09,Chocolate Syrup,14.1,bottle,268.16,3776.54,2025-06-07,90,-454.0,Expired
2025-03-09,Caramel Syrup,11.0,bottle,280.48,3076.77,2025-06-07,90,-454.0,Expired
2025-03-09,Matcha Powder,12.6,kg,1156.47,14532.25,2025-09-05,180,-364.0,Expired
2025-03-09,Strawberry,4.7,kg,357.14,1676.74,2025-03-14,5,-539.0,Expired
2025-03-09,Noodles,4.9,pack,54.42,265.18,2026-03-09,365,-179.0,Expired
2025-03-16,Coffee Beans,11.6,kg,1060.35,12284.73,2025-05-15,60,-477.0,Expired
2025-03-16,Fresh Cream,12.0,liter,217.87,2618.37,2025-03-26,10,-527.0,Expired
2025-03-16,Bread,6.3,pack,69.17,437.34,2025-03-20,4,-533.0,Expired
2025-03-16,Caramel Syrup,9.2,bottle,281.71,2602.37,2025-06-14,90,-447.0,Expired
2025-03-16,Strawberry,12.2,kg,347.4,4229.54,2025-03-21,5,-532.0,Expired
2025-03-16,Oreo,13.7,pack,190.37,2599.41,2025-09-12,180,-357.0,Expired
2025-03-16,Noodles,4.0,pack,56.89,225.66,2026-03-16,365,-172.0,Expired
2025-03-23,Milk,13.7,liter,109.6,1498.72,2025-03-30,7,-523.0,Expired
2025-03-23,Fresh Cream,4.9,liter,222.5,1085.14,2025-04-02,10,-520.0,Expired
2025-03-23,Chicken,11.3,kg,370.4,4200.56,2025-03-28,5,-525.0,Expired
2025-03-23,Cheese,11.3,kg,613.32,6927.3,2025-04-13,21,-509.0,Expired
2025-03-23,Bread,4.2,pack,69.67,294.19,2025-03-27,4,-526.0,Expired
2025-03-23,Chocolate Syrup,10.6,bottle,279.31,2964.08,2025-06-21,90,-440.0,Expired
2025-03-23,Caramel Syrup,6.6,bottle,266.82,1772.34,2025-06-21,90,-440.0,Expired
2025-03-23,Matcha Powder,4.3,kg,1204.45,5184.46,2025-09-19,180,-350.0,Expired
2025-03-23,Strawberry,9.2,kg,352.79,3254.12,2025-03-28,5,-525.0,Expired
2025-03-23,Oreo,10.9,pack,188.42,2061.28,2025-09-19,180,-350.0,Expired
2025-03-23,Potatoes,10.5,kg,118.11,1242.59,2025-04-06,14,-516.0,Expired
2025-03-30,Milk,8.4,liter,109.92,928.18,2025-04-06,7,-516.0,Expired
2025-03-30,Fresh Cream,7.4,liter,231.65,1717.29,2025-04-09,10,-513.0,Expired
2025-03-30,Cheese,7.3,kg,599.26,4388.82,2025-04-20,21,-502.0,Expired
2025-03-30,Bread,14.1,pack,67.01,941.76,2025-04-03,4,-519.0,Expired
2025-03-30,Chocolate Syrup,10.2,bottle,281.8,2869.42,2025-06-28,90,-433.0,Expired
2025-03-30,Caramel Syrup,13.9,bottle,282.83,3922.81,2025-06-28,90,-433.0,Expired
2025-03-30,Matcha Powder,13.0,kg,1175.97,15277.32,2025-09-26,180,-343.0,Expired
2025-03-30,Oreo,6.2,pack,186.24,1150.76,2025-09-26,180,-343.0,Expired
2025-03-30,Potatoes,14.0,kg,121.1,1690.0,2025-04-13,14,-509.0,Expired
2025-03-30,Noodles,13.4,pack,55.82,745.86,2026-03-30,365,-158.0,Expired
2025-04-06,Coffee Beans,12.1,kg,1088.7,13182.05,2025-06-05,60,-456.0,Expired
2025-04-06,Fresh Cream,14.0,liter,228.06,3186.0,2025-04-16,10,-506.0,Expired
2025-04-06,Chicken,12.8,kg,382.51,4880.81,2025-04-11,5,-511.0,Expired
2025-04-06,Bread,14.1,pack,69.97,983.54,2025-04-10,4,-512.0,Expired
2025-04-06,Chocolate Syrup,13.4,bottle,283.01,3785.07,2025-07-05,90,-426.0,Expired
2025-04-06,Caramel Syrup,6.1,bottle,267.7,1622.88,2025-07-05,90,-426.0,Expired
2025-04-06,Matcha Powder,8.3,kg,1165.73,9650.05,2025-10-03,180,-336.0,Expired
2025-04-06,Oreo,13.7,pack,192.02,2630.31,2025-10-03,180,-336.0,Expired
2025-04-06,Potatoes,11.1,kg,120.75,1342.1,2025-04-20,14,-502.0,Expired
2025-04-06,Noodles,5.3,pack,56.25,296.81,2026-04-06,365,-151.0,Expired
2025-04-13,Coffee Beans,12.2,kg,1068.19,13028.77,2025-06-12,60,-449.0,Expired
2025-04-13,Milk,14.6,liter,110.04,1610.83,2025-04-20,7,-502.0,Expired
2025-04-13,Fresh Cream,10.0,liter,227.8,2272.4,2025-04-23,10,-499.0,Expired
2025-04-13,Chicken,12.1,kg,365.85,4438.99,2025-04-18,5,-504.0,Expired
2025-04-13,Cheese,4.9,kg,609.97,3015.9,2025-05-04,21,-488.0,Expired
2025-04-13,Bread,11.1,pack,70.46,784.52,2025-04-17,4,-505.0,Expired
2025-04-13,Chocolate Syrup,11.8,bottle,269.77,3187.21,2025-07-12,90,-419.0,Expired
2025-04-13,Caramel Syrup,5.0,bottle,278.32,1391.89,2025-07-12,90,-419.0,Expired
2025-04-13,Matcha Powder,11.6,kg,1215.43,14080.37,2025-10-10,180,-329.0,Expired
2025-04-13,Strawberry,5.7,kg,361.86,2047.38,2025-04-18,5,-504.0,Expired
2025-04-13,Oreo,9.3,pack,193.36,1791.08,2025-10-10,180,-329.0,Expired
2025-04-13,Potatoes,12.1,kg,121.22,1469.0,2025-04-27,14,-495.0,Expired
2025-04-13,Noodles,9.1,pack,57.89,527.41,2026-04-13,365,-144.0,Expired
2025-04-20,Coffee Beans,13.8,kg,1077.5,14865.63,2025-06-19,60,-442.0,Expired
2025-04-20,Milk,14.2,liter,115.04,1634.19,2025-04-27,7,-495.0,Expired
2025-04-20,Fresh Cream,9.8,liter,227.41,2223.27,2025-04-30,10,-492.0,Expired
2025-04-20,Chicken,7.9,kg,388.19,3069.81,2025-04-25,5,-497.0,Expired
2025-04-20,Cheese,7.3,kg,603.14,4392.38,2025-05-11,21,-481.0,Expired
2025-04-20,Chocolate Syrup,8.4,bottle,283.97,2398.94,2025-07-19,90,-412.0,Expired
2025-04-20,Matcha Powder,4.7,kg,1184.57,5532.23,2025-10-17,180,-322.0,Expired
2025-04-20,Strawberry,4.6,kg,347.89,1599.79,2025-04-25,5,-497.0,Expired
2025-04-20,Oreo,7.8,pack,193.52,1519.02,2025-10-17,180,-322.0,Expired
2025-04-20,Potatoes,8.7,kg,118.28,1034.71,2025-05-04,14,-488.0,Expired
2025-04-20,Noodles,6.7,pack,56.15,377.98,2026-04-20,365,-137.0,Expired
2025-04-27,Coffee Beans,4.7,kg,1095.46,5115.32,2025-06-26,60,-435.0,Expired
2025-04-27,Milk,8.9,liter,110.33,987.42,2025-05-04,7,-488.0,Expired
2025-04-27,Fresh Cream,13.7,liter,220.55,3024.67,2025-05-07,10,-485.0,Expired
2025-04-27,Cheese,16.3,kg,621.71,10164.09,2025-05-18,21,-474.0,Expired
2025-04-27,Bread,12.3,pack,68.94,847.22,2025-05-01,4,-491.0,Expired
2025-04-27,Chocolate Syrup,13.4,bottle,276.29,3698.74,2025-07-26,90,-405.0,Expired
2025-04-27,Matcha Powder,12.1,kg,1200.27,14478.21,2025-10-24,180,-315.0,Expired
2025-04-27,Strawberry,10.3,kg,356.11,3662.29,2025-05-02,5,-490.0,Expired
2025-04-27,Oreo,4.1,pack,194.07,786.11,2025-10-24,180,-315.0,Expired
2025-04-27,Potatoes,5.6,kg,117.71,658.22,2025-05-11,14,-481.0,Expired
2025-04-27,Noodles,13.7,pack,56.69,774.78,2026-04-27,365,-130.0,Expired
2025-05-04,Coffee Beans,7.8,kg,1073.02,8370.13,2025-07-03,60,-428.0,Expired
2025-05-04,Milk,9.5,liter,116.05,1104.25,2025-05-11,7,-481.0,Expired
2025-05-04,Bread,9.4,pack,70.67,665.49,2025-05-08,4,-484.0,Expired
2025-05-04,Caramel Syrup,11.8,bottle,282.61,3320.71,2025-08-02,90,-398.0,Expired
2025-05-04,Matcha Powder,7.7,kg,1234.28,9519.33,2025-10-31,180,-308.0,Expired
2025-05-04,Strawberry,6.6,kg,347.48,2293.5,2025-05-09,5,-483.0,Expired
2025-05-04,Oreo,10.8,pack,189.97,2047.91,2025-10-31,180,-308.0,Expired
2025-05-04,Potatoes,12.3,kg,116.99,1436.55,2025-05-18,14,-474.0,Expired
2025-05-11,Fresh Cream,7.8,liter,233.3,1808.59,2025-05-21,10,-471.0,Expired
2025-05-11,Cheese,11.1,kg,622.79,6916.16,2025-06-01,21,-460.0,Expired
2025-05-11,Bread,13.6,pack,68.9,936.11,2025-05-15,4,-477.0,Expired
2025-05-11,Chocolate Syrup,11.9,bottle,270.4,3210.54,2025-08-09,90,-391.0,Expired
2025-05-11,Caramel Syrup,13.1,bottle,276.3,3620.01,2025-08-09,90,-391.0,Expired
2025-05-11,Matcha Powder,4.1,kg,1192.97,4904.92,2025-11-07,180,-301.0,Expired
2025-05-11,Strawberry,8.8,kg,352.52,3085.17,2025-05-16,5,-476.0,Expired
2025-05-11,Oreo,5.5,pack,191.18,1056.62,2025-11-07,180,-301.0,Expired
2025-05-11,Potatoes,5.0,kg,119.68,593.97,2025-05-25,14,-467.0,Expired
2025-05-11,Noodles,11.0,pack,58.22,639.1,2026-05-11,365,-116.0,Expired
2025-05-18,Coffee Beans,8.3,kg,1097.16,9106.27,2025-07-17,60,-414.0,Expired
2025-05-18,Fresh Cream,15.0,liter,221.34,3328.88,2025-05-28,10,-464.0,Expired
2025-05-18,Chicken,10.0,kg,379.71,3810.42,2025-05-23,5,-469.0,Expired
2025-05-18,Cheese,3.8,kg,607.09,2327.19,2025-06-08,21,-453.0,Expired
2025-05-18,Bread,5.8,pack,69.65,403.22,2025-05-22,4,-470.0,Expired
2025-05-18,Chocolate Syrup,8.2,bottle,271.55,2217.33,2025-08-16,90,-384.0,Expired
2025-05-18,Strawberry,5.3,kg,355.29,1877.83,2025-05-23,5,-469.0,Expired
2025-05-18,Potatoes,12.5,kg,121.21,1518.07,2025-06-01,14,-460.0,Expired
2025-05-18,Noodles,12.1,pack,55.87,678.42,2026-05-18,365,-109.0,Expired
2025-05-25,Coffee Beans,7.0,kg,1097.83,7703.57,2025-07-24,60,-407.0,Expired
2025-05-25,Milk,6.2,liter,111.02,691.77,2025-06-01,7,-460.0,Expired
2025-05-25,Bread,7.7,pack,68.13,522.89,2025-05-29,4,-463.0,Expired
2025-05-25,Matcha Powder,8.4,kg,1194.47,9993.07,2025-11-21,180,-287.0,Expired
2025-05-25,Oreo,3.7,pack,189.83,704.97,2025-11-21,180,-287.0,Expired
2025-05-25,Potatoes,12.0,kg,119.43,1427.49,2025-06-08,14,-453.0,Expired
2025-05-25,Noodles,15.8,pack,57.35,908.4,2026-05-25,365,-102.0,Expired
2025-06-01,Coffee Beans,12.8,kg,1048.02,13407.46,2025-07-31,60,-400.0,Expired
2025-06-01,Milk,12.7,liter,115.1,1459.11,2025-06-08,7,-453.0,Expired
2025-06-01,Fresh Cream,8.3,liter,231.74,1916.33,2025-06-11,10,-450.0,Expired
2025-06-01,Chicken,9.0,kg,382.04,3439.82,2025-06-06,5,-455.0,Expired
2025-06-01,Cheese,13.7,kg,617.72,8477.53,2025-06-22,21,-439.0,Expired
2025-06-01,Bread,10.9,pack,69.27,756.21,2025-06-05,4,-456.0,Expired
2025-06-01,Chocolate Syrup,12.4,bottle,286.2,3562.6,2025-08-30,90,-370.0,Expired
2025-06-01,Matcha Powder,4.2,kg,1183.87,5012.4,2025-11-28,180,-280.0,Expired
2025-06-01,Strawberry,7.3,kg,365.53,2669.28,2025-06-06,5,-455.0,Expired
2025-06-01,Oreo,11.8,pack,191.64,2260.99,2025-11-28,180,-280.0,Expired
2025-06-01,Potatoes,14.4,kg,117.6,1687.58,2025-06-15,14,-446.0,Expired
2025-06-08,Milk,9.2,liter,116.3,1073.7,2025-06-15,7,-446.0,Expired
2025-06-08,Chicken,6.9,kg,376.47,2595.73,2025-06-13,5,-448.0,Expired
2025-06-08,Cheese,11.5,kg,626.54,7220.94,2025-06-29,21,-432.0,Expired
2025-06-08,Bread,10.6,pack,70.45,745.38,2025-06-12,4,-449.0,Expired
2025-06-08,Chocolate Syrup,6.6,bottle,280.41,1861.08,2025-09-06,90,-363.0,Expired
2025-06-08,Caramel Syrup,4.7,bottle,279.97,1325.28,2025-09-06,90,-363.0,Expired
2025-06-08,Matcha Powder,10.5,kg,1207.69,12704.14,2025-12-05,180,-273.0,Expired
2025-06-08,Oreo,13.5,pack,193.14,2598.79,2025-12-05,180,-273.0,Expired
2025-06-08,Potatoes,4.8,kg,119.28,573.56,2025-06-22,14,-439.0,Expired
2025-06-08,Noodles,6.3,pack,57.84,362.72,2026-06-08,365,-88.0,Expired
2025-06-15,Coffee Beans,7.1,kg,1113.69,7892.08,2025-08-14,60,-386.0,Expired
2025-06-15,Milk,13.7,liter,114.79,1575.42,2025-06-22,7,-439.0,Expired
2025-06-15,Fresh Cream,9.2,liter,227.09,2080.44,2025-06-25,10,-436.0,Expired
2025-06-15,Cheese,10.7,kg,607.31,6526.2,2025-07-06,21,-425.0,Expired
2025-06-15,Bread,16.5,pack,70.26,1156.97,2025-06-19,4,-442.0,Expired
2025-06-15,Matcha Powder,14.4,kg,1247.95,17989.75,2025-12-12,180,-266.0,Expired
2025-06-15,Strawberry,10.0,kg,358.28,3598.17,2025-06-20,5,-441.0,Expired
2025-06-15,Oreo,15.9,pack,194.31,3098.12,2025-12-12,180,-266.0,Expired
2025-06-15,Potatoes,11.7,kg,119.78,1405.29,2025-06-29,14,-432.0,Expired
2025-06-22,Coffee Beans,11.7,kg,1101.65,12906.24,2025-08-21,60,-379.0,Expired
2025-06-22,Milk,9.0,liter,114.05,1021.19,2025-06-29,7,-432.0,Expired
2025-06-22,Fresh Cream,7.7,liter,233.93,1794.11,2025-07-02,10,-429.0,Expired
2025-06-22,Chicken,11.3,kg,393.83,4447.59,2025-06-27,5,-434.0,Expired
2025-06-22,Cheese,6.7,kg,615.02,4122.85,2025-07-13,21,-418.0,Expired
2025-06-22,Bread,14.0,pack,72.1,1008.53,2025-06-26,4,-435.0,Expired
2025-06-22,Chocolate Syrup,13.8,bottle,286.19,3946.84,2025-09-20,90,-349.0,Expired
2025-06-22,Strawberry,7.4,kg,360.19,2658.03,2025-06-27,5,-434.0,Expired
2025-06-22,Oreo,11.2,pack,188.09,2112.38,2025-12-19,180,-259.0,Expired
2025-06-22,Potatoes,8.0,kg,124.2,993.37,2025-07-06,14,-425.0,Expired
2025-06-22,Noodles,9.2,pack,55.92,517.18,2026-06-22,365,-74.0,Expired
2025-06-29,Coffee Beans,12.3,kg,1098.74,13528.01,2025-08-28,60,-372.0,Expired
2025-06-29,Fresh Cream,12.7,liter,223.63,2846.26,2025-07-09,10,-422.0,Expired
2025-06-29,Cheese,7.9,kg,596.3,4696.43,2025-07-20,21,-411.0,Expired
2025-06-29,Chocolate Syrup,6.9,bottle,273.39,1880.69,2025-09-27,90,-342.0,Expired
2025-06-29,Caramel Syrup,12.2,bottle,273.39,3343.4,2025-09-27,90,-342.0,Expired
2025-06-29,Matcha Powder,9.7,kg,1204.6,11706.1,2025-12-26,180,-252.0,Expired
2025-06-29,Strawberry,4.5,kg,366.6,1658.17,2025-07-04,5,-427.0,Expired
2025-06-29,Oreo,14.4,pack,193.64,2787.66,2025-12-26,180,-252.0,Expired
2025-06-29,Potatoes,4.4,kg,119.44,525.67,2025-07-13,14,-418.0,Expired
2025-07-06,Coffee Beans,15.0,kg,1094.52,16448.17,2025-09-04,60,-365.0,Expired
2025-07-06,Milk,14.9,liter,113.64,1692.62,2025-07-13,7,-418.0,Expired
2025-07-06,Fresh Cream,8.1,liter,229.68,1859.47,2025-07-16,10,-415.0,Expired
2025-07-06,Chicken,14.1,kg,378.5,5320.26,2025-07-11,5,-420.0,Expired
2025-07-06,Cheese,4.7,kg,613.42,2910.52,2025-07-27,21,-404.0,Expired
2025-07-06,Bread,11.6,pack,72.12,836.02,2025-07-10,4,-421.0,Expired
2025-07-06,Caramel Syrup,5.7,bottle,284.41,1623.76,2025-10-04,90,-335.0,Expired
2025-07-06,Strawberry,9.2,kg,353.17,3237.87,2025-07-11,5,-420.0,Expired
2025-07-06,Potatoes,11.4,kg,123.13,1406.16,2025-07-20,14,-411.0,Expired
2025-07-06,Noodles,15.1,pack,57.75,873.63,2026-07-06,365,-60.0,Expired
2025-07-13,Milk,7.7,liter,113.98,881.29,2025-07-20,7,-411.0,Expired
2025-07-13,Fresh Cream,5.4,liter,237.28,1286.27,2025-07-23,10,-408.0,Expired
2025-07-13,Chicken,10.2,kg,378.52,3863.93,2025-07-18,5,-413.0,Expired
2025-07-13,Bread,8.5,pack,71.2,607.6,2025-07-17,4,-414.0,Expired
2025-07-13,Chocolate Syrup,6.8,bottle,285.14,1928.91,2025-10-11,90,-328.0,Expired
2025-07-13,Caramel Syrup,6.4,bottle,289.96,1845.36,2025-10-11,90,-328.0,Expired
2025-07-13,Matcha Powder,10.5,kg,1238.22,12993.88,2026-01-09,180,-238.0,Expired
2025-07-13,Strawberry,8.8,kg,350.06,3096.68,2025-07-18,5,-413.0,Expired
2025-07-13,Oreo,4.3,pack,187.2,796.81,2026-01-09,180,-238.0,Expired
2025-07-13,Potatoes,7.0,kg,124.37,867.61,2025-07-27,14,-404.0,Expired
2025-07-13,Noodles,7.0,pack,58.69,410.83,2026-07-13,365,-53.0,Expired
2025-07-20,Milk,8.7,liter,117.73,1024.78,2025-07-27,7,-404.0,Expired
2025-07-20,Fresh Cream,6.4,liter,237.59,1520.54,2025-07-30,10,-401.0,Expired
2025-07-20,Bread,9.0,pack,70.42,631.36,2025-07-24,4,-407.0,Expired
2025-07-20,Chocolate Syrup,14.0,bottle,289.41,4056.86,2025-10-18,90,-321.0,Expired
2025-07-20,Caramel Syrup,14.3,bottle,284.84,4074.67,2025-10-18,90,-321.0,Expired
2025-07-20,Strawberry,13.2,kg,357.78,4736.52,2025-07-25,5,-406.0,Expired
2025-07-20,Oreo,11.7,pack,194.55,2281.97,2026-01-16,180,-231.0,Expired
2025-07-20,Potatoes,10.5,kg,125.71,1322.97,2025-08-03,14,-397.0,Expired
2025-07-20,Noodles,15.8,pack,57.06,900.62,2026-07-20,365,-46.0,Expired
2025-07-27,Coffee Beans,4.8,kg,1078.17,5172.65,2025-09-25,60,-344.0,Expired
2025-07-27,Milk,8.7,liter,117.88,1020.91,2025-08-03,7,-397.0,Expired
2025-07-27,Fresh Cream,14.8,liter,226.25,3355.25,2025-08-06,10,-394.0,Expired
2025-07-27,Chicken,9.8,kg,390.07,3837.22,2025-08-01,5,-399.0,Expired
2025-07-27,Cheese,13.4,kg,612.84,8192.75,2025-08-17,21,-383.0,Expired
2025-07-27,Bread,3.9,pack,69.77,269.76,2025-07-31,4,-400.0,Expired
2025-07-27,Caramel Syrup,8.3,bottle,275.75,2297.73,2025-10-25,90,-314.0,Expired
2025-07-27,Matcha Powder,16.1,kg,1245.76,20079.31,2026-01-23,180,-224.0,Expired
2025-07-27,Strawberry,11.8,kg,351.8,4156.1,2025-08-01,5,-399.0,Expired
2025-07-27,Oreo,11.2,pack,194.27,2182.25,2026-01-23,180,-224.0,Expired
2025-07-27,Potatoes,8.3,kg,122.94,1026.37,2025-08-10,14,-390.0,Expired
2025-07-27,Noodles,12.6,pack,59.36,749.03,2026-07-27,365,-39.0,Expired
2025-08-03,Coffee Beans,12.2,kg,1074.79,13154.22,2025-10-02,60,-337.0,Expired
2025-08-03,Milk,10.6,liter,115.11,1214.73,2025-08-10,7,-390.0,Expired
2025-08-03,Fresh Cream,6.4,liter,232.38,1477.05,2025-08-13,10,-387.0,Expired
2025-08-03,Chicken,8.8,kg,377.37,3302.82,2025-08-08,5,-392.0,Expired
2025-08-03,Cheese,6.1,kg,616.27,3754.2,2025-08-24,21,-376.0,Expired
2025-08-03,Bread,14.5,pack,71.62,1040.42,2025-08-07,4,-393.0,Expired
2025-08-03,Chocolate Syrup,14.4,bottle,285.35,4115.39,2025-11-01,90,-307.0,Expired
2025-08-03,Caramel Syrup,13.1,bottle,283.43,3712.11,2025-11-01,90,-307.0,Expired
2025-08-03,Matcha Powder,8.1,kg,1234.39,10041.35,2026-01-30,180,-217.0,Expired
2025-08-03,Potatoes,12.7,kg,120.91,1538.83,2025-08-17,14,-383.0,Expired
2025-08-10,Coffee Beans,13.0,kg,1131.09,14757.67,2025-10-09,60,-330.0,Expired
2025-08-10,Fresh Cream,12.5,liter,232.25,2913.02,2025-08-20,10,-380.0,Expired
2025-08-10,Cheese,4.3,kg,622.2,2677.23,2025-08-31,21,-369.0,Expired
2025-08-10,Bread,5.4,pack,70.14,376.49,2025-08-14,4,-386.0,Expired
2025-08-10,Chocolate Syrup,6.3,bottle,292.6,1848.79,2025-11-08,90,-300.0,Expired
2025-08-10,Strawberry,11.4,kg,358.65,4081.07,2025-08-15,5,-385.0,Expired
2025-08-10,Oreo,11.1,pack,189.52,2104.48,2026-02-06,180,-210.0,Expired
2025-08-10,Noodles,12.4,pack,59.19,733.24,2026-08-10,365,-25.0,Expired
2025-08-17,Coffee Beans,8.0,kg,1130.44,9018.08,2025-10-16,60,-323.0,Expired
2025-08-17,Milk,7.6,liter,114.37,872.75,2025-08-24,7,-376.0,Expired
2025-08-17,Fresh Cream,7.3,liter,238.07,1743.49,2025-08-27,10,-373.0,Expired
2025-08-17,Chicken,11.3,kg,399.31,4492.31,2025-08-22,5,-378.0,Expired
2025-08-17,Cheese,13.0,kg,626.87,8122.59,2025-09-07,21,-362.0,Expired
2025-08-17,Bread,10.1,pack,70.84,717.54,2025-08-21,4,-379.0,Expired
2025-08-17,Chocolate Syrup,14.3,bottle,277.8,3961.66,2025-11-15,90,-293.0,Expired
2025-08-17,Caramel Syrup,5.6,bottle,276.65,1550.49,2025-11-15,90,-293.0,Expired
2025-08-17,Matcha Powder,6.2,kg,1230.07,7606.69,2026-02-13,180,-203.0,Expired
2025-08-17,Oreo,13.8,pack,193.31,2664.7,2026-02-13,180,-203.0,Expired
2025-08-17,Potatoes,10.8,kg,122.22,1316.44,2025-08-31,14,-369.0,Expired
2025-08-17,Noodles,14.2,pack,56.96,809.62,2026-08-17,365,-18.0,Expired
2025-08-24,Coffee Beans,11.6,kg,1130.57,13070.59,2025-10-23,60,-316.0,Expired
2025-08-24,Fresh Cream,6.0,liter,240.02,1446.89,2025-09-03,10,-366.0,Expired
2025-08-24,Cheese,12.5,kg,638.51,8010.15,2025-09-14,21,-355.0,Expired
2025-08-24,Bread,4.8,pack,73.22,351.57,2025-08-28,4,-372.0,Expired
2025-08-24,Chocolate Syrup,13.4,bottle,286.39,3837.79,2025-11-22,90,-286.0,Expired
2025-08-24,Caramel Syrup,10.6,bottle,291.05,3099.47,2025-11-22,90,-286.0,Expired
2025-08-24,Matcha Powder,4.7,kg,1244.61,5885.34,2026-02-20,180,-196.0,Expired
2025-08-24,Strawberry,5.5,kg,353.16,1951.35,2025-08-29,5,-371.0,Expired
2025-08-24,Oreo,8.4,pack,198.54,1671.81,2026-02-20,180,-196.0,Expired
2025-08-24,Potatoes,7.2,kg,124.71,894.41,2025-09-07,14,-362.0,Expired
2025-08-24,Noodles,6.2,pack,57.9,358.09,2026-08-24,365,-11.0,Expired
2025-08-31,Coffee Beans,5.5,kg,1122.44,6147.89,2025-10-30,60,-309.0,Expired
2025-08-31,Milk,12.2,liter,113.79,1384.17,2025-09-07,7,-362.0,Expired
2025-08-31,Chicken,9.0,kg,386.78,3478.15,2025-09-05,5,-364.0,Expired
2025-08-31,Cheese,11.5,kg,629.96,7236.75,2025-09-21,21,-348.0,Expired
2025-08-31,Caramel Syrup,5.4,bottle,283.2,1536.31,2025-11-29,90,-279.0,Expired
2025-08-31,Matcha Powder,14.5,kg,1208.79,17472.88,2026-02-27,180,-189.0,Expired
2025-08-31,Strawberry,14.7,kg,360.2,5302.28,2025-09-05,5,-364.0,Expired
2025-08-31,Oreo,6.7,pack,191.83,1288.38,2026-02-27,180,-189.0,Expired
2025-08-31,Potatoes,10.3,kg,125.41,1291.42,2025-09-14,14,-355.0,Expired
2025-08-31,Noodles,3.6,pack,58.83,209.67,2026-08-31,365,-4.0,Expired
2025-09-07,Coffee Beans,10.4,kg,1117.33,11619.81,2025-11-06,60,-302.0,Expired
2025-09-07,Milk,9.8,liter,116.01,1133.17,2025-09-14,7,-355.0,Expired
2025-09-07,Fresh Cream,6.2,liter,231.48,1434.03,2025-09-17,10,-352.0,Expired
2025-09-07,Cheese,15.1,kg,638.54,9634.3,2025-09-28,21,-341.0,Expired
2025-09-07,Caramel Syrup,5.4,bottle,288.99,1567.87,2025-12-06,90,-272.0,Expired
2025-09-07,Strawberry,12.8,kg,373.47,4774.4,2025-09-12,5,-357.0,Expired
2025-09-07,Oreo,6.4,pack,195.15,1240.11,2026-03-06,180,-182.0,Expired
2025-09-07,Potatoes,4.6,kg,127.04,583.14,2025-09-21,14,-348.0,Expired
2025-09-07,Noodles,7.4,pack,59.81,445.1,2026-09-07,365,3.0,Medium Alert
2025-09-14,Coffee Beans,13.2,kg,1127.63,14882.6,2025-11-13,60,-295.0,Expired
2025-09-14,Fresh Cream,9.8,liter,230.8,2251.47,2025-09-24,10,-345.0,Expired
2025-09-14,Bread,4.5,pack,72.88,330.89,2025-09-18,4,-351.0,Expired
2025-09-14,Chocolate Syrup,4.6,bottle,294.57,1357.05,2025-12-13,90,-265.0,Expired
2025-09-14,Matcha Powder,12.8,kg,1218.38,15611.86,2026-03-13,180,-175.0,Expired
2025-09-14,Strawberry,14.2,kg,375.73,5350.34,2025-09-19,5,-350.0,Expired
2025-09-14,Potatoes,14.4,kg,120.59,1741.54,2025-09-28,14,-341.0,Expired
2025-09-14,Noodles,6.6,pack,59.63,394.4,2026-09-14,365,10.0,Low Alert
2025-09-21,Coffee Beans,6.7,kg,1091.01,7363.78,2025-11-20,60,-288.0,Expired
2025-09-21,Chicken,7.3,kg,398.86,2902.84,2025-09-26,5,-343.0,Expired
2025-09-21,Bread,8.9,pack,72.53,645.62,2025-09-25,4,-344.0,Expired
2025-09-21,Chocolate Syrup,6.3,bottle,281.99,1771.35,2025-12-20,90,-258.0,Expired
2025-09-21,Matcha Powder,13.9,kg,1244.84,17348.93,2026-03-20,180,-168.0,Expired
2025-09-21,Strawberry,12.0,kg,376.71,4515.7,2025-09-26,5,-343.0,Expired
2025-09-21,Noodles,5.3,pack,57.59,307.55,2026-09-21,365,17.0,Low Alert
2025-09-28,Coffee Beans,5.5,kg,1126.86,6248.35,2025-11-27,60,-281.0,Expired
2025-09-28,Milk,6.2,liter,117.36,731.47,2025-10-05,7,-334.0,Expired
2025-09-28,Fresh Cream,6.6,liter,233.82,1533.95,2025-10-08,10,-331.0,Expired
2025-09-28,Bread,6.7,pack,69.88,466.68,2025-10-02,4,-337.0,Expired
2025-09-28,Chocolate Syrup,7.8,bottle,285.87,2235.85,2025-12-27,90,-251.0,Expired
2025-09-28,Strawberry,14.1,kg,375.6,5291.32,2025-10-03,5,-336.0,Expired
2025-09-28,Oreo,12.1,pack,196.68,2385.87,2026-03-27,180,-161.0,Expired
2025-09-28,Noodles,13.5,pack,60.62,819.08,2026-09-28,365,24.0,Low Alert
2025-10-05,Milk,5.8,liter,116.94,682.89,2025-10-12,7,-327.0,Expired
2025-10-05,Fresh Cream,6.1,liter,230.9,1402.37,2025-10-15,10,-324.0,Expired
2025-10-05,Chicken,6.7,kg,389.82,2595.71,2025-10-10,5,-329.0,Expired
2025-10-05,Cheese,7.4,kg,646.2,4779.88,2025-10-26,21,-313.0,Expired
2025-10-05,Strawberry,9.8,kg,360.66,3551.68,2025-10-10,5,-329.0,Expired
2025-10-05,Oreo,10.4,pack,196.01,2046.82,2026-04-03,180,-154.0,Expired
2025-10-05,Potatoes,3.6,kg,122.55,440.45,2025-10-19,14,-320.0,Expired
2025-10-05,Noodles,13.9,pack,59.28,826.73,2026-10-05,365,31.0,Low Alert
2025-10-12,Coffee Beans,5.4,kg,1133.66,6098.2,2025-12-11,60,-267.0,Expired
2025-10-12,Milk,6.8,liter,114.95,778.72,2025-10-19,7,-320.0,Expired
2025-10-12,Fresh Cream,4.6,liter,231.11,1056.02,2025-10-22,10,-317.0,Expired
2025-10-12,Chicken,7.6,kg,394.47,3001.26,2025-10-17,5,-322.0,Expired
2025-10-12,Bread,5.0,pack,70.49,354.38,2025-10-16,4,-323.0,Expired
2025-10-12,Chocolate Syrup,8.4,bottle,293.31,2469.06,2026-01-10,90,-237.0,Expired
2025-10-12,Caramel Syrup,8.1,bottle,281.45,2278.7,2026-01-10,90,-237.0,Expired
2025-10-12,Strawberry,11.9,kg,359.83,4297.41,2025-10-17,5,-322.0,Expired
2025-10-12,Oreo,12.5,pack,194.15,2430.5,2026-04-10,180,-147.0,Expired
2025-10-12,Potatoes,13.8,kg,127.61,1764.2,2025-10-26,14,-313.0,Expired
2025-10-12,Noodles,12.7,pack,59.84,760.57,2026-10-12,365,38.0,Low Alert
2025-10-19,Coffee Beans,4.6,kg,1105.81,5062.88,2025-12-18,60,-260.0,Expired
2025-10-19,Milk,12.4,liter,120.56,1498.55,2025-10-26,7,-313.0,Expired
2025-10-19,Chicken,9.3,kg,384.82,3580.06,2025-10-24,5,-315.0,Expired
2025-10-19,Cheese,12.6,kg,622.33,7819.95,2025-11-09,21,-299.0,Expired
2025-10-19,Bread,14.6,pack,73.09,1064.69,2025-10-23,4,-316.0,Expired
2025-10-19,Chocolate Syrup,8.5,bottle,281.87,2385.04,2026-01-17,90,-230.0,Expired
2025-10-19,Matcha Powder,5.7,kg,1245.21,7130.16,2026-04-17,180,-140.0,Expired
2025-10-19,Oreo,8.6,pack,199.43,1705.4,2026-04-17,180,-140.0,Expired
2025-10-19,Noodles,5.6,pack,60.87,338.07,2026-10-19,365,45.0,Low Alert
2025-10-26,Chicken,9.3,kg,394.8,3673.81,2025-10-31,5,-308.0,Expired
2025-10-26,Cheese,7.3,kg,641.97,4715.07,2025-11-16,21,-292.0,Expired
2025-10-26,Bread,12.6,pack,72.74,914.3,2025-10-30,4,-309.0,Expired
2025-10-26,Chocolate Syrup,10.1,bottle,297.36,2992.91,2026-01-24,90,-223.0,Expired
2025-10-26,Caramel Syrup,8.1,bottle,292.67,2362.38,2026-01-24,90,-223.0,Expired
2025-10-26,Matcha Powder,8.9,kg,1237.46,11012.63,2026-04-24,180,-133.0,Expired
2025-10-26,Strawberry,12.1,kg,365.96,4430.03,2025-10-31,5,-308.0,Expired
2025-10-26,Oreo,14.9,pack,197.62,2948.9,2026-04-24,180,-133.0,Expired
2025-10-26,Noodles,9.2,pack,60.44,554.36,2026-10-26,365,52.0,Low Alert
2025-11-02,Coffee Beans,12.3,kg,1117.56,13786.16,2026-01-01,60,-246.0,Expired
2025-11-02,Milk,8.8,liter,119.21,1054.31,2025-11-09,7,-299.0,Expired
2025-11-02,Chicken,13.0,kg,387.79,5059.72,2025-11-07,5,-301.0,Expired
2025-11-02,Cheese,11.9,kg,623.04,7425.95,2025-11-23,21,-285.0,Expired
2025-11-02,Bread,6.8,pack,72.75,495.3,2025-11-06,4,-302.0,Expired
2025-11-02,Chocolate Syrup,8.6,bottle,292.35,2509.51,2026-01-31,90,-216.0,Expired
2025-11-02,Caramel Syrup,4.2,bottle,289.41,1216.0,2026-01-31,90,-216.0,Expired
2025-11-02,Matcha Powder,13.6,kg,1246.64,17000.29,2026-05-01,180,-126.0,Expired
2025-11-02,Oreo,11.5,pack,197.47,2271.2,2026-05-01,180,-126.0,Expired
2025-11-02,Potatoes,14.8,kg,128.67,1900.16,2025-11-16,14,-292.0,Expired
2025-11-02,Noodles,14.5,pack,59.08,854.14,2026-11-02,365,59.0,Low Alert
2025-11-09,Coffee Beans,6.5,kg,1111.99,7195.41,2026-01-08,60,-239.0,Expired
2025-11-09,Fresh Cream,9.1,liter,243.9,2215.73,2025-11-19,10,-289.0,Expired
2025-11-09,Chicken,11.9,kg,407.97,4835.69,2025-11-14,5,-294.0,Expired
2025-11-09,Cheese,16.0,kg,645.69,10325.67,2025-11-30,21,-278.0,Expired
2025-11-09,Bread,13.7,pack,73.46,1007.14,2025-11-13,4,-295.0,Expired
2025-11-09,Chocolate Syrup,4.5,bottle,285.85,1278.95,2026-02-07,90,-209.0,Expired
2025-11-09,Caramel Syrup,4.3,bottle,290.68,1259.55,2026-02-07,90,-209.0,Expired
2025-11-09,Matcha Powder,7.9,kg,1249.8,9832.26,2026-05-08,180,-119.0,Expired
2025-11-09,Noodles,7.1,pack,58.95,419.35,2026-11-09,365,66.0,Low Alert
2025-11-16,Coffee Beans,14.6,kg,1130.37,16483.88,2026-01-15,60,-232.0,Expired
2025-11-16,Milk,3.7,liter,115.95,432.5,2025-11-23,7,-285.0,Expired
2025-11-16,Fresh Cream,4.9,liter,231.43,1138.85,2025-11-26,10,-282.0,Expired
2025-11-16,Chicken,14.0,kg,406.4,5685.24,2025-11-21,5,-287.0,Expired
2025-11-16,Cheese,16.6,kg,619.84,10306.98,2025-12-07,21,-271.0,Expired
2025-11-16,Bread,8.6,pack,71.82,616.42,2025-11-20,4,-288.0,Expired
2025-11-16,Chocolate Syrup,6.5,bottle,291.06,1885.8,2026-02-14,90,-202.0,Expired
2025-11-16,Matcha Powder,13.6,kg,1271.16,17323.99,2026-05-15,180,-112.0,Expired
2025-11-16,Strawberry,9.4,kg,372.34,3489.27,2025-11-21,5,-287.0,Expired
2025-11-16,Oreo,9.4,pack,194.41,1829.24,2026-05-15,180,-112.0,Expired
2025-11-16,Potatoes,9.6,kg,124.65,1192.07,2025-11-30,14,-278.0,Expired
2025-11-16,Noodles,15.0,pack,57.97,870.91,2026-11-16,365,73.0,Low Alert
2025-11-23,Coffee Beans,12.5,kg,1103.91,13752.21,2026-01-22,60,-225.0,Expired
2025-11-23,Milk,8.5,liter,120.9,1026.31,2025-11-30,7,-278.0,Expired
2025-11-23,Fresh Cream,9.1,liter,239.16,2164.4,2025-12-03,10,-275.0,Expired
2025-11-23,Bread,12.6,pack,73.79,930.19,2025-11-27,4,-281.0,Expired
2025-11-23,Chocolate Syrup,11.0,bottle,286.44,3151.09,2026-02-21,90,-195.0,Expired
2025-11-23,Matcha Powder,10.8,kg,1274.57,13795.24,2026-05-22,180,-105.0,Expired
2025-11-23,Noodles,4.4,pack,59.04,260.24,2026-11-23,365,80.0,Low Alert
2025-11-30,Coffee Beans,9.1,kg,1108.77,10087.59,2026-01-29,60,-218.0,Expired
2025-11-30,Milk,9.2,liter,117.42,1080.36,2025-12-07,7,-271.0,Expired
2025-11-30,Fresh Cream,16.8,liter,238.52,4003.35,2025-12-10,10,-268.0,Expired
2025-11-30,Chicken,7.1,kg,402.27,2844.16,2025-12-05,5,-273.0,Expired
2025-11-30,Cheese,6.7,kg,628.39,4182.96,2025-12-21,21,-257.0,Expired
2025-11-30,Bread,7.2,pack,73.98,536.11,2025-12-04,4,-274.0,Expired
2025-11-30,Chocolate Syrup,8.7,bottle,300.09,2614.03,2026-02-28,90,-188.0,Expired
2025-11-30,Caramel Syrup,13.1,bottle,295.23,3863.66,2026-02-28,90,-188.0,Expired
2025-11-30,Matcha Powder,4.3,kg,1257.54,5448.32,2026-05-29,180,-98.0,Expired
2025-11-30,Strawberry,14.5,kg,379.95,5501.4,2025-12-05,5,-273.0,Expired
2025-11-30,Oreo,10.3,pack,197.56,2043.61,2026-05-29,180,-98.0,Expired
2025-11-30,Potatoes,5.1,kg,127.63,651.24,2025-12-14,14,-264.0,Expired
2025-12-07,Coffee Beans,8.0,kg,1122.34,9031.5,2026-02-05,60,-211.0,Expired
2025-12-07,Fresh Cream,15.0,liter,242.35,3644.26,2025-12-17,10,-261.0,Expired
2025-12-07,Chicken,9.2,kg,387.95,3566.17,2025-12-12,5,-266.0,Expired
2025-12-07,Cheese,13.0,kg,623.36,8085.95,2025-12-28,21,-250.0,Expired
2025-12-07,Matcha Powder,14.2,kg,1232.24,17502.78,2026-06-05,180,-91.0,Expired
2025-12-07,Oreo,14.1,pack,197.0,2782.79,2026-06-05,180,-91.0,Expired
2025-12-14,Coffee Beans,4.7,kg,1125.27,5233.36,2026-02-12,60,-204.0,Expired
2025-12-14,Fresh Cream,10.6,liter,234.05,2490.8,2025-12-24,10,-254.0,Expired
2025-12-14,Chocolate Syrup,15.9,bottle,292.92,4666.17,2026-03-14,90,-174.0,Expired
2025-12-14,Matcha Powder,7.8,kg,1276.95,9997.17,2026-06-12,180,-84.0,Expired
2025-12-14,Strawberry,13.6,kg,363.01,4923.33,2025-12-19,5,-259.0,Expired
2025-12-14,Oreo,4.9,pack,203.31,1005.63,2026-06-12,180,-84.0,Expired
2025-12-14,Potatoes,4.9,kg,123.05,601.01,2025-12-28,14,-250.0,Expired
2025-12-21,Coffee Beans,5.1,kg,1124.86,5790.51,2026-02-19,60,-197.0,Expired
2025-12-21,Milk,16.1,liter,120.13,1936.5,2025-12-28,7,-250.0,Expired
2025-12-21,Fresh Cream,14.5,liter,247.28,3580.16,2025-12-31,10,-247.0,Expired
2025-12-21,Bread,11.8,pack,71.35,839.51,2025-12-25,4,-253.0,Expired
2025-12-21,Chocolate Syrup,11.8,bottle,292.06,3457.7,2026-03-21,90,-167.0,Expired
2025-12-21,Strawberry,6.8,kg,383.89,2626.57,2025-12-26,5,-252.0,Expired
2025-12-21,Potatoes,10.0,kg,123.67,1237.98,2026-01-04,14,-243.0,Expired
2025-12-21,Noodles,6.1,pack,59.24,359.76,2026-12-21,365,108.0,Low Alert
2025-12-28,Coffee Beans,13.9,kg,1158.31,16146.71,2026-02-26,60,-190.0,Expired
2025-12-28,Milk,6.3,liter,120.22,760.91,2026-01-04,7,-243.0,Expired
2025-12-28,Fresh Cream,6.1,liter,238.18,1457.04,2026-01-07,10,-240.0,Expired
2025-12-28,Chicken,6.2,kg,407.28,2529.09,2026-01-02,5,-245.0,Expired
2025-12-28,Cheese,12.5,kg,635.89,7941.43,2026-01-18,21,-229.0,Expired
2025-12-28,Chocolate Syrup,14.1,bottle,292.07,4119.64,2026-03-28,90,-160.0,Expired
2025-12-28,Caramel Syrup,6.9,bottle,295.66,2038.53,2026-03-28,90,-160.0,Expired
2025-12-28,Matcha Powder,14.4,kg,1281.49,18494.59,2026-06-26,180,-70.0,Expired
2025-12-28,Strawberry,8.7,kg,380.27,3290.79,2026-01-02,5,-245.0,Expired
2025-12-28,Oreo,7.9,pack,202.53,1608.03,2026-06-26,180,-70.0,Expired
2025-12-28,Potatoes,4.7,kg,129.53,602.66,2026-01-11,14,-236.0,Expired
2025-12-28,Noodles,4.5,pack,60.88,275.67,2026-12-28,365,115.0,Low Alert
2026-01-04,Coffee Beans,8.7,kg,1126.59,9769.24,2026-03-05,60,-183.0,Expired
2026-01-04,Milk,5.6,liter,123.69,687.4,2026-01-11,7,-236.0,Expired
2026-01-04,Fresh Cream,14.2,liter,242.12,3428.19,2026-01-14,10,-233.0,Expired
2026-01-04,Cheese,7.2,kg,658.06,4708.84,2026-01-25,21,-222.0,Expired
2026-01-04,Bread,14.7,pack,73.67,1079.61,2026-01-08,4,-239.0,Expired
2026-01-04,Chocolate Syrup,6.4,bottle,299.35,1917.85,2026-04-04,90,-153.0,Expired
2026-01-04,Caramel Syrup,13.7,bottle,287.17,3934.71,2026-04-04,90,-153.0,Expired
2026-01-04,Matcha Powder,6.6,kg,1248.11,8237.2,2026-07-03,180,-63.0,Expired
2026-01-04,Strawberry,12.9,kg,374.02,4817.52,2026-01-09,5,-238.0,Expired
2026-01-11,Coffee Beans,15.9,kg,1128.47,17963.85,2026-03-12,60,-176.0,Expired
2026-01-11,Fresh Cream,15.1,liter,234.81,3544.04,2026-01-21,10,-226.0,Expired
2026-01-11,Chicken,7.0,kg,393.69,2769.22,2026-01-16,5,-231.0,Expired
2026-01-11,Cheese,14.7,kg,659.9,9711.53,2026-02-01,21,-215.0,Expired
2026-01-11,Bread,7.7,pack,71.89,555.47,2026-01-15,4,-232.0,Expired
2026-01-11,Chocolate Syrup,12.4,bottle,299.8,3708.67,2026-04-11,90,-146.0,Expired
2026-01-11,Caramel Syrup,13.2,bottle,291.98,3849.32,2026-04-11,90,-146.0,Expired
2026-01-11,Matcha Powder,6.1,kg,1260.41,7635.21,2026-07-10,180,-56.0,Expired
2026-01-11,Strawberry,12.5,kg,374.26,4676.26,2026-01-16,5,-231.0,Expired
2026-01-11,Oreo,11.6,pack,203.22,2365.1,2026-07-10,180,-56.0,Expired
2026-01-11,Noodles,13.1,pack,59.84,783.1,2027-01-11,365,129.0,Low Alert
2026-01-18,Coffee Beans,7.5,kg,1135.53,8535.24,2026-03-19,60,-169.0,Expired
2026-01-18,Milk,13.9,liter,122.83,1705.38,2026-01-25,7,-222.0,Expired
2026-01-18,Fresh Cream,7.5,liter,236.27,1766.29,2026-01-28,10,-219.0,Expired
2026-01-18,Chicken,12.5,kg,400.98,5021.01,2026-01-23,5,-224.0,Expired
2026-01-18,Cheese,6.2,kg,663.33,4094.51,2026-02-08,21,-208.0,Expired
2026-01-18,Bread,6.9,pack,72.52,503.55,2026-01-22,4,-225.0,Expired
2026-01-18,Chocolate Syrup,8.2,bottle,297.39,2427.81,2026-04-18,90,-139.0,Expired
2026-01-18,Matcha Powder,11.1,kg,1278.02,14217.1,2026-07-17,180,-49.0,Expired
2026-01-18,Strawberry,11.0,kg,373.99,4102.69,2026-01-23,5,-224.0,Expired
2026-01-18,Oreo,13.0,pack,199.46,2584.18,2026-07-17,180,-49.0,Expired
2026-01-18,Noodles,7.3,pack,60.17,442.22,2027-01-18,365,136.0,Low Alert
2026-01-25,Coffee Beans,7.6,kg,1147.33,8750.21,2026-03-26,60,-162.0,Expired
2026-01-25,Milk,8.8,liter,124.88,1096.68,2026-02-01,7,-215.0,Expired
2026-01-25,Fresh Cream,14.1,liter,237.1,3340.35,2026-02-04,10,-212.0,Expired
2026-01-25,Chicken,4.4,kg,414.2,1826.64,2026-01-30,5,-217.0,Expired
2026-01-25,Cheese,6.6,kg,640.73,4251.13,2026-02-15,21,-201.0,Expired
2026-01-25,Chocolate Syrup,15.0,bottle,290.79,4366.93,2026-04-25,90,-132.0,Expired
2026-01-25,Oreo,6.3,pack,197.91,1242.47,2026-07-24,180,-42.0,Expired
2026-01-25,Potatoes,10.8,kg,129.68,1406.98,2026-02-08,14,-208.0,Expired
2026-02-01,Milk,15.2,liter,121.2,1836.86,2026-02-08,7,-208.0,Expired
2026-02-01,Fresh Cream,10.9,liter,237.49,2589.2,2026-02-11,10,-205.0,Expired
2026-02-01,Cheese,9.5,kg,639.95,6053.85,2026-02-22,21,-194.0,Expired
2026-02-01,Bread,15.7,pack,75.21,1183.51,2026-02-05,4,-211.0,Expired
2026-02-01,Chocolate Syrup,11.7,bottle,288.42,3373.59,2026-05-02,90,-125.0,Expired
2026-02-01,Caramel Syrup,14.1,bottle,297.81,4187.12,2026-05-02,90,-125.0,Expired
2026-02-01,Oreo,6.7,pack,198.93,1333.2,2026-07-31,180,-35.0,Expired
2026-02-01,Potatoes,8.6,kg,124.46,1064.14,2026-02-15,14,-201.0,Expired
2026-02-01,Noodles,12.8,pack,60.99,781.63,2027-02-01,365,150.0,Low Alert
2026-02-02,Fresh Cream,8.4,liter,180.0,1512.0,2026-02-12,10,,
2026-02-02,Cheese,7.1,kg,380.0,2698.0,2026-02-23,21,,
2026-02-03,Matcha Powder,7.8,kg,950.0,7410.0,2026-08-02,180,,
2026-02-03,Chicken,9.1,kg,220.0,2002.0,2026-02-07,4,,
2026-02-04,Potatoes,11.8,kg,70.0,826.0,2026-02-18,14,,
2026-02-05,Bread,8.0,pack,75.0,600.0,2026-02-09,4,,
2026-02-06,Coffee Beans,10.0,kg,850.0,8500.0,2026-04-07,60,,
2026-02-06,Milk,6.9,liter,90.0,621.0,2026-02-13,7,,
2026-02-06,Caramel Syrup,4.5,liter,210.0,945.0,2026-05-07,90,,
2026-02-06,Oreo,7.0,pack,95.0,665.0,2026-06-06,120,,
2026-02-06,Noodles,15.0,pack,60.0,900.0,2026-03-08,30,,
2026-02-07,Chocolate Syrup,9.3,liter,220.0,2046.0,2026-05-08,90,,
2026-02-07,Strawberry,4.8,kg,180.0,864.0,2026-02-12,5,,
2026-02-08,Chicken,8.7,kg,220.0,1914.0,2026-02-12,4,,
2026-02-11,Oreo,9.0,pack,95.0,855.0,2026-06-11,120,,
2026-02-12,Milk,5.1,liter,90.0,459.0,2026-02-19,7,,
2026-02-12,Caramel Syrup,6.8,liter,210.0,1428.0,2026-05-13,90,,
2026-02-13,Coffee Beans,6.7,kg,850.0,5695.0,2026-04-14,60,,
2026-02-13,Chicken,9.1,kg,220.0,2002.0,2026-02-17,4,,
2026-02-14,Strawberry,10.6,kg,180.0,1908.0,2026-02-19,5,,
2026-02-16,Fresh Cream,9.5,liter,180.0,1710.0,2026-02-26,10,,
2026-02-16,Oreo,15.0,pack,95.0,1425.0,2026-06-16,120,,
2026-02-16,Cheese,7.8,kg,380.0,2964.0,2026-03-09,21,,
2026-02-17,Chocolate Syrup,5.5,liter,220.0,1210.0,2026-05-18,90,,
2026-02-17,Matcha Powder,5.1,kg,950.0,4845.0,2026-08-16,180,,
2026-02-18,Milk,9.7,liter,90.0,873.0,2026-02-25,7,,
2026-02-18,Caramel Syrup,11.5,liter,210.0,2415.0,2026-05-19,90,,
2026-02-18,Chicken,4.3,kg,220.0,946.0,2026-02-22,4,,
2026-02-18,Potatoes,5.6,kg,70.0,392.0,2026-03-04,14,,
2026-02-19,Bread,7.0,pack,75.0,525.0,2026-02-23,4,,
2026-02-20,Coffee Beans,11.1,kg,850.0,9435.0,2026-04-21,60,,
2026-02-20,Noodles,9.0,pack,60.0,540.0,2026-03-22,30,,
2026-02-21,Oreo,8.0,pack,95.0,760.0,2026-06-21,120,,
2026-02-21,Strawberry,8.1,kg,180.0,1458.0,2026-02-26,5,,
2026-02-23,Chicken,11.9,kg,220.0,2618.0,2026-02-27,4,,
2026-02-24,Milk,8.3,liter,90.0,747.0,2026-03-03,7,,
2026-02-24,Caramel Syrup,6.0,liter,210.0,1260.0,2026-05-25,90,,
2026-02-26,Oreo,14.0,pack,95.0,1330.0,2026-06-26,120,,
2026-02-27,Coffee Beans,5.5,kg,850.0,4675.0,2026-04-28,60,,
2026-02-27,Chocolate Syrup,6.9,liter,220.0,1518.0,2026-05-28,90,,
2026-02-28,Strawberry,10.2,kg,180.0,1836.0,2026-03-05,5,,
2026-02-28,Chicken,10.9,kg,220.0,2398.0,2026-03-04,4,,
2026-03-02,Milk,6.7,liter,90.0,603.0,2026-03-09,7,,
2026-03-02,Fresh Cream,5.0,liter,180.0,900.0,2026-03-12,10,,
2026-03-02,Caramel Syrup,6.9,liter,210.0,1449.0,2026-05-31,90,,
2026-03-02,Cheese,11.1,kg,380.0,4218.0,2026-03-23,21,,
2026-03-03,Oreo,15.0,pack,95.0,1425.0,2026-07-01,120,,
2026-03-03,Matcha Powder,7.5,kg,950.0,7125.0,2026-08-30,180,,
2026-03-04,Potatoes,11.7,kg,70.0,819.0,2026-03-18,14,,
2026-03-05,Chicken,6.7,kg,220.0,1474.0,2026-03-09,4,,
2026-03-05,Bread,6.0,pack,75.0,450.0,2026-03-09,4,,
2026-03-06,Coffee Beans,8.0,kg,850.0,6800.0,2026-05-05,60,,
2026-03-06,Noodles,11.0,pack,60.0,660.0,2026-04-05,30,,
2026-03-07,Strawberry,6.9,kg,180.0,1242.0,2026-03-12,5,,
2026-03-08,Milk,10.4,liter,90.0,936.0,2026-03-15,7,,
2026-03-08,Caramel Syrup,6.1,liter,210.0,1281.0,2026-06-06,90,,
2026-03-08,Oreo,5.0,pack,95.0,475.0,2026-07-06,120,,
2026-03-09,Chocolate Syrup,9.8,liter,220.0,2156.0,2026-06-07,90,,
2026-03-10,Chicken,4.6,kg,220.0,1012.0,2026-03-14,4,,
2026-03-13,Coffee Beans,8.8,kg,850.0,7480.0,2026-05-12,60,,
2026-03-13,Oreo,6.0,pack,95.0,570.0,2026-07-11,120,,
2026-03-14,Milk,8.4,liter,90.0,756.0,2026-03-21,7,,
2026-03-14,Caramel Syrup,6.6,liter,210.0,1386.0,2026-06-12,90,,
2026-03-14,Strawberry,4.6,kg,180.0,828.0,2026-03-19,5,,
2026-03-15,Chicken,9.3,kg,220.0,2046.0,2026-03-19,4,,
2026-03-16,Fresh Cream,6.5,liter,180.0,1170.0,2026-03-26,10,,
2026-03-16,Cheese,8.8,kg,380.0,3344.0,2026-04-06,21,,
2026-03-17,Matcha Powder,7.4,kg,950.0,7030.0,2026-09-13,180,,
2026-03-18,Oreo,15.0,pack,95.0,1425.0,2026-07-16,120,,
2026-03-18,Potatoes,7.6,kg,70.0,532.0,2026-04-01,14,,
2026-03-19,Chocolate Syrup,7.6,liter,220.0,1672.0,2026-06-17,90,,
2026-03-19,Bread,15.0,pack,75.0,1125.0,2026-03-23,4,,
2026-03-20,Coffee Beans,11.0,kg,850.0,9350.0,2026-05-19,60,,
2026-03-20,Milk,6.8,liter,90.0,612.0,2026-03-27,7,,
2026-03-20,Caramel Syrup,12.0,liter,210.0,2520.0,2026-06-18,90,,
2026-03-20,Chicken,6.2,kg,220.0,1364.0,2026-03-24,4,,
2026-03-20,Noodles,4.0,pack,60.0,240.0,2026-04-19,30,,
2026-03-21,Strawberry,4.6,kg,180.0,828.0,2026-03-26,5,,
2026-03-23,Oreo,14.0,pack,95.0,1330.0,2026-07-21,120,,
2026-03-25,Chicken,7.2,kg,220.0,1584.0,2026-03-29,4,,
2026-03-26,Milk,8.1,liter,90.0,729.0,2026-04-02,7,,
2026-03-26,Caramel Syrup,10.0,liter,210.0,2100.0,2026-06-24,90,,
2026-03-27,Coffee Beans,5.3,kg,850.0,4505.0,2026-05-26,60,,
2026-03-28,Oreo,4.0,pack,95.0,380.0,2026-07-26,120,,
2026-03-28,Strawberry,5.1,kg,180.0,918.0,2026-04-02,5,,
2026-03-29,Chocolate Syrup,8.9,liter,220.0,1958.0,2026-06-27,90,,
2026-03-30,Fresh Cream,10.3,liter,180.0,1854.0,2026-04-09,10,,
2026-03-30,Chicken,4.3,kg,220.0,946.0,2026-04-03,4,,
2026-03-30,Cheese,4.5,kg,380.0,1710.0,2026-04-20,21,,
2026-03-31,Matcha Powder,10.2,kg,950.0,9690.0,2026-09-27,180,,
2026-04-01,Milk,6.9,liter,90.0,621.0,2026-04-08,7,,
2026-04-01,Caramel Syrup,7.1,liter,210.0,1491.0,2026-06-30,90,,
2026-04-01,Potatoes,8.5,kg,70.0,595.0,2026-04-15,14,,
2026-04-02,Oreo,13.0,pack,95.0,1235.0,2026-07-31,120,,
2026-04-02,Bread,6.0,pack,75.0,450.0,2026-04-06,4,,
2026-04-03,Coffee Beans,9.4,kg,850.0,7990.0,2026-06-02,60,,
2026-04-03,Noodles,9.0,pack,60.0,540.0,2026-05-03,30,,
2026-04-04,Strawberry,7.0,kg,180.0,1260.0,2026-04-09,5,,
2026-04-04,Chicken,10.1,kg,220.0,2222.0,2026-04-08,4,,
2026-04-07,Milk,8.6,liter,90.0,774.0,2026-04-14,7,,
2026-04-07,Caramel Syrup,8.2,liter,210.0,1722.0,2026-07-06,90,,
2026-04-07,Oreo,10.0,pack,95.0,950.0,2026-08-05,120,,
2026-04-08,Chocolate Syrup,6.5,liter,220.0,1430.0,2026-07-07,90,,
2026-04-09,Chicken,6.2,kg,220.0,1364.0,2026-04-13,4,,
2026-04-10,Coffee Beans,11.7,kg,850.0,9945.0,2026-06-09,60,,
2026-04-11,Strawberry,4.2,kg,180.0,756.0,2026-04-16,5,,
2026-04-12,Oreo,6.0,pack,95.0,570.0,2026-08-10,120,,
2026-04-13,Milk,8.0,liter,90.0,720.0,2026-04-20,7,,
2026-04-13,Fresh Cream,7.1,liter,180.0,1278.0,2026-04-23,10,,
2026-04-13,Caramel Syrup,8.5,liter,210.0,1785.0,2026-07-12,90,,
2026-04-13,Cheese,6.1,kg,380.0,2318.0,2026-05-04,21,,
2026-04-14,Matcha Powder,6.1,kg,950.0,5795.0,2026-10-11,180,,
2026-04-14,Chicken,7.6,kg,220.0,1672.0,2026-04-18,4,,
2026-04-15,Potatoes,12.0,kg,70.0,840.0,2026-04-29,14,,
2026-04-16,Bread,8.0,pack,75.0,600.0,2026-04-20,4,,
2026-04-17,Coffee Beans,9.6,kg,850.0,8160.0,2026-06-16,60,,
2026-04-17,Oreo,11.0,pack,95.0,1045.0,2026-08-15,120,,
2026-04-17,Noodles,7.0,pack,60.0,420.0,2026-05-17,30,,
2026-04-18,Chocolate Syrup,5.0,liter,220.0,1100.0,2026-07-17,90,,
2026-04-18,Strawberry,10.8,kg,180.0,1944.0,2026-04-23,5,,
2026-04-19,Milk,7.6,liter,90.0,684.0,2026-04-26,7,,
2026-04-19,Caramel Syrup,11.2,liter,210.0,2352.0,2026-07-18,90,,
2026-04-19,Chicken,7.6,kg,220.0,1672.0,2026-04-23,4,,
2026-04-22,Oreo,5.0,pack,95.0,475.0,2026-08-20,120,,
2026-04-24,Coffee Beans,10.5,kg,850.0,8925.0,2026-06-23,60,,
2026-04-24,Chicken,11.7,kg,220.0,2574.0,2026-04-28,4,,
2026-04-25,Milk,11.9,liter,90.0,1071.0,2026-05-02,7,,
2026-04-25,Caramel Syrup,9.3,liter,210.0,1953.0,2026-07-24,90,,
2026-04-25,Strawberry,9.7,kg,180.0,1746.0,2026-04-30,5,,
2026-04-27,Fresh Cream,8.4,liter,180.0,1512.0,2026-05-07,10,,
2026-04-27,Oreo,8.0,pack,95.0,760.0,2026-08-25,120,,
2026-04-27,Cheese,11.1,kg,380.0,4218.0,2026-05-18,21,,
2026-04-28,Chocolate Syrup,10.8,liter,220.0,2376.0,2026-07-27,90,,
2026-04-28,Matcha Powder,9.7,kg,950.0,9215.0,2026-10-25,180,,
2026-04-29,Chicken,11.4,kg,220.0,2508.0,2026-05-03,4,,
2026-04-29,Potatoes,9.1,kg,70.0,637.0,2026-05-13,14,,
2026-04-30,Bread,9.0,pack,75.0,675.0,2026-05-04,4,,
2026-05-01,Coffee Beans,8.1,kg,850.0,6885.0,2026-06-30,60,,
2026-05-01,Milk,5.0,liter,90.0,450.0,2026-05-08,7,,
2026-05-01,Caramel Syrup,5.6,liter,210.0,1176.0,2026-07-30,90,,
2026-05-01,Noodles,6.0,pack,60.0,360.0,2026-05-31,30,,
2026-05-02,Oreo,7.0,pack,95.0,665.0,2026-08-30,120,,
2026-05-02,Strawberry,10.3,kg,180.0,1854.0,2026-05-07,5,,
2026-05-04,Chicken,4.2,kg,220.0,924.0,2026-05-08,4,,
2026-05-07,Milk,8.4,liter,90.0,756.0,2026-05-14,7,,
2026-05-07,Caramel Syrup,7.0,liter,210.0,1470.0,2026-08-05,90,,
2026-05-07,Oreo,12.0,pack,95.0,1140.0,2026-09-04,120,,
2026-05-08,Coffee Beans,5.0,kg,850.0,4250.0,2026-07-07,60,,
2026-05-08,Chocolate Syrup,11.1,liter,220.0,2442.0,2026-08-06,90,,
2026-05-09,Strawberry,4.5,kg,180.0,810.0,2026-05-14,5,,
2026-05-09,Chicken,7.2,kg,220.0,1584.0,2026-05-13,4,,
2026-05-11,Fresh Cream,9.7,liter,180.0,1746.0,2026-05-21,10,,
2026-05-11,Cheese,7.8,kg,380.0,2964.0,2026-06-01,21,,
2026-05-12,Oreo,10.0,pack,95.0,950.0,2026-09-09,120,,
2026-05-12,Matcha Powder,10.2,kg,950.0,9690.0,2026-11-08,180,,
2026-05-13,Milk,10.6,liter,90.0,954.0,2026-05-20,7,,
2026-05-13,Caramel Syrup,4.6,liter,210.0,966.0,2026-08-11,90,,
2026-05-13,Potatoes,11.8,kg,70.0,826.0,2026-05-27,14,,
2026-05-14,Chicken,9.1,kg,220.0,2002.0,2026-05-18,4,,
2026-05-14,Bread,11.0,pack,75.0,825.0,2026-05-18,4,,
2026-05-15,Coffee Beans,7.7,kg,850.0,6545.0,2026-07-14,60,,
2026-05-15,Noodles,12.0,pack,60.0,720.0,2026-06-14,30,,
2026-05-16,Strawberry,6.8,kg,180.0,1224.0,2026-05-21,5,,
2026-05-17,Oreo,12.0,pack,95.0,1140.0,2026-09-14,120,,
2026-05-18,Chocolate Syrup,9.1,liter,220.0,2002.0,2026-08-16,90,,
2026-05-19,Milk,5.5,liter,90.0,495.0,2026-05-26,7,,
2026-05-19,Caramel Syrup,11.7,liter,210.0,2457.0,2026-08-17,90,,
2026-05-19,Chicken,7.5,kg,220.0,1650.0,2026-05-23,4,,
2026-05-22,Coffee Beans,11.3,kg,850.0,9605.0,2026-07-21,60,,
2026-05-22,Oreo,4.0,pack,95.0,380.0,2026-09-19,120,,
2026-05-23,Strawberry,10.7,kg,180.0,1926.0,2026-05-28,5,,
2026-05-24,Chicken,8.1,kg,220.0,1782.0,2026-05-28,4,,
2026-05-25,Milk,6.4,liter,90.0,576.0,2026-06-01,7,,
2026-05-25,Fresh Cream,5.3,liter,180.0,954.0,2026-06-04,10,,
2026-05-25,Caramel Syrup,11.5,liter,210.0,2415.0,2026-08-23,90,,
2026-05-25,Cheese,5.8,kg,380.0,2204.0,2026-06-15,21,,
2026-05-26,Matcha Powder,11.6,kg,950.0,11020.0,2026-11-22,180,,
2026-05-27,Oreo,12.0,pack,95.0,1140.0,2026-09-24,120,,
2026-05-27,Potatoes,11.2,kg,70.0,784.0,2026-06-10,14,,
2026-05-28,Chocolate Syrup,10.8,liter,220.0,2376.0,2026-08-26,90,,
2026-05-28,Bread,8.0,pack,75.0,600.0,2026-06-01,4,,
2026-05-29,Coffee Beans,5.6,kg,850.0,4760.0,2026-07-28,60,,
2026-05-29,Chicken,11.7,kg,220.0,2574.0,2026-06-02,4,,
2026-05-29,Noodles,8.0,pack,60.0,480.0,2026-06-28,30,,
2026-05-30,Strawberry,5.0,kg,180.0,900.0,2026-06-04,5,,
2026-05-31,Milk,6.4,liter,90.0,576.0,2026-06-07,7,,
2026-05-31,Caramel Syrup,8.3,liter,210.0,1743.0,2026-08-29,90,,
2026-06-01,Oreo,12.0,pack,95.0,1140.0,2026-09-29,120,,
2026-06-03,Chicken,9.1,kg,220.0,2002.0,2026-06-07,4,,
2026-06-05,Coffee Beans,8.7,kg,850.0,7395.0,2026-08-04,60,,
2026-06-06,Milk,8.6,liter,90.0,774.0,2026-06-13,7,,
2026-06-06,Caramel Syrup,5.4,liter,210.0,1134.0,2026-09-04,90,,
2026-06-06,Oreo,13.0,pack,95.0,1235.0,2026-10-04,120,,
2026-06-06,Strawberry,9.8,kg,180.0,1764.0,2026-06-11,5,,
2026-06-07,Chocolate Syrup,8.8,liter,220.0,1936.0,2026-09-05,90,,
2026-06-08,Fresh Cream,10.7,liter,180.0,1926.0,2026-06-18,10,,
2026-06-08,Chicken,8.5,kg,220.0,1870.0,2026-06-12,4,,
2026-06-08,Cheese,10.6,kg,380.0,4028.0,2026-06-29,21,,
2026-06-09,Matcha Powder,4.2,kg,950.0,3990.0,2026-12-06,180,,
2026-06-10,Potatoes,4.4,kg,70.0,308.0,2026-06-24,14,,
2026-06-11,Oreo,14.0,pack,95.0,1330.0,2026-10-09,120,,
2026-06-11,Bread,13.0,pack,75.0,975.0,2026-06-15,4,,
2026-06-12,Coffee Beans,6.1,kg,850.0,5185.0,2026-08-11,60,,
2026-06-12,Milk,5.7,liter,90.0,513.0,2026-06-19,7,,
2026-06-12,Caramel Syrup,8.6,liter,210.0,1806.0,2026-09-10,90,,
2026-06-12,Noodles,13.0,pack,60.0,780.0,2026-07-12,30,,
2026-06-13,Strawberry,9.1,kg,180.0,1638.0,2026-06-18,5,,
2026-06-13,Chicken,8.0,kg,220.0,1760.0,2026-06-17,4,,
2026-06-16,Oreo,14.0,pack,95.0,1330.0,2026-10-14,120,,
2026-06-17,Chocolate Syrup,8.4,liter,220.0,1848.0,2026-09-15,90,,
2026-06-18,Milk,9.1,liter,90.0,819.0,2026-06-25,7,,
2026-06-18,Caramel Syrup,6.4,liter,210.0,1344.0,2026-09-16,90,,
2026-06-18,Chicken,6.0,kg,220.0,1320.0,2026-06-22,4,,
2026-06-19,Coffee Beans,10.5,kg,850.0,8925.0,2026-08-18,60,,
2026-06-20,Strawberry,7.2,kg,180.0,1296.0,2026-06-25,5,,
2026-06-21,Oreo,11.0,pack,95.0,1045.0,2026-10-19,120,,
2026-06-22,Fresh Cream,4.6,liter,180.0,828.0,2026-07-02,10,,
2026-06-22,Cheese,4.5,kg,380.0,1710.0,2026-07-13,21,,
2026-06-23,Matcha Powder,7.5,kg,950.0,7125.0,2026-12-20,180,,
2026-06-23,Chicken,7.9,kg,220.0,1738.0,2026-06-27,4,,
2026-06-24,Milk,5.6,liter,90.0,504.0,2026-07-01,7,,
2026-06-24,Caramel Syrup,8.9,liter,210.0,1869.0,2026-09-22,90,,
2026-06-24,Potatoes,6.5,kg,70.0,455.0,2026-07-08,14,,
2026-06-25,Bread,15.0,pack,75.0,1125.0,2026-06-29,4,,
2026-06-26,Coffee Beans,6.6,kg,850.0,5610.0,2026-08-25,60,,
2026-06-26,Oreo,9.0,pack,95.0,855.0,2026-10-24,120,,
2026-06-26,Noodles,10.0,pack,60.0,600.0,2026-07-26,30,,
2026-06-27,Chocolate Syrup,5.0,liter,220.0,1100.0,2026-09-25,90,,
2026-06-27,Strawberry,7.0,kg,180.0,1260.0,2026-07-02,5,,
2026-06-28,Chicken,8.5,kg,220.0,1870.0,2026-07-02,4,,
2026-06-30,Milk,6.6,liter,90.0,594.0,2026-07-07,7,,
2026-06-30,Caramel Syrup,7.7,liter,210.0,1617.0,2026-09-28,90,,
2026-07-01,Oreo,8.0,pack,95.0,760.0,2026-10-29,120,,
2026-07-03,Coffee Beans,7.6,kg,850.0,6460.0,2026-09-01,60,,
2026-07-03,Chicken,5.1,kg,220.0,1122.0,2026-07-07,4,,
2026-07-04,Strawberry,4.4,kg,180.0,792.0,2026-07-09,5,,
2026-07-06,Milk,11.6,liter,90.0,1044.0,2026-07-13,7,,
2026-07-06,Fresh Cream,10.9,liter,180.0,1962.0,2026-07-16,10,,
2026-07-06,Caramel Syrup,7.3,liter,210.0,1533.0,2026-10-04,90,,
2026-07-06,Oreo,6.0,pack,95.0,570.0,2026-11-03,120,,
2026-07-06,Cheese,10.5,kg,380.0,3990.0,2026-07-27,21,,
2026-07-07,Chocolate Syrup,11.5,liter,220.0,2530.0,2026-10-05,90,,
2026-07-07,Matcha Powder,9.8,kg,950.0,9310.0,2027-01-03,180,,
2026-07-08,Chicken,5.5,kg,220.0,1210.0,2026-07-12,4,,
2026-07-08,Potatoes,5.3,kg,70.0,371.0,2026-07-22,14,,
2026-07-09,Bread,12.0,pack,75.0,900.0,2026-07-13,4,,
2026-07-10,Coffee Beans,7.7,kg,850.0,6545.0,2026-09-08,60,,
2026-07-10,Noodles,8.0,pack,60.0,480.0,2026-08-09,30,,
2026-07-11,Oreo,11.0,pack,95.0,1045.0,2026-11-08,120,,
2026-07-11,Strawberry,4.2,kg,180.0,756.0,2026-07-16,5,,
2026-07-12,Milk,11.6,liter,90.0,1044.0,2026-07-19,7,,
2026-07-12,Caramel Syrup,8.0,liter,210.0,1680.0,2026-10-10,90,,
2026-07-13,Chicken,11.7,kg,220.0,2574.0,2026-07-17,4,,
2026-07-16,Oreo,7.0,pack,95.0,665.0,2026-11-13,120,,
2026-07-17,Coffee Beans,8.7,kg,850.0,7395.0,2026-09-15,60,,
2026-07-17,Chocolate Syrup,4.4,liter,220.0,968.0,2026-10-15,90,,
2026-07-18,Milk,6.3,liter,90.0,567.0,2026-07-25,7,,
2026-07-18,Caramel Syrup,8.8,liter,210.0,1848.0,2026-10-16,90,,
2026-07-18,Strawberry,10.7,kg,180.0,1926.0,2026-07-23,5,,
2026-07-18,Chicken,9.4,kg,220.0,2068.0,2026-07-22,4,,
2026-07-20,Fresh Cream,6.3,liter,180.0,1134.0,2026-07-30,10,,
2026-07-20,Cheese,4.1,kg,380.0,1558.0,2026-08-10,21,,
2026-07-21,Oreo,5.0,pack,95.0,475.0,2026-11-18,120,,
2026-07-21,Matcha Powder,7.4,kg,950.0,7030.0,2027-01-17,180,,
2026-07-22,Potatoes,11.1,kg,70.0,777.0,2026-08-05,14,,
2026-07-23,Chicken,9.8,kg,220.0,2156.0,2026-07-27,4,,
2026-07-23,Bread,10.0,pack,75.0,750.0,2026-07-27,4,,
2026-07-24,Coffee Beans,6.9,kg,850.0,5865.0,2026-09-22,60,,
2026-07-24,Milk,7.2,liter,90.0,648.0,2026-07-31,7,,
2026-07-24,Caramel Syrup,8.6,liter,210.0,1806.0,2026-10-22,90,,
2026-07-24,Noodles,7.0,pack,60.0,420.0,2026-08-23,30,,
2026-07-25,Strawberry,6.9,kg,180.0,1242.0,2026-07-30,5,,
2026-07-26,Oreo,8.0,pack,95.0,760.0,2026-11-23,120,,
2026-07-27,Chocolate Syrup,4.6,liter,220.0,1012.0,2026-10-25,90,,
2026-07-28,Chicken,8.0,kg,220.0,1760.0,2026-08-01,4,,
2026-07-30,Milk,10.1,liter,90.0,909.0,2026-08-06,7,,
2026-07-30,Caramel Syrup,6.2,liter,210.0,1302.0,2026-10-28,90,,
2026-07-31,Coffee Beans,11.9,kg,850.0,10115.0,2026-09-29,60,,
2026-07-31,Oreo,14.0,pack,95.0,1330.0,2026-11-28,120,,
2026-08-01,Strawberry,8.9,kg,180.0,1602.0,2026-08-06,5,,
2026-08-02,Chicken,5.0,kg,220.0,1100.0,2026-08-06,4,,
2026-08-03,Fresh Cream,4.8,liter,180.0,864.0,2026-08-13,10,,
2026-08-03,Cheese,7.0,kg,380.0,2660.0,2026-08-24,21,,
2026-08-04,Matcha Powder,11.9,kg,950.0,11305.0,2027-01-31,180,,
2026-08-05,Milk,8.5,liter,90.0,765.0,2026-08-12,7,,
2026-08-05,Caramel Syrup,6.9,liter,210.0,1449.0,2026-11-03,90,,
2026-08-05,Oreo,6.0,pack,95.0,570.0,2026-12-03,120,,
2026-08-05,Potatoes,5.6,kg,70.0,392.0,2026-08-19,14,,
2026-08-06,Chocolate Syrup,8.1,liter,220.0,1782.0,2026-11-04,90,,
2026-08-06,Bread,12.0,pack,75.0,900.0,2026-08-10,4,,
2026-08-07,Coffee Beans,4.3,kg,850.0,3655.0,2026-10-06,60,,
2026-08-07,Chicken,4.3,kg,220.0,946.0,2026-08-11,4,,
2026-08-07,Noodles,15.0,pack,60.0,900.0,2026-09-06,30,,
2026-08-08,Strawberry,6.7,kg,180.0,1206.0,2026-08-13,5,,
2026-08-10,Oreo,11.0,pack,95.0,1045.0,2026-12-08,120,,
2026-08-11,Milk,8.2,liter,90.0,738.0,2026-08-18,7,,
2026-08-11,Caramel Syrup,5.2,liter,210.0,1092.0,2026-11-09,90,,
2026-08-12,Chicken,11.1,kg,220.0,2442.0,2026-08-16,4,,
2026-08-14,Coffee Beans,5.1,kg,850.0,4335.0,2026-10-13,60,,
2026-08-15,Oreo,13.0,pack,95.0,1235.0,2026-12-13,120,,
2026-08-15,Strawberry,6.5,kg,180.0,1170.0,2026-08-20,5,,
2026-08-16,Chocolate Syrup,7.1,liter,220.0,1562.0,2026-11-14,90,,
2026-08-17,Milk,8.9,liter,90.0,801.0,2026-08-24,7,,
2026-08-17,Fresh Cream,10.7,liter,180.0,1926.0,2026-08-27,10,,
2026-08-17,Caramel Syrup,8.7,liter,210.0,1827.0,2026-11-15,90,,
2026-08-17,Chicken,8.1,kg,220.0,1782.0,2026-08-21,4,,
2026-08-17,Cheese,8.1,kg,380.0,3078.0,2026-09-07,21,,
2026-08-18,Matcha Powder,7.9,kg,950.0,7505.0,2027-02-14,180,,
2026-08-19,Potatoes,8.5,kg,70.0,595.0,2026-09-02,14,,
2026-08-20,Oreo,11.0,pack,95.0,1045.0,2026-12-18,120,,
2026-08-20,Bread,4.0,pack,75.0,300.0,2026-08-24,4,,
2026-08-21,Coffee Beans,6.9,kg,850.0,5865.0,2026-10-20,60,,
2026-08-21,Noodles,14.0,pack,60.0,840.0,2026-09-20,30,,
2026-08-22,Strawberry,4.9,kg,180.0,882.0,2026-08-27,5,,
2026-08-22,Chicken,7.3,kg,220.0,1606.0,2026-08-26,4,,
2026-08-23,Milk,6.5,liter,90.0,585.0,2026-08-30,7,,
2026-08-23,Caramel Syrup,11.2,liter,210.0,2352.0,2026-11-21,90,,
2026-08-25,Oreo,15.0,pack,95.0,1425.0,2026-12-23,120,,
2026-08-26,Chocolate Syrup,9.0,liter,220.0,1980.0,2026-11-24,90,,
2026-08-27,Chicken,8.8,kg,220.0,1936.0,2026-08-31,4,,
2026-08-28,Coffee Beans,6.1,kg,850.0,5185.0,2026-10-27,60,,
2026-08-29,Milk,9.2,liter,90.0,828.0,2026-09-05,7,,
2026-08-29,Caramel Syrup,11.8,liter,210.0,2478.0,2026-11-27,90,,
2026-08-29,Strawberry,8.6,kg,180.0,1548.0,2026-09-03,5,,
2026-08-30,Oreo,7.0,pack,95.0,665.0,2026-12-28,120,,
2026-08-31,Fresh Cream,9.8,liter,180.0,1764.0,2026-09-10,10,,
2026-08-31,Cheese,8.7,kg,380.0,3306.0,2026-09-21,21,,
2026-09-01,Matcha Powder,5.4,kg,950.0,5130.0,2027-02-28,180,,
2026-09-01,Chicken,9.0,kg,220.0,1980.0,2026-09-05,4,,
2026-09-02,Potatoes,9.0,kg,70.0,630.0,2026-09-16,14,,
2026-09-03,Bread,10.0,pack,75.0,750.0,2026-09-07,4,,
2026-09-04,Coffee Beans,5.2,kg,850.0,4420.0,2026-11-03,60,,
2026-09-04,Milk,9.4,liter,90.0,846.0,2026-09-11,7,,
2026-09-04,Caramel Syrup,4.3,liter,210.0,903.0,2026-12-03,90,,
2026-09-04,Oreo,15.0,pack,95.0,1425.0,2027-01-02,120,,
2026-09-04,Noodles,5.0,pack,60.0,300.0,2026-10-04,30,,
